x,y,label
10.684632301330566,5.6990437507629395,47
10.3974027633667,8.18247127532959,60
0.7856966257095337,6.090266227722168,92
7.694746494293213,4.258176326751709,43
4.725341320037842,11.669327735900879,9
11.961986541748047,10.261170387268066,68
0.38951462507247925,7.8694233894348145,53
4.526693820953369,12.807510375976562,84
9.140981674194336,8.435736656188965,49
4.097365856170654,11.081978797912598,28
-0.25336894392967224,7.1686553955078125,57
9.141647338867188,8.32767391204834,59
3.4777376651763916,8.79019546508789,11
5.170761585235596,9.702911376953125,61
4.886489391326904,9.694775581359863,61
5.525728225708008,5.654392242431641,64
2.03646183013916,6.772037982940674,35
4.073636531829834,7.454439163208008,26
10.260672569274902,4.594255447387695,56
5.686237812042236,6.371101379394531,27
4.540218830108643,12.820301055908203,84
5.613620758056641,12.831438064575195,5
11.079550743103027,4.983438014984131,59
4.269547939300537,7.235754489898682,38
2.9502766132354736,6.084017276763916,29
6.785516738891602,5.629976749420166,42
10.923460006713867,5.859416484832764,47
5.335941314697266,5.163609027862549,74
4.847972393035889,3.5541114807128906,27
9.656712532043457,9.957232475280762,12
7.40461540222168,8.356599807739258,30
5.3560380935668945,10.28317928314209,22
5.742887020111084,12.0113525390625,37
5.4100165367126465,11.868565559387207,65
6.913727760314941,7.305642127990723,95
3.0520949363708496,9.609456062316895,32
6.026414394378662,5.522573947906494,3
5.308544635772705,5.379676342010498,75
5.523262977600098,7.113122463226318,27
2.8181216716766357,9.06135368347168,35
5.468256950378418,12.866874694824219,5
9.332829475402832,10.388252258300781,37
5.055372714996338,4.561817169189453,63
6.246356964111328,7.3207502365112305,84
3.0125412940979004,6.279277324676514,6
8.837504386901855,12.317564010620117,58
6.054488182067871,11.127665519714355,86
8.897538185119629,10.003178596496582,37
6.464474201202393,5.9671149253845215,55
4.497256755828857,13.033120155334473,20
-0.059697624295949936,7.20374059677124,0
9.336709022521973,10.537487983703613,90
10.363961219787598,9.987239837646484,17
4.838614463806152,4.69321870803833,51
5.082025051116943,4.7288289070129395,63
5.291513919830322,8.677659034729004,99
10.164042472839355,4.649849891662598,56
5.3720197677612305,9.565444946289062,61
3.8127083778381348,2.7167904376983643,75
6.385950088500977,12.615227699279785,86
3.1376380920410156,9.345211029052734,11
7.471249103546143,5.994961738586426,15
11.05239486694336,4.772088527679443,59
4.663871765136719,4.626004695892334,64
4.769855499267578,11.591500282287598,9
5.575496673583984,5.635648727416992,93
6.571678638458252,7.39155387878418,55
9.418208122253418,5.774715423583984,33
6.083062171936035,5.933243274688721,55
3.0794119834899902,6.242334842681885,79
8.810789108276367,9.213406562805176,72
2.760326862335205,9.046374320983887,35
4.833932876586914,3.4986424446105957,42
6.910545825958252,7.677696704864502,73
5.825964450836182,6.812478065490723,65
6.78856086730957,3.9334278106689453,34
3.2052762508392334,7.257857799530029,7
5.186512470245361,9.472668647766113,61
1.8567932844161987,11.746759414672852,48
4.987002849578857,9.739901542663574,61
5.8552937507629395,12.30759048461914,87
4.064496994018555,7.6588287353515625,45
6.623620986938477,7.456155300140381,73
1.2495293617248535,7.3686652183532715,20
10.166266441345215,9.99574089050293,17
5.508575916290283,12.427949905395508,39
6.373231887817383,6.912025451660156,29
9.356583595275879,10.964205741882324,13
6.685359001159668,8.284489631652832,67
6.393566608428955,8.071977615356445,67
-0.8850350975990295,7.263176441192627,0
8.85367202758789,12.312665939331055,58
4.415882110595703,6.510175704956055,43
4.8368239402771,5.822261810302734,6
3.0634593963623047,9.076409339904785,98
10.22083568572998,4.640845775604248,56
6.250796794891357,4.1688714027404785,97
4.798130512237549,10.398070335388184,10
10.192246437072754,4.653018951416016,56
9.725333213806152,9.666214942932129,12
5.20081090927124,7.89247465133667,44
5.419177532196045,4.75144100189209,63
1.5992043018341064,7.675767421722412,40
4.12432336807251,6.913532733917236,45
5.011941432952881,10.958501815795898,28
2.673492193222046,8.789688110351562,2
4.037771701812744,9.077120780944824,21
8.8455228805542,12.324761390686035,58
9.489224433898926,11.266339302062988,81
3.303504228591919,5.981026649475098,77
3.0229411125183105,11.533831596374512,8
6.859919548034668,7.619198322296143,64
5.563948154449463,5.7957611083984375,66
6.47065544128418,11.983652114868164,87
3.734816789627075,4.188566207885742,36
7.076419830322266,5.377432346343994,31
2.916344165802002,7.316788673400879,24
9.172967910766602,8.39720344543457,49
9.932784080505371,5.762639045715332,33
6.8157572746276855,4.055324077606201,34
5.997152805328369,6.520214080810547,65
11.109457015991211,5.2284321784973145,52
2.938079357147217,7.37152624130249,24
3.6692984104156494,5.868365287780762,80
12.225829124450684,9.943017959594727,68
6.291765213012695,10.822675704956055,86
9.45219898223877,10.786285400390625,12
12.090873718261719,10.049266815185547,68
10.972892761230469,8.097121238708496,60
8.721118927001953,8.797362327575684,24
10.319622039794922,8.370627403259277,71
4.210107326507568,10.421053886413574,28
-0.5156676769256592,7.915579795837402,57
11.07963752746582,4.823040008544922,59
6.359294414520264,2.3870153427124023,21
4.560831069946289,6.302124977111816,7
3.157285690307617,9.341256141662598,46
5.4385199546813965,8.463960647583008,91
0.7879835963249207,6.433130264282227,92
4.471056938171387,12.829729080200195,20
3.525705337524414,8.7641019821167,97
5.165391445159912,9.808032035827637,61
5.619061470031738,6.853433609008789,74
5.5850067138671875,3.970078229904175,66
0.4297909438610077,7.829960823059082,53
5.676126003265381,12.617465019226074,5
2.923384428024292,8.966747283935547,11
4.680429935455322,5.408681392669678,51
4.63136625289917,7.427348613739014,26
6.512292861938477,12.04762077331543,87
9.111777305603027,8.417996406555176,49
1.8290332555770874,11.782027244567871,48
4.861189365386963,3.484314203262329,42
2.745034694671631,8.828714370727539,2
1.937362551689148,11.621566772460938,48
2.980414628982544,9.668805122375488,46
10.300941467285156,9.99410343170166,17
6.70844841003418,4.735849857330322,38
6.816539287567139,9.986322402954102,5
6.868828296661377,10.399107933044434,39
2.068725824356079,10.683158874511719,41
1.1901109218597412,6.729436874389648,22
7.552339553833008,5.30944299697876,31
7.846689224243164,3.1121621131896973,88
-0.1612011343240738,7.708899021148682,53
9.28978157043457,6.051509380340576,33
10.249682426452637,4.605224132537842,56
7.437031269073486,5.478486061096191,31
4.994819641113281,5.907837867736816,74
7.725698471069336,5.746459007263184,19
9.659600257873535,9.731691360473633,12
6.457841873168945,7.723243236541748,45
5.681155204772949,11.477335929870605,41
4.584261417388916,9.567353248596191,77
1.601265788078308,4.506079196929932,82
8.580225944519043,10.573330879211426,66
6.521753787994385,5.342928409576416,4
6.162347793579102,10.985774040222168,86
6.439324855804443,4.801213264465332,65
6.490699768066406,12.037827491760254,87
1.2227623462677002,5.3736138343811035,54
3.790376901626587,8.726318359375,35
7.381674766540527,5.748582363128662,31
4.009960174560547,7.524256706237793,26
4.447020053863525,13.248884201049805,20
6.09806489944458,4.821617603302002,80
5.650073528289795,4.568933486938477,34
0.9864888787269592,6.286285877227783,92
5.31675910949707,10.141440391540527,22
5.8502678871154785,11.070221900939941,25
10.276061058044434,4.607812881469727,56
7.374267101287842,5.283589839935303,31
4.907036781311035,10.446992874145508,16
5.8991780281066895,5.1366448402404785,80
9.39834213256836,10.791813850402832,81
5.5594162940979,6.373720645904541,27
6.162043571472168,5.311194896697998,65
9.179073333740234,8.417108535766602,49
4.120824337005615,5.30644416809082,51
1.8144370317459106,11.802031517028809,48
0.17403466999530792,6.879321098327637,83
3.521204948425293,8.853952407836914,2
1.1889517307281494,5.911846160888672,54
8.578627586364746,11.559305191040039,89
7.083523273468018,5.837573528289795,21
10.27011775970459,4.588612079620361,56
5.114022254943848,6.742222309112549,25
6.7189040184021,5.491316795349121,3
6.5287628173828125,12.942987442016602,94
5.045136451721191,10.969449043273926,16
10.944040298461914,8.105114936828613,60
6.149488925933838,4.829117774963379,80
0.900927722454071,7.5164008140563965,53
4.893747329711914,11.454023361206055,69
6.046125411987305,5.4143171310424805,34
7.574587345123291,4.353750228881836,43
5.349318027496338,6.666418552398682,44
6.724630832672119,5.7149271965026855,3
1.6270127296447754,4.546685218811035,82
6.1455206871032715,5.69781494140625,63
4.602251052856445,8.464828491210938,26
4.897421836853027,11.664091110229492,9
6.852568626403809,6.432427883148193,31
9.01923656463623,9.26753044128418,33
0.7777939438819885,6.254147529602051,92
1.4122381210327148,5.7270965576171875,54
4.107413291931152,10.374518394470215,22
3.4743120670318604,7.082318305969238,48
4.613739490509033,13.003636360168457,20
11.09060001373291,5.42134952545166,52
9.946013450622559,7.742582321166992,23
6.965404033660889,7.914356708526611,95
5.04281759262085,11.01893138885498,16
9.130380630493164,8.418652534484863,49
4.354911804199219,8.836343765258789,66
6.2578277587890625,5.594981670379639,31
10.973541259765625,4.859796524047852,59
7.877735137939453,7.797971725463867,95
3.8785901069641113,8.748112678527832,35
-0.8797532320022583,7.250009059906006,0
9.139439582824707,10.179228782653809,90
4.124431133270264,6.127408027648926,77
10.56195068359375,5.600101470947266,96
7.326103687286377,5.960209846496582,15
5.309154510498047,7.353603839874268,93
5.450920581817627,6.255349159240723,27
9.298669815063477,10.310051918029785,90
4.821130275726318,3.494333505630493,42
5.354446887969971,12.626543045043945,25
5.7216010093688965,6.3112640380859375,27
2.8143482208251953,7.3495917320251465,24
3.9923346042633057,7.02780818939209,26
10.333138465881348,9.975479125976562,17
10.861757278442383,8.164008140563965,60
3.7820987701416016,2.6710364818573,75
0.08937611430883408,6.946991920471191,83
5.575680732727051,5.159974575042725,14
2.8864057064056396,11.30366039276123,8
9.199835777282715,9.840054512023926,85
0.6727215051651001,6.3125739097595215,92
4.912661075592041,11.485387802124023,9
8.514304161071777,10.64936637878418,22
4.909671783447266,5.045599460601807,64
4.614597797393799,6.325811862945557,26
6.201962947845459,4.657369613647461,80
9.650242805480957,7.8338212966918945,67
8.390604972839355,11.122681617736816,89
6.122430801391602,4.950100421905518,65
11.14606761932373,5.301591873168945,52
9.908915519714355,8.649421691894531,68
4.048532962799072,8.289909362792969,11
2.9650752544403076,7.187478542327881,24
4.984537601470947,9.759566307067871,61
9.118456840515137,10.983685493469238,13
5.094758987426758,6.710809707641602,99
5.146522521972656,6.6715407371521,44
9.203763008117676,8.393570899963379,49
1.4896355867385864,5.881735801696777,54
6.679576396942139,7.964638710021973,93
3.8866121768951416,4.305874347686768,36
8.82225227355957,12.293078422546387,58
9.285100936889648,8.170384407043457,33
6.961368083953857,5.347548484802246,3
3.0113096237182617,7.060972213745117,24
8.036683082580566,8.954596519470215,69
2.2181146144866943,10.688453674316406,41
6.489604473114014,12.026226997375488,87
7.31931209564209,5.475388526916504,31
10.237947463989258,9.981328010559082,17
1.2771974802017212,8.718565940856934,1
10.510567665100098,5.457667350769043,52
3.7697582244873047,7.276811599731445,26
10.50074291229248,5.556517124176025,47
3.089095115661621,8.564376831054688,2
8.139178276062012,9.017321586608887,69
9.475138664245605,6.0211005210876465,25
7.217772483825684,9.196175575256348,76
6.12397575378418,6.517036437988281,64
6.474518299102783,7.708799839019775,93
3.906412363052368,8.271476745605469,48
6.704030990600586,7.660400390625,55
2.848877429962158,7.350743770599365,24
7.262130260467529,8.161437034606934,73
7.647156715393066,7.791967391967773,95
8.499180793762207,10.93551254272461,89
10.000930786132812,5.7804365158081055,59
3.7766149044036865,4.216949462890625,36
4.442713260650635,13.278382301330566,20
2.4435677528381348,6.705082893371582,62
9.491820335388184,11.282493591308594,81
4.809399604797363,10.21628475189209,84
3.1087255477905273,8.141705513000488,98
3.124539375305176,9.198813438415527,11
9.954663276672363,7.715206146240234,23
3.092444896697998,8.777374267578125,98
8.398027420043945,10.156216621398926,85
4.550870418548584,12.945428848266602,20
6.048128604888916,5.5149312019348145,64
5.8631086349487305,4.438333511352539,42
7.168822765350342,8.14004898071289,73
3.871846914291382,7.642180442810059,45
1.971906304359436,11.761877059936523,48
5.530762672424316,5.4458842277526855,4
5.756134510040283,5.0230231285095215,63
5.574901103973389,11.850646018981934,84
1.118039846420288,5.726235389709473,92
1.32207190990448,8.71020221710205,1
1.8127944469451904,11.789613723754883,48
5.833648204803467,6.834955215454102,65
3.6486167907714844,9.09733772277832,46
5.932841777801514,7.412681579589844,73
2.9914801120758057,9.157960891723633,98
6.586911201477051,5.848303318023682,72
6.885128498077393,5.640315055847168,31
10.983551025390625,5.451378345489502,52
4.038093090057373,7.397730827331543,26
4.7110137939453125,10.129691123962402,10
3.434129476547241,6.894857406616211,7
4.69528341293335,10.225123405456543,9
7.204780101776123,4.6351728439331055,43
4.845176696777344,3.937690019607544,8
1.1400554180145264,7.088598728179932,83
9.167452812194824,9.941200256347656,90
6.467846870422363,10.482357025146484,86
4.767187118530273,7.409453868865967,44
4.8276448249816895,6.706650257110596,44
9.211651802062988,11.984436988830566,13
6.618499279022217,5.54054594039917,21
8.332818984985352,10.754058837890625,89
7.179656028747559,7.820593357086182,30
1.4160120487213135,5.576224327087402,54
7.484457015991211,6.042949199676514,15
5.2805495262146,5.436270713806152,74
5.0449113845825195,6.396758556365967,78
5.554327011108398,6.036778926849365,75
5.258762836456299,10.21003246307373,22
8.513236999511719,10.179620742797852,85
0.9334365129470825,6.356377601623535,92
7.2473931312561035,4.583804607391357,43
7.915821552276611,7.897323131561279,30
5.0319929122924805,11.065444946289062,16
8.924832344055176,10.166006088256836,37
6.900582313537598,10.716544151306152,39
9.006343841552734,9.745621681213379,90
8.814703941345215,12.272315979003906,58
4.1084208488464355,11.575915336608887,40
4.279868125915527,10.00656509399414,45
4.706415176391602,6.402805805206299,22
9.24106502532959,6.094655990600586,33
6.129777908325195,4.8631978034973145,80
5.296052932739258,12.794361114501953,84
0.7727408409118652,6.0797200202941895,92
5.088721752166748,9.887565612792969,61
6.144587993621826,5.708252429962158,66
1.2061527967453003,8.680822372436523,1
9.38294506072998,10.563273429870605,90
1.2397925853729248,5.8865838050842285,92
7.4866042137146,5.762113571166992,31
3.7611892223358154,4.2033233642578125,36
2.7108891010284424,8.721880912780762,2
5.476129055023193,6.285288333892822,27
7.6154303550720215,7.73210334777832,30
7.634050369262695,4.182588577270508,43
8.298626899719238,10.122112274169922,85
5.678739070892334,5.631101608276367,55
7.331990718841553,8.154458999633789,30
10.568021774291992,5.542819976806641,59
8.334956169128418,11.195494651794434,89
6.25928258895874,6.079446792602539,77
8.078885078430176,9.012481689453125,69
2.941930055618286,8.996763229370117,72
4.403336524963379,7.368697643280029,26
5.356362819671631,10.880500793457031,16
6.1559319496154785,11.83404541015625,2
3.631500720977783,8.973393440246582,46
6.003513813018799,5.006845474243164,4
11.14062786102295,4.95497989654541,52
9.155900001525879,8.482389450073242,49
5.370698928833008,11.516149520874023,40
4.007721900939941,11.336684226989746,28
4.434322834014893,7.783291816711426,45
3.07236647605896,9.150547981262207,11
5.0269269943237305,11.038217544555664,16
4.844820499420166,3.593576431274414,42
1.2899318933486938,8.666293144226074,91
0.4204625189304352,7.864917278289795,53
6.4617085456848145,11.96956729888916,87
5.284406661987305,7.472432613372803,51
4.203460693359375,7.45150089263916,26
0.29664239287376404,7.842767238616943,53
2.009601593017578,11.46221923828125,48
1.206723928451538,8.738202095031738,1
3.426482677459717,6.185781478881836,6
4.525289535522461,6.272634983062744,77
-0.8691909313201904,7.229550838470459,0
-0.7582977414131165,7.300802707672119,0
12.033455848693848,9.861176490783691,68
5.707693576812744,5.731402397155762,4
5.2171807289123535,7.780632972717285,86
6.247785568237305,5.104016304016113,21
4.918120861053467,7.385495185852051,44
7.812113285064697,7.857995986938477,30
2.310767412185669,10.759765625,10
8.458824157714844,11.411684036254883,89
7.659841060638428,4.279312610626221,43
5.289621353149414,11.476598739624023,40
5.448047637939453,8.858186721801758,99
-0.4672130346298218,7.946113586425781,57
1.1730003356933594,6.825400352478027,83
4.389204025268555,13.320525169372559,20
5.583150863647461,3.9857866764068604,66
3.1101338863372803,7.1636223793029785,7
3.175605058670044,9.247396469116211,11
4.960464000701904,6.764086723327637,44
1.6017009019851685,4.534152030944824,82
4.1114091873168945,11.782360076904297,40
4.994385719299316,5.260361671447754,50
1.0789482593536377,6.786314010620117,70
7.530179500579834,6.086818695068359,15
6.993996620178223,8.162490844726562,67
9.229422569274902,8.431884765625,49
2.6505048274993896,6.159595489501953,79
8.703198432922363,11.037761688232422,89
6.644897937774658,13.112911224365234,94
5.323000907897949,12.963377952575684,5
2.903127670288086,11.283086776733398,2
4.02247428894043,11.331679344177246,28
5.34812068939209,12.193603515625,25
3.6029369831085205,9.02829647064209,46
6.738753795623779,6.758487224578857,50
4.9760847091674805,12.640728950500488,84
6.2401227951049805,5.927072048187256,69
5.68235445022583,6.949427604675293,93
7.0288896560668945,5.328281402587891,3
5.148553848266602,12.726070404052734,25
5.043276786804199,11.008573532104492,16
3.782233476638794,4.211263179779053,36
1.269743800163269,5.539113998413086,54
1.2734971046447754,5.561138153076172,54
8.81273078918457,10.039332389831543,68
6.310641288757324,4.9716949462890625,97
10.375216484069824,8.15566635131836,71
6.941966533660889,8.12158203125,30
4.603353023529053,8.024641990661621,44
-0.6156362295150757,7.4378862380981445,0
5.276568412780762,7.536218643188477,29
10.356943130493164,5.793219566345215,33
5.879118919372559,5.2493438720703125,66
11.688882827758789,10.094382286071777,81
6.339940547943115,8.117629051208496,16
3.695809841156006,4.137265205383301,36
3.0043208599090576,7.365800857543945,24
9.872669219970703,5.617137908935547,96
5.665410995483398,6.14785099029541,27
10.00028133392334,5.659148693084717,33
4.286410331726074,6.284854888916016,1
8.35419750213623,11.158060073852539,89
6.184739589691162,11.540116310119629,87
8.388010025024414,11.099451065063477,89
11.196027755737305,5.2677717208862305,52
0.30940890312194824,7.771795272827148,53
4.0571465492248535,11.497304916381836,28
7.068691730499268,6.423102378845215,15
5.466250896453857,5.476321220397949,4
5.307287693023682,6.489361763000488,44
2.3403327465057373,5.46720552444458,6
11.253941535949707,5.386283874511719,52
3.6011383533477783,9.029505729675293,46
4.660713195800781,6.473593711853027,79
-0.8431930541992188,7.185210227966309,0
9.070547103881836,9.96260929107666,12
5.0184407234191895,12.727386474609375,20
8.093255996704102,9.048629760742188,69
8.257135391235352,11.17953109741211,89
10.958074569702148,5.8642377853393555,47
3.479804039001465,10.009648323059082,32
2.7406623363494873,8.735276222229004,2
6.0450334548950195,11.316582679748535,25
4.2519049644470215,10.83063793182373,28
4.6722493171691895,4.618451118469238,64
5.465968132019043,12.872690200805664,5
10.708993911743164,8.295660972595215,60
8.326507568359375,11.196121215820312,89
-0.8730533719062805,7.275821208953857,0
1.2666116952896118,6.816339492797852,7
5.973108768463135,5.278700351715088,38
3.736377477645874,4.177755355834961,36
2.764782190322876,5.837693214416504,2
5.033848285675049,5.115868091583252,50
6.3994669914245605,2.2976794242858887,21
6.382264614105225,2.3525662422180176,21
5.3552374839782715,5.826148986816406,64
0.9256836175918579,6.650909900665283,62
5.984969615936279,4.902790069580078,63
7.140746116638184,6.19992208480835,46
2.810276746749878,6.228950023651123,79
7.7500715255737305,3.2335472106933594,88
7.2117695808410645,9.660994529724121,76
4.305967807769775,6.076701641082764,77
3.5279383659362793,6.554426670074463,14
4.78762674331665,7.035552024841309,78
5.359548091888428,12.546122550964355,5
6.700047969818115,13.172499656677246,94
3.4475715160369873,10.026229858398438,32
6.304317474365234,4.8463850021362305,97
6.689481735229492,13.16201114654541,94
-0.8864736557006836,7.249421119689941,0
4.297647476196289,10.658581733703613,28
6.461954116821289,12.081631660461426,87
1.9409542083740234,11.750249862670898,48
6.5027947425842285,6.107932090759277,72
2.8321337699890137,6.534375190734863,79
9.05209732055664,11.137914657592773,13
6.214319705963135,4.280714511871338,36
7.915463924407959,7.791206359863281,95
6.3368706703186035,2.4481325149536133,21
6.835648059844971,10.733232498168945,39
4.476848125457764,13.158584594726562,20
5.365419387817383,5.897341251373291,18
3.1744635105133057,7.406859397888184,24
4.266871452331543,8.818915367126465,65
-0.7299385666847229,7.310593605041504,0
6.938024997711182,5.542325019836426,3
2.916341543197632,11.715232849121094,8
6.287919998168945,6.578742027282715,29
8.998708724975586,12.138803482055664,13
7.636007785797119,5.733437538146973,19
2.840298652648926,6.523094654083252,79
5.001161575317383,5.79320764541626,50
9.056937217712402,12.065559387207031,58
2.981332540512085,6.274518013000488,79
7.548943996429443,4.3552141189575195,43
3.608429431915283,8.880496978759766,2
5.634476184844971,12.074078559875488,40
4.153624057769775,11.799792289733887,40
8.280447006225586,8.623038291931152,56
6.367652893066406,5.841114044189453,72
7.0760979652404785,5.296360492706299,31
5.020667552947998,8.159285545349121,99
4.876591205596924,9.858001708984375,61
3.1274919509887695,9.518649101257324,46
7.330711364746094,7.276423454284668,55
-0.7195948362350464,7.232222080230713,0
4.614806652069092,6.264954566955566,6
4.807954788208008,11.508920669555664,9
11.144474983215332,5.236440658569336,52
7.378062725067139,9.781492233276367,76
5.095704555511475,9.884501457214355,61
6.075333595275879,7.764657020568848,67
3.4238178730010986,9.963290214538574,32
6.216006755828857,4.746692180633545,80
5.972563743591309,5.491416931152344,11
1.1889572143554688,8.735489845275879,1
6.685337066650391,5.426571846008301,21
3.9983110427856445,4.360431671142578,65
7.161757469177246,5.999953746795654,29
8.963236808776855,12.096574783325195,58
5.584358215332031,12.295799255371094,5
10.696523666381836,5.563309669494629,52
5.802278995513916,4.601805210113525,50
3.3621697425842285,6.022758960723877,14
2.3691699504852295,5.549440383911133,6
6.653899669647217,4.84019660949707,65
1.5891975164413452,4.49560022354126,82
5.62391996383667,12.55447769165039,5
7.433516025543213,9.845722198486328,76
6.741276741027832,4.731276512145996,38
9.286665916442871,10.487804412841797,90
7.3068037033081055,5.5942769050598145,43
6.6626482009887695,5.7542877197265625,55
9.372668266296387,10.949012756347656,90
5.716151237487793,12.530641555786133,37
6.002675533294678,4.826202869415283,38
4.851916313171387,11.480461120605469,9
-0.8069486021995544,7.2611188888549805,0
6.234560012817383,6.198578834533691,29
9.233977317810059,11.974968910217285,13
3.696932315826416,4.130685806274414,36
7.316995620727539,5.806629657745361,38
7.291713237762451,9.785768508911133,76
7.023290157318115,10.215519905090332,76
0.4735416769981384,7.751387119293213,53
9.453624725341797,6.449437618255615,33
8.916779518127441,10.804835319519043,75
0.8977125287055969,5.941267013549805,70
6.799244403839111,8.239236831665039,67
6.216052055358887,7.33706521987915,27
5.583664417266846,3.950112819671631,66
8.36870288848877,11.092881202697754,89
6.378261566162109,5.396478176116943,15
4.007676601409912,11.334558486938477,28
4.462658405303955,13.000418663024902,20
8.375869750976562,10.178101539611816,85
6.291362285614014,12.82868480682373,94
6.768721580505371,3.969315528869629,34
9.792227745056152,9.533072471618652,12
5.085760116577148,9.912400245666504,10
2.9369232654571533,7.368346214294434,24
6.255559921264648,10.870718002319336,86
6.11956787109375,4.257767200469971,97
1.9152339696884155,7.1028337478637695,46
9.185544967651367,8.291243553161621,49
4.704424858093262,7.588755130767822,78
4.170597076416016,8.622021675109863,35
11.942773818969727,10.181623458862305,68
5.002154350280762,6.400125980377197,65
5.503077507019043,7.246037483215332,65
4.639642238616943,9.93542766571045,10
1.2655308246612549,8.639491081237793,1
2.4790194034576416,5.477799415588379,6
6.068605422973633,5.573205947875977,65
5.617702484130859,8.24698257446289,91
-0.3843330442905426,7.172267436981201,83
7.25955867767334,4.554521560668945,43
4.881030559539795,10.11669635772705,10
10.828181266784668,8.170517921447754,60
4.440851211547852,13.140241622924805,20
9.130285263061523,9.921135902404785,89
0.748844563961029,6.140925884246826,92
7.960364818572998,7.788784027099609,95
5.559902191162109,7.076969623565674,27
5.069790363311768,6.451748847961426,78
6.459267616271973,10.518758773803711,86
0.5216665863990784,6.880772113800049,92
5.348142147064209,4.886286735534668,4
4.663146018981934,9.87660026550293,61
10.215348243713379,4.567148685455322,56
5.544896602630615,11.894647598266602,84
5.572366714477539,12.416736602783203,25
1.654117226600647,5.755144119262695,54
4.782480716705322,5.153369426727295,74
9.403353691101074,10.618528366088867,9
0.30412259697914124,6.739452838897705,83
4.208292007446289,8.603034973144531,98
5.899858474731445,12.162538528442383,79
1.624226689338684,4.522561073303223,82
2.7114574909210205,6.419140338897705,79
6.797153472900391,4.072638034820557,38
1.339311122894287,8.546173095703125,1
3.128624200820923,8.144306182861328,65
5.366526126861572,10.208972930908203,22
4.901742935180664,7.660900592803955,22
10.950297355651855,5.374894142150879,47
11.034337997436523,5.458957195281982,52
5.159284591674805,12.696502685546875,20
6.8288750648498535,7.884228706359863,93
5.609066486358643,10.249536514282227,43
3.1096010208129883,6.198868751525879,7
1.825145959854126,11.781224250793457,48
3.8684475421905518,2.8025612831115723,75
3.4440674781799316,9.251224517822266,98
5.629184246063232,10.698758125305176,22
8.05575942993164,11.170690536499023,89
3.078310966491699,6.643026351928711,7
6.375050067901611,2.3511102199554443,21
6.17794132232666,10.653707504272461,86
4.960490703582764,6.8726725578308105,85
9.275883674621582,10.58647632598877,90
9.89609146118164,6.015926837921143,33
6.144749164581299,4.138279438018799,97
9.453607559204102,6.082849979400635,33
2.922440767288208,11.676681518554688,8
2.9568140506744385,9.237207412719727,11
1.18782639503479,8.719663619995117,1
3.777301788330078,4.215764045715332,36
5.146856307983398,6.098814964294434,63
3.1796956062316895,9.38623046875,11
5.578770160675049,3.995706558227539,66
7.808836936950684,3.161353349685669,88
7.574698448181152,5.284414291381836,31
0.4446059763431549,7.807625770568848,53
6.221399307250977,5.724246501922607,55
7.444658279418945,5.411196708679199,31
3.6758534908294678,9.128453254699707,35
6.214503765106201,5.598671913146973,72
-0.522652804851532,7.899980068206787,57
4.388041019439697,10.647000312805176,10
3.615157127380371,8.989099502563477,32
4.4035210609436035,13.224103927612305,20
3.8174750804901123,8.813217163085938,98
-0.5493264198303223,7.909542560577393,57
3.081817626953125,7.20645809173584,7
2.948396682739258,6.1809916496276855,29
4.75206184387207,7.469110488891602,78
7.169463157653809,8.15703296661377,39
9.932624816894531,5.7164387702941895,96
10.305380821228027,10.018218040466309,17
11.15301513671875,5.124907493591309,52
0.8253331780433655,7.583315849304199,53
6.288723468780518,5.74117374420166,55
2.4032819271087646,5.505139350891113,26
8.976480484008789,10.443049430847168,12
6.399096488952637,2.33813214302063,21
5.954204082489014,5.087949752807617,64
8.95517635345459,12.170385360717773,58
3.779913902282715,2.664677381515503,75
4.0371222496032715,11.234902381896973,28
6.964473724365234,8.187653541564941,67
5.541311264038086,5.166431427001953,67
9.974800109863281,8.290035247802734,71
11.185417175292969,5.323015213012695,52
5.223230361938477,7.613546848297119,29
2.9113729000091553,11.750362396240234,8
10.958529472351074,5.496994495391846,47
8.450879096984863,11.154633522033691,13
6.65985631942749,5.6444621086120605,72
6.648531913757324,9.94585132598877,39
9.282506942749023,5.986743927001953,12
5.159641265869141,9.929856300354004,61
5.55894660949707,12.510730743408203,25
10.782794952392578,5.463356018066406,52
6.601239204406738,7.740056991577148,93
2.6441056728363037,5.637457847595215,18
10.228191375732422,11.008010864257812,37
5.045226097106934,10.945782661437988,16
10.86755084991455,8.15988826751709,60
4.81704568862915,11.559189796447754,9
5.476704120635986,4.747737884521484,88
9.211235046386719,11.655263900756836,13
5.939192771911621,4.801379203796387,80
5.247884273529053,5.949214458465576,44
10.947704315185547,5.487941265106201,47
1.2174670696258545,8.736531257629395,1
8.029582977294922,8.376418113708496,95
8.438143730163574,6.833968162536621,31
4.733510494232178,10.104843139648438,10
5.234560966491699,5.297295570373535,74
5.8971781730651855,5.0364203453063965,4
6.241420269012451,10.81845474243164,86
4.508714199066162,13.248120307922363,20
3.425851821899414,9.174299240112305,98
8.295145034790039,11.201995849609375,89
4.193892002105713,5.319165229797363,51
9.860334396362305,8.04095458984375,71
5.694653511047363,8.276829719543457,91
5.049098968505859,11.029191017150879,16
8.32935619354248,10.13519287109375,85
5.451225280761719,6.283812046051025,27
6.404757022857666,5.157771587371826,3
9.360774040222168,8.670354843139648,17
10.27995777130127,8.430214881896973,71
4.837521076202393,10.693427085876465,0
4.196493148803711,6.581276893615723,99
6.911223888397217,10.7384033203125,39
9.709209442138672,8.421326637268066,49
5.907121658325195,6.7049031257629395,65
10.846973419189453,5.348759651184082,52
4.5114312171936035,7.13865852355957,12
7.736485004425049,4.237363815307617,43
6.089401721954346,5.08510684967041,55
9.737576484680176,9.654934883117676,12
10.30848503112793,8.461066246032715,71
1.9022940397262573,6.9575653076171875,77
6.85883092880249,8.242140769958496,67
0.9135814309120178,6.508582592010498,62
4.344071865081787,5.618345737457275,64
3.295797109603882,6.064127445220947,27
1.2718780040740967,6.053467273712158,62
5.657517433166504,5.364026069641113,7
5.115177631378174,12.727025032043457,25
2.436126232147217,5.504358768463135,6
8.84204387664795,10.969877243041992,58
10.193572998046875,8.462333679199219,71
9.134851455688477,11.774370193481445,13
2.721834182739258,8.920412063598633,35
7.158067226409912,5.287933349609375,3
6.543190956115723,4.790476322174072,38
3.519451141357422,8.977875709533691,11
4.0431437492370605,11.341195106506348,28
5.089030742645264,10.939515113830566,88
3.4769515991210938,7.872636795043945,77
-0.4835803806781769,7.918919086456299,57
5.171273231506348,9.699756622314453,61
3.342545509338379,6.3873162269592285,14
1.2050970792770386,8.745579719543457,1
5.809282302856445,5.960843086242676,4
3.2255334854125977,9.189921379089355,11
8.0892915725708,9.040966987609863,69
2.9669346809387207,8.904756546020508,35
3.7463438510894775,2.633697509765625,75
2.0798983573913574,10.64786148071289,41
5.757876873016357,8.051405906677246,91
4.971719741821289,11.021961212158203,16
6.877432823181152,10.735931396484375,39
9.416708946228027,6.077908515930176,33
0.9777042865753174,6.04917049407959,70
3.678321123123169,4.117051601409912,36
6.4150800704956055,5.493622779846191,55
9.687911987304688,5.844294548034668,33
10.221779823303223,8.365403175354004,71
10.192680358886719,9.965313911437988,17
5.336233139038086,8.778411865234375,99
5.561829090118408,7.063507080078125,18
6.989210605621338,8.26612663269043,67
10.27798080444336,8.427532196044922,71
6.540436267852783,11.934484481811523,87
0.9574028253555298,6.230055332183838,92
5.566080570220947,8.060762405395508,91
12.041614532470703,9.960565567016602,60
2.306823968887329,5.46258544921875,6
9.966829299926758,5.619476795196533,59
6.271914958953857,6.557418346405029,29
5.177486419677734,9.66877269744873,10
9.218467712402344,11.087173461914062,81
0.9000998139381409,6.615760326385498,82
5.008792877197266,4.421220779418945,63
1.2197844982147217,5.441983222961426,54
4.002856254577637,8.723308563232422,46
3.021951913833618,8.978449821472168,2
8.14928913116455,8.988457679748535,69
6.601502895355225,4.930027484893799,38
3.4740498065948486,8.795329093933105,11
5.914065837860107,5.373481273651123,64
4.038127422332764,7.415083885192871,26
5.215649604797363,8.015018463134766,39
5.8264241218566895,5.268167495727539,55
6.621856689453125,13.062564849853516,94
6.310182094573975,4.997020244598389,64
5.9092607498168945,12.4429292678833,25
6.681575298309326,5.949664115905762,72
10.00868034362793,5.686922073364258,51
7.087704658508301,8.270903587341309,67
9.319777488708496,11.793410301208496,13
6.424466133117676,12.50899600982666,94
8.339200019836426,10.156923294067383,85
-0.8948221802711487,7.277235984802246,0
7.540241718292236,3.667975902557373,43
4.037047386169434,8.710878372192383,46
11.12809944152832,5.348949432373047,47
7.226592063903809,7.047582149505615,55
5.516115665435791,12.296758651733398,25
4.063399791717529,7.328152656555176,26
5.470374584197998,5.051954746246338,31
4.699549674987793,12.583686828613281,84
3.624931573867798,9.12602424621582,35
9.059120178222656,12.036643981933594,13
7.25282096862793,5.69590950012207,19
3.1328017711639404,8.86564826965332,35
3.2390003204345703,8.82967472076416,98
6.474672794342041,10.470602989196777,95
0.3414587080478668,7.356056213378906,83
10.059540748596191,8.279126167297363,71
5.283634662628174,12.698439598083496,25
5.600332260131836,6.077361583709717,18
5.1644816398620605,11.810297012329102,40
4.33390474319458,7.914168834686279,45
4.280624866485596,6.574222564697266,1
3.1840572357177734,9.20232105255127,35
5.940664291381836,6.11595344543457,74
3.731083631515503,4.206151008605957,61
5.290098667144775,11.06047534942627,61
5.257486820220947,10.049867630004883,61
5.300899982452393,7.603272914886475,29
7.356523036956787,7.7934746742248535,30
3.1093697547912598,8.116344451904297,2
6.561448574066162,4.896798133850098,66
5.401275157928467,12.54963493347168,5
4.930755138397217,6.380303859710693,44
5.4856276512146,6.281341075897217,64
5.3217997550964355,5.1551642417907715,74
12.185382843017578,10.007678031921387,68
1.4166923761367798,5.723554611206055,10
2.2305145263671875,6.641389846801758,14
-0.8565013408660889,7.258371829986572,0
7.66865873336792,5.868598461151123,19
7.594949245452881,3.5684142112731934,42
6.6557488441467285,5.272685527801514,3
6.884444236755371,3.8732759952545166,34
4.740088939666748,5.105658054351807,50
9.432193756103516,10.814248085021973,90
9.510229110717773,10.329368591308594,76
10.464874267578125,8.226228713989258,60
2.7093939781188965,8.704529762268066,2
4.485929012298584,13.10952377319336,20
4.720923900604248,4.6582417488098145,64
3.4829607009887695,6.897653102874756,7
5.324375152587891,5.752531051635742,50
6.350103378295898,6.2186150550842285,55
8.83232593536377,10.165790557861328,14
0.9873964786529541,6.00887393951416,62
3.789339780807495,2.681473731994629,75
5.609776973724365,4.052809238433838,66
7.484130859375,7.950944423675537,95
9.205568313598633,6.041537761688232,33
3.499889612197876,5.872701644897461,18
6.579351902008057,7.82102632522583,93
10.277281761169434,10.899677276611328,37
5.635046482086182,4.903982162475586,63
10.376823425292969,6.0143513679504395,52
4.945564270019531,11.691372871398926,9
5.6651740074157715,4.4223737716674805,66
6.201813220977783,3.9063541889190674,97
6.808981418609619,4.678691387176514,38
5.249685764312744,5.209665298461914,74
9.182697296142578,11.908364295959473,13
8.501555442810059,10.108924865722656,31
0.9479240775108337,6.6249895095825195,62
4.975080490112305,4.292881011962891,63
4.051915168762207,10.399354934692383,48
1.3725523948669434,6.58334493637085,70
10.068089485168457,8.459493637084961,71
10.970593452453613,8.101932525634766,60
9.915034294128418,8.134288787841797,23
6.267655849456787,12.81221866607666,25
12.01711654663086,10.188187599182129,68
1.80586576461792,11.81686019897461,48
7.510058879852295,7.664439678192139,30
9.1080961227417,8.423788070678711,49
1.265350103378296,6.026863098144531,92
6.879827499389648,3.8369123935699463,34
7.518360614776611,5.999136924743652,15
5.508107662200928,12.802532196044922,5
6.468977928161621,12.063406944274902,87
4.37766170501709,5.439410209655762,51
5.533536434173584,5.8011322021484375,4
5.214630126953125,6.009224891662598,51
9.305521965026855,11.104728698730469,13
5.401022911071777,7.394545555114746,1
6.675353050231934,13.142374992370605,94
6.035198211669922,11.143604278564453,13
5.256342887878418,5.78856086730957,88
8.520262718200684,10.193015098571777,85
9.032021522521973,10.583982467651367,90
2.4330525398254395,10.325718879699707,41
10.039605140686035,8.320808410644531,71
5.307675838470459,11.243640899658203,10
2.661780834197998,8.773425102233887,2
12.107698440551758,10.101744651794434,68
2.6942875385284424,8.68232536315918,2
3.695417881011963,4.140721321105957,36
9.498126029968262,10.322381973266602,12
9.082085609436035,9.673795700073242,60
3.3256800174713135,9.442761421203613,25
9.141399383544922,8.417900085449219,49
1.4039065837860107,5.931328773498535,57
5.1342387199401855,9.634674072265625,61
6.199787616729736,2.519568681716919,21
6.513546466827393,10.682735443115234,39
1.0355713367462158,6.755038738250732,62
2.714608907699585,6.4327898025512695,79
6.747127056121826,5.1514129638671875,43
9.945342063903809,7.722443103790283,23
9.345560073852539,11.125992774963379,13
1.2356914281845093,8.716630935668945,1
3.6510233879089355,6.75230598449707,7
9.089128494262695,12.131988525390625,13
5.6481828689575195,5.335030555725098,77
4.852766036987305,11.520158767700195,9
9.152868270874023,6.010345458984375,79
6.345856189727783,5.451147079467773,4
7.027105331420898,10.035606384277344,76
6.613091945648193,5.859562873840332,64
6.7877984046936035,7.492976665496826,73
8.084999084472656,9.00325870513916,69
5.714980602264404,8.194191932678223,91
6.172019004821777,3.959873914718628,97
7.150197505950928,8.582473754882812,22
10.183090209960938,10.111343383789062,17
6.685776233673096,5.785933017730713,43
1.6330575942993164,4.559449672698975,82
0.27872103452682495,6.956284999847412,20
2.7883777618408203,9.075207710266113,35
5.360692977905273,6.580505847930908,44
4.164639472961426,8.667084693908691,98
6.6984543800354,5.595856189727783,3
0.9383156299591064,6.876955509185791,62
0.3968084156513214,7.8725104331970215,53
7.16500186920166,8.143816947937012,73
3.430328845977783,10.024725914001465,32
4.925790309906006,6.889201641082764,44
3.9960601329803467,11.283028602600098,28
2.9120430946350098,8.104997634887695,2
5.658829212188721,8.095634460449219,91
3.0000102519989014,7.068355083465576,7
3.7320473194122314,4.164330959320068,36
4.791162967681885,9.80316162109375,10
4.818332672119141,3.47589373588562,42
6.263427257537842,5.226696968078613,27
-0.4642830491065979,7.888554096221924,57
8.943326950073242,10.27739429473877,90
6.686537742614746,4.105574131011963,34
2.9204723834991455,11.670573234558105,8
1.8538215160369873,11.802186012268066,48
1.1303104162216187,6.251506805419922,70
4.823997974395752,3.4864890575408936,42
6.298492431640625,5.658685207366943,42
5.5789570808410645,5.496838092803955,74
10.320241928100586,9.970963478088379,17
4.410830020904541,9.0775728225708,14
6.561990261077881,12.977136611938477,94
5.014214038848877,11.047953605651855,16
6.794933319091797,8.172135353088379,30
4.769165515899658,7.387814521789551,55
5.552884101867676,3.9098732471466064,66
0.25124412775039673,6.831405162811279,83
6.576681613922119,4.362547397613525,43
6.925185203552246,7.420600414276123,55
4.929713726043701,4.982226848602295,64
4.137878894805908,6.301320552825928,18
0.9116309285163879,5.979804039001465,92
3.0309901237487793,9.228400230407715,35
10.259812355041504,11.030440330505371,37
9.245515823364258,11.773118019104004,13
10.459985733032227,5.562742710113525,96
5.303341865539551,12.586594581604004,25
2.9263155460357666,11.713964462280273,8
6.012287616729736,11.328760147094727,41
10.257230758666992,4.630456447601318,56
7.965926647186279,7.766406536102295,95
10.074131965637207,10.775405883789062,37
5.086796283721924,9.882156372070312,61
7.891244411468506,7.810554504394531,95
9.917522430419922,7.759438991546631,23
2.1426546573638916,6.852590560913086,77
6.557837009429932,4.863647937774658,65
9.350383758544922,5.91019344329834,33
3.5564002990722656,9.191701889038086,11
4.515451431274414,9.088507652282715,5
3.8077375888824463,4.2490925788879395,36
1.1220301389694214,6.324688911437988,92
3.922041416168213,8.698126792907715,19
10.086811065673828,4.693323135375977,56
3.482926607131958,5.979251861572266,14
6.249943256378174,7.491173267364502,73
5.231260299682617,10.080673217773438,22
9.29782485961914,9.278207778930664,85
4.8396406173706055,5.755237579345703,6
3.119655132293701,7.204784393310547,7
9.11300277709961,9.753925323486328,90
6.255268096923828,12.628849983215332,94
10.19749927520752,4.643038749694824,56
1.1709271669387817,6.091780185699463,70
5.732784748077393,8.292753219604492,91
5.4664082527160645,12.597890853881836,5
4.300941467285156,4.488227367401123,36
5.842932224273682,5.292575836181641,74
5.609911918640137,7.406574726104736,67
10.265497207641602,10.994369506835938,37
-0.7910534143447876,7.196588516235352,0
2.9014575481414795,6.614174842834473,79
4.88740873336792,11.50993824005127,9
6.420588970184326,2.3489325046539307,21
2.9960975646972656,8.75829029083252,35
5.162399768829346,5.42595911026001,50
6.2035908699035645,4.683903217315674,80
5.365725040435791,8.915190696716309,99
4.937198162078857,5.152611255645752,42
11.140326499938965,4.782111167907715,59
5.717710494995117,8.250239372253418,91
5.207068920135498,7.58595085144043,29
5.7031683921813965,7.6454339027404785,32
6.333263397216797,10.78044605255127,86
3.4351460933685303,9.991236686706543,32
8.343823432922363,10.130346298217773,85
5.831838130950928,5.0009002685546875,63
2.819788694381714,6.195329189300537,79
3.720227003097534,7.096973896026611,83
4.467494487762451,12.389081954956055,40
6.734706878662109,10.380500793457031,39
3.968240737915039,4.419430255889893,64
8.364985466003418,11.161776542663574,89
4.734781265258789,7.551106929779053,78
10.462307929992676,5.604352951049805,96
9.472006797790527,11.186887741088867,13
10.367218017578125,9.959328651428223,17
5.15022087097168,5.163801193237305,50
4.945098400115967,11.387131690979004,9
0.6382287740707397,7.461418151855469,62
11.050450325012207,5.248476982116699,59
3.1431055068969727,6.104066848754883,6
3.74373722076416,6.122562885284424,18
5.265151023864746,5.050148010253906,3
9.125494956970215,8.423826217651367,49
6.901758193969727,10.728694915771484,39
4.710359573364258,9.434706687927246,22
3.5538225173950195,5.986401081085205,18
9.248616218566895,9.851507186889648,9
2.1663639545440674,10.686920166015625,41
7.869146347045898,3.0832648277282715,88
5.4233598709106445,11.713580131530762,10
9.415239334106445,9.506994247436523,33
2.9166975021362305,11.714428901672363,8
1.7905255556106567,11.826192855834961,48
9.346036911010742,10.58306884765625,90
6.386512756347656,6.131541728973389,55
5.453392505645752,4.708881855010986,63
9.503523826599121,11.227079391479492,81
8.98692798614502,5.973437309265137,3
4.045027256011963,11.234292984008789,28
5.836997985839844,4.714547634124756,42
3.1077330112457275,9.54985237121582,46
10.058402061462402,10.69787883758545,37
7.2813334465026855,9.792763710021973,76
3.3349010944366455,6.391702175140381,14
10.603290557861328,5.4870195388793945,96
9.413113594055176,9.502573013305664,12
3.692729949951172,9.058876991271973,46
6.5572991371154785,7.813385009765625,93
5.097644805908203,9.90146541595459,61
5.136641025543213,5.551151275634766,34
10.420036315917969,5.619638919830322,96
9.939205169677734,7.738020896911621,23
7.186197757720947,6.773926734924316,72
2.8334763050079346,8.974154472351074,98
6.804558277130127,6.406838893890381,46
3.909104347229004,8.710467338562012,98
2.0849733352661133,10.650752067565918,41
9.342660903930664,10.900435447692871,13
2.9848668575286865,11.622180938720703,8
4.415740013122559,7.506490707397461,26
12.039738655090332,10.115095138549805,68
5.1685967445373535,10.910181999206543,28
9.429062843322754,10.990966796875,81
7.159470558166504,8.144890785217285,73
5.917686462402344,4.742311954498291,42
6.270531177520752,4.901036262512207,38
4.5036821365356445,9.013718605041504,46
7.121628284454346,7.947641849517822,28
4.876462936401367,6.706596374511719,44
5.7786054611206055,4.366786956787109,65
2.85695481300354,6.4856085777282715,8
4.977589130401611,4.353368759155273,63
5.003916263580322,10.258426666259766,10
11.032240867614746,5.7792558670043945,47
7.688294887542725,5.730621337890625,19
7.263349533081055,6.207734107971191,45
10.220705032348633,4.5765700340271,56
6.2272772789001465,5.137176990509033,3
11.264615058898926,5.350093841552734,52
10.527748107910156,8.449847221374512,60
9.607760429382324,7.448729991912842,23
6.442089080810547,6.141971111297607,55
1.7971278429031372,11.818769454956055,48
7.689622402191162,5.721536159515381,19
0.13160347938537598,7.421555042266846,83
6.515509128570557,12.047541618347168,87
3.1220767498016357,9.200279235839844,11
5.005551815032959,12.658602714538574,84
0.8794620037078857,6.601373672485352,82
6.6421427726745605,6.558046340942383,72
7.470698833465576,6.1690778732299805,15
4.0696258544921875,7.308901309967041,26
6.2604780197143555,5.718087673187256,55
6.299223899841309,2.438593626022339,46
6.013574600219727,4.977720260620117,33
8.42319107055664,6.836111545562744,85
7.854975700378418,3.103024959564209,88
6.884942531585693,3.8215529918670654,34
5.525820732116699,5.272695064544678,97
6.896617412567139,4.0289998054504395,88
4.821956634521484,6.85797643661499,44
6.982282638549805,5.7339630126953125,3
10.222604751586914,11.009849548339844,37
6.262118816375732,10.873684883117676,86
3.881220817565918,5.361632823944092,51
3.406632423400879,9.36760425567627,98
4.83668327331543,11.545388221740723,9
10.956138610839844,8.115052223205566,60
6.305355072021484,5.093610763549805,55
3.45135498046875,6.76120138168335,7
3.3653204441070557,7.470357418060303,24
4.631659030914307,6.366678237915039,99
0.9412420392036438,6.004977703094482,70
4.832833290100098,6.994068145751953,44
3.3243248462677,8.356247901916504,2
12.169936180114746,10.011602401733398,68
10.117716789245605,8.298707962036133,71
4.00976037979126,8.384115219116211,45
6.153882026672363,6.224333763122559,29
6.239765167236328,3.973737955093384,97
1.1274023056030273,7.4483962059021,22
5.673820495605469,6.420975685119629,4
4.058474540710449,7.566199779510498,10
5.575829029083252,3.9785282611846924,66
10.200514793395996,8.098875045776367,71
0.9406242370605469,5.974188327789307,70
2.1894521713256836,10.662435531616211,41
4.876467704772949,9.74415111541748,10
6.546335220336914,7.224789142608643,32
2.5904319286346436,5.718744277954102,6
9.255637168884277,11.146674156188965,90
10.060742378234863,5.496569633483887,59
3.3937571048736572,9.025040626525879,98
10.98732852935791,8.08283805847168,60
4.834868907928467,11.53020191192627,9
6.399832248687744,2.4292781352996826,21
5.295175552368164,10.336209297180176,22
6.133235454559326,4.7874436378479,80
2.9819955825805664,9.693160057067871,46
2.1083126068115234,10.648760795593262,41
5.3892059326171875,6.688413619995117,36
8.148306846618652,8.896414756774902,69
10.136167526245117,8.466029167175293,49
0.9366166591644287,5.9546799659729,70
6.171475410461426,3.9840691089630127,97
4.8297505378723145,3.534797430038452,42
4.743545055389404,6.265868186950684,38
10.81198787689209,5.41050386428833,59
8.46827220916748,10.183259010314941,85
5.546219348907471,12.702348709106445,25
0.9560483694076538,5.99989128112793,70
5.29757833480835,11.968486785888672,84
8.528008460998535,10.276945114135742,85
2.050849199295044,6.239329814910889,6
9.288224220275879,9.516044616699219,12
5.204044818878174,12.707756996154785,5
3.9308109283447266,4.394135475158691,50
10.264634132385254,8.449746131896973,71
5.680057048797607,11.030954360961914,86
7.645087718963623,9.226089477539062,24
4.860429763793945,6.299100875854492,99
3.0733933448791504,7.004793167114258,7
7.238002777099609,8.153003692626953,95
6.8439836502075195,3.867441415786743,34
1.2040318250656128,8.70651626586914,1
4.904599189758301,7.005026340484619,44
2.9074792861938477,11.688887596130371,8
8.860148429870605,12.292296409606934,58
6.340088844299316,5.886391639709473,72
3.0437819957733154,8.800252914428711,2
9.115710258483887,8.44101333618164,49
5.012296199798584,7.796642303466797,78
3.775257110595703,2.6684587001800537,75
3.819760322570801,8.401801109313965,45
0.04552007466554642,6.877787113189697,83
3.5200929641723633,5.982221603393555,18
10.260738372802734,4.564450263977051,56
5.7426581382751465,12.431406021118164,87
3.873204231262207,8.972816467285156,46
-0.657727062702179,7.258413791656494,0
5.545033931732178,12.46738052368164,5
8.094048500061035,8.756505012512207,18
3.7907655239105225,4.206679821014404,36
8.709357261657715,11.772377967834473,58
4.035508632659912,11.246726989746094,10
4.95138692855835,7.897657871246338,78
3.7645833492279053,2.6515727043151855,75
1.2857530117034912,5.869233131408691,92
5.012707710266113,9.959281921386719,10
4.673452854156494,7.53603458404541,4
9.195874214172363,8.387625694274902,49
5.4208879470825195,5.581355571746826,66
4.574885368347168,6.378748893737793,26
9.118879318237305,11.019333839416504,9
3.7897536754608154,2.691448450088501,75
5.542144775390625,5.596378803253174,66
5.8937788009643555,5.021824359893799,63
12.09257984161377,10.107828140258789,68
6.684588432312012,4.779724597930908,38
-0.8984069228172302,7.269521713256836,0
7.4276909828186035,7.014503002166748,72
5.955587387084961,11.07046127319336,86
2.9567184448242188,7.22047758102417,24
6.073951721191406,10.949386596679688,39
-0.6784530878067017,7.330745220184326,0
5.752405643463135,12.752289772033691,5
4.917088508605957,11.487051010131836,9
1.591892957687378,4.605358123779297,82
8.1156005859375,8.967853546142578,69
4.1118855476379395,6.899171829223633,45
7.646953105926514,4.294861793518066,43
8.303817749023438,11.07443904876709,89
3.1748318672180176,9.26198673248291,46
3.1044631004333496,9.591336250305176,46
5.03188943862915,10.9205904006958,16
4.41096830368042,13.284235954284668,20
8.843667030334473,12.31779956817627,58
10.32192611694336,9.96660327911377,17
7.403580188751221,9.823534965515137,76
5.071946620941162,11.042343139648438,16
8.05854606628418,8.970809936523438,69
10.923370361328125,5.37248420715332,96
6.798000335693359,5.620677947998047,51
6.254716396331787,4.013399124145508,97
6.2904953956604,2.495109796524048,21
12.070793151855469,10.123236656188965,68
8.123493194580078,8.992133140563965,69
5.06953763961792,11.043710708618164,16
0.8406803011894226,6.397748947143555,62
6.245092391967773,6.538683891296387,29
7.312831878662109,9.837174415588379,76
6.36732292175293,11.916064262390137,87
8.525188446044922,7.835301399230957,85
6.4830002784729,12.00501823425293,87
2.9856958389282227,11.618379592895508,8
5.063183307647705,9.927010536193848,61
6.663974285125732,10.279794692993164,39
3.2946722507476807,9.322715759277344,46
3.133002281188965,8.67056941986084,35
3.543114185333252,6.794443130493164,7
3.3357276916503906,8.247758865356445,44
10.152822494506836,9.996670722961426,17
10.769888877868652,5.399551868438721,96
7.7464280128479,3.251793146133423,88
1.885783314704895,11.707515716552734,48
9.890143394470215,7.778679370880127,69
1.8204118013381958,11.786027908325195,48
1.22291898727417,5.386526107788086,54
10.537883758544922,5.49483585357666,96
4.677979469299316,6.712334632873535,78
3.7422800064086914,2.6430227756500244,75
10.154524803161621,10.94970703125,37
5.403054714202881,5.820594787597656,4
5.099248886108398,5.133105754852295,74
2.916430711746216,11.698786735534668,8
2.788599967956543,8.954431533813477,35
9.958152770996094,7.822513103485107,23
4.712369441986084,6.61409854888916,18
5.823664665222168,10.960399627685547,22
1.146388053894043,5.838858127593994,54
4.142391681671143,8.840485572814941,2
7.069682598114014,4.791293621063232,43
4.9928789138793945,10.955970764160156,16
3.4460785388946533,9.944917678833008,32
5.248187065124512,5.147696495056152,4
3.676565408706665,4.111734390258789,36
4.851434707641602,3.4728732109069824,42
9.275994300842285,11.862678527832031,13
1.6752320528030396,5.900023460388184,83
9.150283813476562,8.421152114868164,49
6.801657199859619,4.090198040008545,34
7.545888423919678,5.694201946258545,19
7.266104221343994,8.14113998413086,30
9.114583969116211,8.509298324584961,49
4.525958061218262,13.10126781463623,20
6.391463279724121,2.4296820163726807,21
4.08851432800293,7.521788597106934,26
6.604649066925049,5.791675567626953,3
5.166308879852295,3.5319559574127197,42
-0.012228567153215408,6.907284259796143,83
9.930182456970215,7.717041015625,23
9.942198753356934,7.865251064300537,23
5.8365373611450195,10.785788536071777,40
8.206377983093262,11.09743595123291,89
8.839897155761719,10.917764663696289,13
4.429078578948975,9.455087661743164,28
5.163020133972168,5.21437406539917,74
-0.9099155068397522,7.239355564117432,0
4.725840091705322,4.706500053405762,64
7.867306232452393,3.090346574783325,88
4.858791351318359,3.618435859680176,42
6.943470478057861,8.16722297668457,73
7.133987903594971,8.452682495117188,49
3.7715163230895996,2.663771629333496,75
6.770968437194824,5.039881229400635,38
4.300881385803223,6.051081657409668,77
5.874811172485352,5.310544490814209,64
9.28361701965332,5.98645544052124,96
-0.5300688743591309,7.808188438415527,57
4.6852593421936035,5.267219066619873,51
8.088390350341797,9.158445358276367,84
3.6457808017730713,4.08498477935791,36
5.1756181716918945,12.704072952270508,25
7.783630847930908,5.721336841583252,19
6.527119159698486,5.393047332763672,3
1.2101596593856812,8.675188064575195,1
6.658763408660889,4.757693767547607,38
5.567227840423584,3.9342849254608154,66
6.745358943939209,5.122447490692139,3
9.31330394744873,11.018608093261719,56
6.3650288581848145,6.502580165863037,29
6.564826011657715,5.284494876861572,65
4.045706748962402,9.277837753295898,35
-0.833148717880249,7.25056791305542,0
5.46698522567749,5.311344146728516,51
9.070178985595703,8.511101722717285,49
2.819493055343628,7.3677825927734375,24
7.406282901763916,9.850481986999512,76
2.446302890777588,11.72587776184082,48
8.862074851989746,12.28068733215332,58
1.2063761949539185,6.054904937744141,92
4.952003002166748,5.257800579071045,36
0.856818675994873,6.508196830749512,62
2.4884166717529297,10.429120063781738,41
0.5778703093528748,7.563243389129639,53
4.07858419418335,5.297946929931641,51
8.879100799560547,12.28907585144043,58
11.09243106842041,4.940253257751465,59
5.256508827209473,4.859931468963623,18
4.824762344360352,6.220261573791504,79
6.808319091796875,10.400270462036133,39
3.051632881164551,6.390389442443848,7
6.894096851348877,10.728872299194336,39
1.4099429845809937,6.939152240753174,83
6.006542682647705,5.96033239364624,88
3.688828945159912,7.275191783905029,78
2.8613498210906982,8.911934852600098,98
6.48313045501709,11.996342658996582,87
12.106058120727539,10.123632431030273,68
3.3951897621154785,6.376563549041748,6
11.096385955810547,5.649624824523926,47
3.068331480026245,9.051839828491211,35
5.833100318908691,6.721966743469238,65
6.404171466827393,2.3531339168548584,21
6.73073673248291,5.58415412902832,19
1.7881639003753662,11.82479190826416,48
5.434257507324219,5.67438268661499,4
6.192618370056152,4.792722702026367,80
8.300802230834961,10.156888961791992,85
4.108088970184326,5.315885543823242,51
5.21043062210083,10.01895523071289,22
1.3077031373977661,8.70892333984375,1
6.8884382247924805,8.263823509216309,67
6.203087329864502,4.767694473266602,80
4.885982990264893,5.851181507110596,99
7.502834796905518,5.668000221252441,29
11.028874397277832,5.38419246673584,47
3.4324288368225098,8.851372718811035,2
5.956178665161133,10.922150611877441,40
7.306966304779053,9.76522445678711,76
0.006319859530776739,6.870220184326172,57
9.460893630981445,11.142861366271973,81
2.826122283935547,7.350528240203857,24
6.375057697296143,2.6551055908203125,21
6.051011562347412,5.724662780761719,4
3.4092283248901367,9.237120628356934,98
9.534099578857422,11.239038467407227,81
3.9202380180358887,9.184324264526367,45
1.4922362565994263,5.550817489624023,54
3.506683111190796,8.253107070922852,83
3.1773738861083984,5.99578857421875,77
5.356712341308594,6.701689720153809,27
11.126541137695312,5.415109157562256,47
5.934563636779785,7.094851016998291,32
0.38664525747299194,7.8764872550964355,53
2.277559518814087,6.269908905029297,19
10.608040809631348,8.224282264709473,71
7.882181167602539,7.785116672515869,30
4.492969512939453,13.254926681518555,94
5.645655632019043,11.691269874572754,87
5.928879737854004,5.639129161834717,50
10.220614433288574,4.595684051513672,56
4.292263984680176,6.484250545501709,18
6.267160892486572,10.844193458557129,86
9.37326431274414,6.120576858520508,33
3.081233263015747,9.112960815429688,11
3.9487698078155518,8.46644115447998,35
4.566628456115723,5.48487663269043,50
9.315914154052734,6.156612396240234,33
3.1374449729919434,9.308003425598145,11
9.181349754333496,11.96091365814209,48
11.865071296691895,10.185593605041504,68
6.0326995849609375,5.734381198883057,3
5.36076545715332,10.252580642700195,22
12.053041458129883,10.128377914428711,68
5.350339889526367,12.379963874816895,84
5.095626354217529,9.845253944396973,61
6.733158111572266,4.017058372497559,34
11.119070053100586,4.966152191162109,47
9.93685245513916,7.724644660949707,23
8.508981704711914,10.42658519744873,85
6.383198261260986,4.764603137969971,65
2.346055507659912,10.755522727966309,41
3.154940366744995,9.003087997436523,98
10.225072860717773,4.576478958129883,56
4.817728042602539,3.944185733795166,51
10.79383659362793,5.40118408203125,47
9.108529090881348,8.433128356933594,49
3.0275588035583496,6.273499488830566,14
1.640648365020752,4.584426403045654,82
9.281523704528809,6.066163063049316,12
5.777659893035889,5.451117515563965,1
9.356873512268066,10.914761543273926,81
4.845644950866699,5.227705955505371,50
8.880889892578125,12.15465259552002,58
6.920079231262207,10.748445510864258,39
5.347720623016357,11.059481620788574,16
10.736350059509277,5.480010032653809,96
0.8982524275779724,6.102060794830322,70
7.663186550140381,3.4131407737731934,88
3.386007785797119,9.137650489807129,35
4.029201984405518,11.120543479919434,10
9.473621368408203,11.12006664276123,81
3.7487905025482178,4.184348106384277,36
6.880792617797852,10.715646743774414,39
8.38338565826416,10.136035919189453,85
5.92938232421875,7.174641132354736,93
3.7842512130737305,7.25282096862793,40
7.20953369140625,8.03148365020752,30
1.591964602470398,4.5477213859558105,82
6.479409217834473,4.818830490112305,65
3.7502317428588867,2.64168119430542,75
10.945497512817383,5.8712310791015625,47
5.154782295227051,10.625778198242188,25
7.459019660949707,5.88810396194458,31
10.346680641174316,5.510601043701172,96
10.27340030670166,5.651849746704102,96
3.9834482669830322,11.307037353515625,28
10.235280990600586,4.625646114349365,56
9.40117073059082,10.860386848449707,87
1.741755723953247,6.074424743652344,54
5.269479751586914,11.323153495788574,16
6.058041572570801,4.896167278289795,80
-0.3625335693359375,7.317989826202393,83
5.477636337280273,5.19366979598999,4
2.702970027923584,6.22728157043457,79
1.2561498880386353,5.412896633148193,54
7.17118501663208,7.167068004608154,72
5.099581241607666,10.074140548706055,61
11.212334632873535,5.294768333435059,52
9.213751792907715,10.758509635925293,81
9.549966812133789,9.771551132202148,12
6.700993537902832,13.178102493286133,94
10.9656343460083,8.105353355407715,60
2.951192617416382,9.047295570373535,11
0.7527948021888733,6.8437957763671875,9
10.251791954040527,4.585062026977539,56
9.022945404052734,8.546947479248047,76
0.8921355605125427,6.727248191833496,92
4.874128341674805,5.0932207107543945,74
6.40825080871582,5.56842565536499,72
2.8282032012939453,7.358026027679443,24
11.107588768005371,4.786478042602539,59
6.846682071685791,4.0713982582092285,34
1.879889726638794,6.639725685119629,84
1.4019571542739868,5.856520652770996,54
3.6018624305725098,8.98114013671875,98
6.665785312652588,6.095438480377197,91
7.308125972747803,8.165533065795898,95
0.8508893251419067,6.409883975982666,83
6.0878448486328125,5.896338939666748,38
1.4218101501464844,5.926799297332764,70
0.8202096223831177,6.194237232208252,70
9.817805290222168,8.184440612792969,23
1.4010556936264038,5.845508098602295,54
6.170021057128906,3.7933619022369385,97
1.7020732164382935,4.7071027755737305,82
8.120170593261719,8.982657432556152,69
5.661965847015381,8.226824760437012,91
4.770274639129639,11.606382369995117,9
4.867770195007324,11.496957778930664,9
9.214569091796875,8.36146354675293,49
5.606910705566406,12.657096862792969,5
7.141202449798584,8.406705856323242,73
8.446247100830078,10.173971176147461,85
4.7620344161987305,4.653959274291992,64
5.398800849914551,6.33747673034668,44
9.38918685913086,5.93755578994751,33
10.6773099899292,8.231314659118652,60
2.9121830463409424,5.925337314605713,18
5.599079608917236,12.411243438720703,98
1.6394338607788086,7.325772762298584,40
5.952920913696289,6.326911449432373,93
10.288037300109863,11.017817497253418,37
3.3261165618896484,9.075241088867188,46
7.9956512451171875,8.812151908874512,69
4.636847019195557,6.110400199890137,77
3.821645498275757,8.828584671020508,2
9.961295127868652,7.769143104553223,23
1.8561484813690186,11.743109703063965,48
5.335945129394531,8.937788009643555,99
5.330798625946045,10.084861755371094,16
4.449913024902344,6.624125003814697,77
5.6543049812316895,5.631397247314453,74
4.977939128875732,11.416943550109863,9
7.550158500671387,5.288319110870361,31
2.8238322734832764,8.954045295715332,46
6.461369514465332,12.09859561920166,87
5.25478982925415,5.94821834564209,77
2.216172456741333,10.633360862731934,41
5.936825752258301,6.5962748527526855,64
9.322333335876465,10.658300399780273,90
5.237282752990723,4.646762371063232,63
5.350836753845215,6.111059188842773,38
7.532360553741455,9.815503120422363,76
7.912118911743164,8.246028900146484,95
5.5078558921813965,12.934918403625488,5
5.554596424102783,11.908883094787598,84
6.666789531707764,8.228355407714844,67
4.917222499847412,6.950026512145996,78
-0.11091843247413635,7.781606197357178,57
1.8766361474990845,11.692922592163086,48
7.589898586273193,4.309770584106445,43
6.14381742477417,5.172733306884766,38
2.2108898162841797,5.3681416511535645,6
-0.02664107270538807,6.92254114151001,83
1.715656042098999,4.672874450683594,82
1.584977149963379,4.537533283233643,82
0.4352370500564575,7.829161167144775,53
11.167792320251465,5.140935897827148,52
9.172959327697754,10.796899795532227,97
6.467564105987549,5.801724433898926,72
10.557469367980957,5.456723213195801,52
6.0360283851623535,11.019919395446777,86
9.304003715515137,6.009063720703125,33
2.7895781993865967,7.384093761444092,24
5.409761428833008,7.647589206695557,78
4.159968852996826,7.297502517700195,89
4.654712200164795,8.663961410522461,85
4.182384014129639,10.994091987609863,28
9.123193740844727,8.374505996704102,49
12.183199882507324,10.012602806091309,68
4.855819225311279,6.941732406616211,99
0.05888612940907478,7.633253574371338,53
4.6629252433776855,4.6225762367248535,64
0.48472216725349426,7.7198486328125,53
6.594815254211426,13.029595375061035,94
2.4124855995178223,10.728018760681152,41
9.196842193603516,8.476247787475586,49
3.814675807952881,2.720221996307373,75
7.165446758270264,9.91114616394043,76
4.6129889488220215,9.313253402709961,10
8.908489227294922,6.088475227355957,18
4.4211602210998535,13.267053604125977,20
5.020069122314453,5.096642971038818,50
5.187908172607422,12.666701316833496,25
8.960127830505371,11.160798072814941,13
2.916363000869751,7.2658538818359375,24
9.18472671508789,8.55783748626709,49
5.191078186035156,8.462224960327148,99
4.799690246582031,4.753814220428467,64
6.0015482902526855,4.886505603790283,42
9.128077507019043,10.709935188293457,11
5.792693138122559,5.859752655029297,55
9.239155769348145,6.178145408630371,33
3.02181339263916,11.661406517028809,8
6.818869590759277,10.411774635314941,39
6.761999130249023,3.9880964756011963,34
5.711174488067627,11.466511726379395,79
3.4269065856933594,8.888826370239258,98
4.716589450836182,5.1343793869018555,50
6.591681957244873,5.782718181610107,93
0.4230314791202545,7.727525234222412,53
4.695158004760742,7.587264537811279,93
3.7675766944885254,7.444538593292236,26
5.265494346618652,9.746106147766113,61
3.73478627204895,4.161745548248291,36
6.083506107330322,4.9209208488464355,80
1.5991015434265137,4.50888204574585,82
4.426636695861816,13.243908882141113,20
9.410645484924316,10.816576957702637,81
6.263305187225342,5.82366418838501,4
3.7011334896087646,4.13444709777832,36
2.9672844409942627,9.218527793884277,11
1.1757210493087769,8.717979431152344,1
3.4475157260894775,9.0440092086792,11
8.792163848876953,12.263219833374023,58
2.1129024028778076,10.675589561462402,41
7.317371845245361,5.69264030456543,31
5.214005947113037,9.716856002807617,16
5.451880931854248,6.15748405456543,27
6.38450813293457,2.444322347640991,21
5.963367462158203,4.682304382324219,42
3.007584571838379,8.936579704284668,11
4.994814872741699,9.884817123413086,10
3.668013572692871,4.107994079589844,36
5.3703694343566895,5.620311260223389,74
4.854660511016846,12.66517162322998,84
4.112276077270508,11.259541511535645,28
6.049968719482422,4.070479869842529,97
5.119876384735107,9.947355270385742,61
9.448813438415527,9.487617492675781,12
3.227436065673828,6.127453804016113,14
2.7608561515808105,8.93791389465332,11
7.77057409286499,3.2109591960906982,88
5.34396505355835,10.258601188659668,22
7.86531400680542,7.81409215927124,95
8.382023811340332,11.18133544921875,89
10.984426498413086,5.429952144622803,52
5.057495594024658,6.109217166900635,38
7.833858489990234,7.717772483825684,30
7.430943489074707,9.832262992858887,76
9.85458755493164,7.878988265991211,23
7.259465217590332,4.561355113983154,43
8.30783462524414,10.111513137817383,85
11.12951946258545,5.079540729522705,59
7.163906097412109,5.219988822937012,3
5.643972396850586,11.121953964233398,86
5.969570636749268,7.424236297607422,65
10.871007919311523,5.924891948699951,47
5.288623809814453,10.125679016113281,22
6.682552814483643,13.146234512329102,94
5.752148151397705,6.037578582763672,93
6.592299461364746,7.3270463943481445,32
4.193023681640625,8.087081909179688,44
1.6377956867218018,4.543755531311035,82
4.842490196228027,11.481778144836426,9
3.626652717590332,9.483712196350098,46
2.9952192306518555,7.296985149383545,6
4.250217437744141,6.046658515930176,77
2.1469266414642334,6.955656051635742,1
5.346978187561035,5.379931926727295,4
5.308181285858154,6.404838562011719,93
10.235136032104492,8.421792030334473,71
7.545925140380859,7.436871528625488,72
9.411602020263672,10.37138557434082,81
9.32954216003418,10.465470314025879,90
2.859617233276367,6.113150596618652,6
4.231710433959961,9.141337394714355,84
9.335144996643066,10.48048210144043,90
4.779170513153076,6.262566089630127,77
7.052347660064697,8.217973709106445,67
5.508617401123047,12.824505805969238,5
6.767593860626221,3.9250857830047607,34
-0.8638145327568054,7.277144432067871,0
5.379185199737549,10.214275360107422,22
4.069858074188232,7.477575778961182,26
6.605679512023926,7.853985786437988,95
5.818535327911377,4.847374439239502,42
11.976302146911621,10.115147590637207,17
2.065162181854248,10.684126853942871,41
4.57805871963501,7.597195148468018,61
2.245314836502075,10.718489646911621,41
6.752993583679199,5.715473651885986,72
9.162617683410645,10.681156158447266,90
6.201469898223877,4.68870735168457,80
8.367070198059082,11.23377799987793,89
9.605179786682129,10.115484237670898,76
7.3638811111450195,7.871581077575684,30
3.157849073410034,6.8543782234191895,7
5.3484344482421875,8.950637817382812,99
1.2860896587371826,6.822495937347412,62
10.082608222961426,9.97404670715332,17
7.302978515625,6.215004920959473,15
7.823970794677734,6.836392402648926,59
4.812331676483154,5.026114463806152,50
3.019139289855957,9.658742904663086,46
8.363818168640137,11.240517616271973,89
10.517362594604492,5.659203052520752,96
10.185128211975098,4.6392412185668945,56
5.50814151763916,12.417607307434082,2
5.935480117797852,4.646056652069092,42
6.914052486419678,6.9853644371032715,40
10.250636100769043,10.96272087097168,37
3.2779252529144287,6.3542375564575195,24
8.98944091796875,8.454042434692383,49
11.108519554138184,4.851749897003174,59
10.2315673828125,9.9845552444458,17
3.7065422534942627,4.13309383392334,36
5.025873184204102,11.37091064453125,9
9.129836082458496,10.759809494018555,90
4.844768047332764,3.542389154434204,42
2.9746341705322266,6.084866523742676,79
4.1634745597839355,11.238219261169434,28
7.53748083114624,3.5857162475585938,88
7.31512451171875,9.726503372192383,76
6.5494771003723145,12.974285125732422,94
4.921416759490967,10.01276969909668,10
2.8979926109313965,9.135311126708984,11
4.190643787384033,6.725068092346191,18
7.4144511222839355,5.956719875335693,15
0.9733759760856628,6.791237831115723,62
1.6114144325256348,4.557430267333984,82
2.632497549057007,8.706721305847168,2
2.152095317840576,10.59222412109375,41
1.3724721670150757,5.846373081207275,82
4.581938743591309,12.7335844039917,84
6.773611545562744,10.373348236083984,39
4.783781051635742,7.299698829650879,78
3.752504587173462,2.640282392501831,75
5.134965419769287,5.8277482986450195,26
3.5831313133239746,5.934704780578613,14
6.99139928817749,8.276891708374023,67
1.0564162731170654,6.010887622833252,70
0.4780656695365906,7.713440418243408,53
10.954564094543457,8.066020965576172,60
1.0230203866958618,6.745750427246094,62
7.272712707519531,9.818793296813965,76
2.010781764984131,6.797746181488037,6
5.250555992126465,7.895586967468262,26
8.113791465759277,9.006591796875,69
3.162355899810791,9.535231590270996,46
8.857650756835938,9.909029006958008,76
7.589062690734863,5.293359279632568,31
8.045083999633789,8.975985527038574,22
9.407094955444336,10.915772438049316,81
6.23087215423584,12.409149169921875,84
7.001206398010254,4.226559638977051,43
3.3954050540924072,9.208340644836426,46
1.649550199508667,4.56511116027832,82
6.796462059020996,5.180386066436768,64
3.543621301651001,8.956855773925781,98
3.1358320713043213,8.562555313110352,35
0.8445337414741516,6.4599103927612305,92
8.673534393310547,10.467694282531738,20
6.237693786621094,10.866825103759766,86
8.05298900604248,9.12569522857666,69
4.5448317527771,6.194730281829834,77
2.5828261375427246,6.1583251953125,79
6.920907974243164,10.742945671081543,39
4.163022518157959,11.795784950256348,40
5.751881122589111,7.030540466308594,91
3.1643357276916504,9.279301643371582,2
3.7172317504882812,4.1530656814575195,36
10.697877883911133,5.949422836303711,70
10.13671875,4.757288455963135,56
10.989335060119629,5.774989604949951,47
0.5690858364105225,7.491831302642822,83
4.167557716369629,11.81835651397705,40
4.988630294799805,9.731844902038574,61
0.887943685054779,5.970316410064697,92
8.092656135559082,8.771977424621582,69
4.697071552276611,9.871386528015137,28
9.897915840148926,7.678625106811523,23
9.720405578613281,10.294721603393555,37
9.378708839416504,6.051509857177734,33
7.640392780303955,5.716203212738037,19
8.908345222473145,12.193605422973633,58
7.14137601852417,6.132840633392334,29
-0.6943989396095276,7.18798303604126,0
2.3712708950042725,6.098647117614746,8
-0.9187354445457458,7.246395587921143,0
6.370078086853027,2.345088481903076,21
5.1554789543151855,9.632047653198242,61
10.376330375671387,9.981152534484863,17
6.928951263427734,8.264781951904297,67
6.180281639099121,4.813509941101074,80
9.460437774658203,11.074408531188965,81
11.016541481018066,5.4332709312438965,96
2.964242935180664,8.870919227600098,35
1.5727343559265137,5.775175094604492,6
3.2903125286102295,9.351150512695312,98
1.110581636428833,6.077475070953369,62
2.7284064292907715,6.390746593475342,79
8.826029777526855,12.327207565307617,58
-0.32496723532676697,7.314534664154053,0
6.564713478088379,13.005672454833984,94
1.949873447418213,6.73468017578125,6
3.4687578678131104,10.068547248840332,32
5.91103458404541,4.666650295257568,88
2.081289529800415,10.662659645080566,41
2.9450883865356445,9.098796844482422,11
5.864952087402344,5.646496772766113,3
5.395809650421143,6.490477561950684,27
7.625160217285156,6.986273765563965,59
7.625622272491455,4.308712482452393,43
8.088044166564941,10.056249618530273,22
6.672819137573242,13.131824493408203,94
5.500354290008545,4.834393501281738,66
5.4508056640625,5.793368816375732,80
4.888505458831787,6.208491325378418,65
2.8815886974334717,8.980183601379395,11
8.342172622680664,11.143074035644531,89
7.355199813842773,9.801152229309082,76
8.312174797058105,10.158783912658691,85
7.226080894470215,4.570692539215088,43
2.9369375705718994,6.645030975341797,79
12.054155349731445,10.12795639038086,68
11.147705078125,5.227213382720947,52
5.490249156951904,12.48481273651123,25
3.4675164222717285,10.004690170288086,32
6.078546047210693,4.854507923126221,64
1.901277780532837,11.715928077697754,48
2.106104612350464,10.643832206726074,41
3.63744854927063,8.81436824798584,11
4.416604042053223,13.286752700805664,20
5.044358253479004,8.239997863769531,99
6.143849849700928,3.783318042755127,97
7.478908061981201,5.6414384841918945,15
7.017296314239502,5.468683242797852,15
10.103189468383789,6.163726329803467,33
11.73674488067627,10.102547645568848,17
-0.35962915420532227,7.515798091888428,0
3.740370273590088,4.175203323364258,36
8.80582332611084,12.227250099182129,58
5.587206840515137,12.744376182556152,5
6.431985855102539,6.887730598449707,29
2.0953919887542725,10.641998291015625,41
8.407015800476074,11.0263671875,89
3.4110004901885986,5.965747833251953,18
4.942762851715088,4.344222545623779,63
6.746554851531982,7.94558572769165,62
4.694067001342773,7.219056606292725,78
3.9436187744140625,5.369485378265381,51
6.73291540145874,5.636723518371582,15
9.452802658081055,10.991219520568848,81
9.429153442382812,6.04633092880249,33
9.291424751281738,11.24084186553955,13
12.195396423339844,10.016469955444336,68
8.41722297668457,11.069876670837402,89
9.286519050598145,11.010913848876953,81
4.331254005432129,6.052707195281982,77
6.161700248718262,4.2034711837768555,97
0.865726113319397,6.644099235534668,70
6.658186912536621,6.423074245452881,85
3.2928192615509033,6.0826568603515625,14
5.589867115020752,3.991581439971924,66
6.163334369659424,10.970853805541992,86
3.007699966430664,9.706522941589355,46
6.6956305503845215,7.973437786102295,91
5.5352067947387695,6.479616641998291,32
3.049494504928589,9.212825775146484,35
4.408344268798828,13.270593643188477,20
9.18614673614502,8.416600227355957,49
3.275078296661377,6.039356231689453,18
4.592099189758301,12.957493782043457,20
4.828240871429443,5.721372127532959,77
5.433675765991211,12.370514869689941,25
1.5605050325393677,6.033830642700195,92
5.6804680824279785,6.812249183654785,50
2.8831236362457275,7.356821060180664,24
7.092813014984131,8.226826667785645,73
7.740891933441162,5.693426132202148,19
4.115148544311523,11.805326461791992,40
6.9860100746154785,5.357168674468994,38
5.64969539642334,6.8882317543029785,27
7.420435428619385,6.175705909729004,15
5.974428653717041,10.949087142944336,13
8.414213180541992,10.182588577270508,85
1.2268853187561035,5.7987141609191895,54
3.895946502685547,8.394372940063477,18
7.336327075958252,7.750670433044434,27
3.0765256881713867,9.065387725830078,35
4.564965724945068,13.142416000366211,20
5.103917598724365,8.137311935424805,78
7.522645473480225,7.360917091369629,72
6.983349323272705,4.9460039138793945,43
10.1105318069458,7.9747314453125,23
6.842540740966797,8.224084854125977,67
4.511457920074463,13.078967094421387,84
7.8632683753967285,7.792243957519531,95
5.307180881500244,8.980287551879883,99
3.1267077922821045,7.15167236328125,7
4.92629861831665,10.508137702941895,16
3.0889039039611816,9.125657081604004,35
3.114907741546631,6.159992218017578,7
5.885365962982178,4.853350639343262,55
6.381332874298096,2.6322336196899414,21
5.7853288650512695,12.397854804992676,81
1.1852240562438965,8.637346267700195,1
5.239032745361328,4.608213901519775,63
7.515777587890625,5.289980411529541,31
6.9083967208862305,10.741037368774414,39
5.863415241241455,5.869959354400635,64
3.7884202003479004,8.517633438110352,11
5.331721782684326,11.288592338562012,16
7.540571212768555,4.359836578369141,43
1.8382312059402466,11.771058082580566,48
3.9135284423828125,4.409368515014648,50
7.451789855957031,5.703869342803955,31
9.176025390625,12.035649299621582,13
6.474627494812012,11.988226890563965,87
6.487467288970947,12.015911102294922,87
7.853618144989014,7.802773952484131,30
6.518160343170166,12.906131744384766,94
9.954412460327148,7.727782249450684,23
6.348078727722168,12.534889221191406,98
5.285140514373779,5.962306499481201,6
1.8815845251083374,11.738173484802246,48
4.983982086181641,4.3290205001831055,63
3.40663480758667,8.082091331481934,35
6.431821346282959,7.812515735626221,93
2.4973304271698,10.778261184692383,86
6.586185455322266,12.98990249633789,94
4.218732833862305,11.675317764282227,40
8.025104522705078,9.054420471191406,76
6.280961513519287,12.301775932312012,86
5.819465637207031,7.7196502685546875,32
3.0103042125701904,7.295520782470703,24
3.2826473712921143,7.166324138641357,14
2.371976613998413,6.028135776519775,14
7.7084503173828125,6.80307674407959,29
2.7822182178497314,6.149005889892578,79
5.605014801025391,10.984167098999023,87
5.737273693084717,7.204207897186279,55
3.068319320678711,8.547179222106934,2
0.35648787021636963,7.779858112335205,53
5.686611175537109,12.544891357421875,84
2.718726634979248,6.353458404541016,79
6.926158428192139,5.419858455657959,21
5.910964488983154,6.599082946777344,50
7.338902950286865,8.08923625946045,30
9.828814506530762,9.873309135437012,33
3.724287271499634,4.1590728759765625,36
0.14272521436214447,7.648054122924805,53
5.28065824508667,11.30017375946045,40
5.5106120109558105,11.988360404968262,87
3.1484851837158203,9.226249694824219,35
5.057399749755859,11.036724090576172,16
4.6779279708862305,4.607091426849365,64
2.108815908432007,10.692976951599121,41
5.349491596221924,11.185657501220703,62
0.44274595379829407,7.76563024520874,53
12.165090560913086,10.034985542297363,68
6.344476222991943,8.375487327575684,67
3.6813907623291016,8.92288875579834,11
-0.872398316860199,7.213062286376953,0
8.349085807800293,10.131052017211914,85
5.487992763519287,7.14055061340332,65
5.555819988250732,5.336910724639893,42
5.260281085968018,12.283811569213867,25
10.149017333984375,8.162660598754883,71
7.087165832519531,6.091651916503906,31
0.881726861000061,5.933010101318359,70
6.590775012969971,5.651189804077148,55
8.908509254455566,12.004985809326172,58
4.352776050567627,5.440710067749023,51
7.803142547607422,6.21468448638916,29
-0.2636118233203888,7.844531059265137,57
2.9305624961853027,11.650880813598633,8
5.532340049743652,5.4026970863342285,51
3.7551193237304688,4.185550212860107,36
7.535296440124512,6.0294189453125,15
10.24853515625,10.019478797912598,17
6.78962516784668,6.738479137420654,37
9.521276473999023,11.248618125915527,81
3.522085666656494,6.8420491218566895,7
4.650325298309326,12.284488677978516,20
4.89943790435791,6.1178669929504395,43
4.563634395599365,12.820086479187012,84
5.527587413787842,11.89421558380127,84
6.366515159606934,5.456010818481445,15
1.2626686096191406,5.836126804351807,7
5.185244083404541,7.019084453582764,27
1.2174338102340698,6.0550923347473145,70
9.115310668945312,8.397747993469238,49
4.316867828369141,5.784687042236328,6
4.35933256149292,11.594916343688965,40
10.988365173339844,5.4771728515625,47
6.911863803863525,10.730263710021973,39
7.561300277709961,5.9661946296691895,19
8.541383743286133,11.092398643493652,89
4.126303672790527,7.339076519012451,26
5.509334564208984,12.467493057250977,25
6.190423488616943,5.284501552581787,3
4.105704307556152,3.03074312210083,75
5.245317459106445,5.946262836456299,50
5.394951820373535,10.319646835327148,22
7.498284339904785,6.2851057052612305,40
9.407739639282227,11.385632514953613,13
3.0136523246765137,7.312524795532227,24
5.365482330322266,5.46240234375,14
10.203927993774414,8.170707702636719,71
2.993116855621338,9.249645233154297,11
5.262264251708984,10.180709838867188,22
5.168042182922363,5.889460563659668,34
3.3887293338775635,6.91465425491333,7
7.362846374511719,7.788718223571777,30
4.60898494720459,6.505632400512695,15
5.289374828338623,12.346484184265137,25
3.161681890487671,8.861138343811035,11
9.090546607971191,8.406890869140625,49
3.7051544189453125,9.421225547790527,35
4.837989807128906,9.901534080505371,10
9.341869354248047,11.309422492980957,81
1.5946497917175293,4.594807147979736,82
7.114050388336182,7.927945137023926,30
8.844033241271973,12.318647384643555,58
2.348670721054077,5.448533058166504,6
11.13593578338623,5.3097243309021,52
10.551719665527344,5.3218488693237305,59
7.479472637176514,9.785252571105957,76
0.9263920187950134,6.557894706726074,62
3.8618061542510986,7.0004425048828125,45
5.603906154632568,7.492399215698242,65
6.415698051452637,2.307950019836426,21
3.127087354660034,8.611734390258789,2
6.319100856781006,12.01970100402832,87
5.943656921386719,5.690361976623535,38
7.076487064361572,5.550034046173096,31
5.392370700836182,12.996404647827148,5
7.842499256134033,8.569053649902344,78
4.8147358894348145,5.193471908569336,50
4.7512640953063965,6.70414400100708,6
5.071855545043945,3.5917413234710693,42
6.539717674255371,7.809482097625732,93
9.05499267578125,10.883638381958008,81
5.7123494148254395,8.239394187927246,91
5.999802589416504,5.141741752624512,21
1.3267157077789307,8.585083961486816,1
4.666103839874268,5.057189464569092,50
6.650359153747559,13.117873191833496,94
6.1270599365234375,4.707852840423584,80
-0.2918829023838043,7.719080448150635,83
9.898061752319336,10.837008476257324,37
4.105240345001221,6.9136505126953125,26
4.518865585327148,12.665769577026367,84
6.115828514099121,4.928025722503662,93
4.824845314025879,3.5124599933624268,42
5.605311870574951,11.262913703918457,45
1.6095359325408936,4.54173469543457,82
4.694324493408203,5.066501617431641,50
10.14764404296875,4.708222389221191,56
5.05126428604126,8.150585174560547,78
7.913340091705322,6.1399760246276855,90
4.716640949249268,6.276253700256348,38
9.170720100402832,11.469191551208496,13
4.708110809326172,9.88695240020752,10
5.728888988494873,8.299566268920898,91
6.347806930541992,2.375293254852295,53
3.282766819000244,8.303082466125488,50
4.096804618835449,8.62960147857666,32
-0.5843551158905029,7.4028167724609375,0
10.888813018798828,5.579349517822266,47
6.628726482391357,6.426819324493408,98
6.684356212615967,5.255427360534668,3
9.22350788116455,11.371601104736328,17
4.667099475860596,6.200416088104248,45
4.8483734130859375,6.448753833770752,26
9.919676780700684,7.858448028564453,23
2.6762800216674805,8.742640495300293,2
6.137836456298828,4.749074459075928,88
6.010046005249023,7.142924785614014,67
10.234381675720215,10.003168106079102,17
5.318744659423828,11.389427185058594,44
6.185108661651611,6.125254154205322,34
7.558657646179199,3.6584312915802,88
2.9435160160064697,5.9872145652771,79
5.1110405921936035,9.923601150512695,61
3.411626100540161,8.354637145996094,63
2.9111130237579346,8.033703804016113,53
4.851035118103027,12.445371627807617,20
2.963785409927368,9.051952362060547,2
5.502254009246826,6.363104820251465,32
-0.3932221233844757,7.752101898193359,57
7.685783386230469,5.746950626373291,19
10.961884498596191,5.385851860046387,52
6.278095245361328,5.404750823974609,88
4.441184043884277,13.275735855102539,20
6.224369049072266,11.915183067321777,87
8.956795692443848,8.645456314086914,90
2.7438318729400635,9.04666519165039,2
8.371882438659668,10.141072273254395,85
5.4358906745910645,10.292539596557617,61
4.557056903839111,12.764260292053223,84
2.777268409729004,7.391718864440918,24
9.1246337890625,8.352828979492188,49
10.068655014038086,5.66552209854126,96
10.341350555419922,8.183170318603516,23
1.5887956619262695,4.612979888916016,82
7.272704601287842,7.906270503997803,30
3.661449432373047,8.913533210754395,35
4.987497806549072,7.975820064544678,78
1.5861773490905762,4.505123138427734,82
3.380495071411133,6.1244401931762695,80
10.228185653686523,4.611598491668701,56
3.460249662399292,9.1321382522583,98
5.391951084136963,11.955534934997559,60
6.510026454925537,7.755845546722412,93
5.325015068054199,12.965048789978027,84
7.854451656341553,3.1164653301239014,88
3.6117770671844482,7.413541316986084,48
7.6952385902404785,4.253844261169434,43
2.1118903160095215,10.674842834472656,41
3.3574962615966797,6.919636249542236,7
2.7732605934143066,6.488124847412109,79
4.718735694885254,6.647671699523926,18
2.9068210124969482,11.71760082244873,8
2.814088821411133,9.048693656921387,35
0.9122368097305298,6.662374973297119,62
6.035787582397461,5.0110273361206055,38
8.30961799621582,11.20851993560791,89
10.68835735321045,8.182527542114258,60
6.873024940490723,8.245340347290039,73
6.533419132232666,12.916875839233398,94
3.0456604957580566,6.184042930603027,79
1.261923909187317,5.881863117218018,1
8.115423202514648,8.895244598388672,69
1.8154783248901367,11.798532485961914,48
3.411632537841797,9.91813850402832,32
5.119318962097168,12.732205390930176,25
5.557249069213867,3.928985595703125,66
2.314000368118286,5.50123405456543,6
4.392714023590088,6.004419326782227,77
11.141802787780762,5.290127754211426,52
1.244246244430542,8.709080696105957,1
9.286763191223145,10.483116149902344,90
5.632533073425293,12.249486923217773,25
5.754921913146973,8.247876167297363,91
5.338525295257568,5.736178398132324,4
2.0551259517669678,10.659987449645996,41
7.408812999725342,7.862605571746826,95
7.591214656829834,7.731834888458252,30
9.657195091247559,9.55945110321045,12
6.396325588226318,2.3180105686187744,21
8.400607109069824,11.077900886535645,89
6.454456329345703,5.958735466003418,3
4.981984615325928,6.7879204750061035,44
0.9225634932518005,5.976925373077393,70
7.19636344909668,5.657622337341309,31
6.2944016456604,6.257382392883301,69
4.085031509399414,9.319389343261719,35
4.5906853675842285,6.804454803466797,78
5.455048561096191,11.810518264770508,40
6.61337423324585,5.793580055236816,55
6.319869518280029,5.6963911056518555,65
4.037565231323242,8.38790512084961,14
5.627813816070557,12.348305702209473,88
5.36232328414917,8.938751220703125,99
10.9288911819458,5.919701099395752,47
6.775576591491699,3.982635736465454,34
10.059394836425781,5.713176250457764,96
5.223336219787598,6.501402378082275,63
2.3226795196533203,5.474632740020752,6
4.957910537719727,7.883147239685059,99
6.411887168884277,11.960685729980469,87
9.957106590270996,8.926355361938477,33
4.574958324432373,7.19880485534668,78
9.43399429321289,11.070989608764648,81
6.071081161499023,4.678782939910889,80
10.59420108795166,5.4974493980407715,47
5.008498668670654,10.110986709594727,10
10.636834144592285,5.662411689758301,96
4.673940658569336,4.615995407104492,64
10.513672828674316,8.174670219421387,60
4.919826030731201,10.293783187866211,10
11.075309753417969,5.633073806762695,47
7.354434967041016,7.688864707946777,3
7.4196085929870605,5.401143550872803,31
2.9936320781707764,9.693422317504883,46
9.158616065979004,6.169412136077881,33
5.7186126708984375,10.912687301635742,22
0.8863444328308105,6.544389247894287,62
5.656548976898193,12.289360046386719,65
2.329836368560791,10.665665626525879,41
3.5029683113098145,10.044906616210938,32
-0.4250890016555786,7.432015419006348,57
4.54628324508667,13.196280479431152,5
4.203972339630127,5.289395332336426,51
4.464698314666748,7.209098815917969,44
10.209906578063965,5.549929141998291,96
5.647477149963379,4.97593355178833,65
4.281750679016113,13.011104583740234,20
2.048729419708252,10.644157409667969,41
5.587219715118408,6.727980613708496,78
2.067408561706543,10.63052749633789,41
0.7924078702926636,6.52014684677124,62
2.6979527473449707,6.464507579803467,79
6.88278865814209,5.525968074798584,19
4.122230529785156,11.676844596862793,40
5.5783514976501465,11.724064826965332,90
6.4839558601379395,12.011862754821777,87
5.418439865112305,5.320382595062256,66
0.4006604850292206,7.7920637130737305,53
8.082385063171387,8.79577922821045,69
6.87034797668457,7.931342601776123,93
6.57204532623291,7.853888511657715,32
11.080217361450195,4.800057888031006,59
10.421772956848145,8.300257682800293,71
1.1853793859481812,5.35426139831543,54
4.746296405792236,6.17962121963501,93
10.768326759338379,8.275124549865723,60
-0.43245649337768555,7.677252769470215,57
4.509005546569824,13.192588806152344,20
10.92720890045166,5.465760231018066,96
3.0527889728546143,9.65447998046875,46
8.474584579467773,5.93518590927124,29
6.676883697509766,4.809171676635742,38
9.502498626708984,11.212372779846191,81
4.084986209869385,7.419579982757568,26
10.24811840057373,10.924128532409668,37
5.61566686630249,12.007325172424316,84
8.689834594726562,10.948576927185059,89
5.320220947265625,4.853513717651367,4
5.062414169311523,4.3921284675598145,63
4.53668737411499,13.065604209899902,20
2.918779134750366,9.136401176452637,35
5.674929618835449,4.297483444213867,66
2.82089900970459,7.368500232696533,24
6.8387322425842285,4.0199809074401855,34
4.013777256011963,11.298379898071289,28
8.686985969543457,11.714522361755371,58
7.411876678466797,7.579838752746582,30
6.397488594055176,7.864547252655029,26
9.730951309204102,8.782624244689941,12
4.033814907073975,11.342816352844238,28
3.121375799179077,6.089162349700928,79
5.399363994598389,11.806672096252441,65
3.8823864459991455,7.7233662605285645,54
10.27979564666748,4.542290687561035,56
6.737766265869141,8.127933502197266,67
6.677518844604492,5.660140514373779,55
4.832279682159424,11.552044868469238,9
4.7958478927612305,10.121099472045898,22
3.7733712196350098,4.2079758644104,36
9.193177223205566,8.432833671569824,49
6.709113121032715,5.746295928955078,72
5.2146782875061035,4.7896199226379395,63
6.00353479385376,11.053966522216797,86
5.149099349975586,6.956264019012451,1
11.034995079040527,5.1164398193359375,59
8.456352233886719,11.085901260375977,9
5.648456573486328,4.587162971496582,66
0.22383363544940948,6.914249420166016,83
5.411317825317383,10.21313762664795,22
4.813305854797363,3.5558104515075684,42
7.06259298324585,8.279583930969238,73
6.091247081756592,5.962574481964111,4
6.723117351531982,4.063298225402832,34
10.231739044189453,8.375616073608398,71
6.5387654304504395,12.047388076782227,87
6.047563552856445,5.894251823425293,97
-0.6185333132743835,7.191269397735596,0
5.0116496086120605,7.931690216064453,78
10.27452278137207,8.31939697265625,71
8.347707748413086,10.136701583862305,85
5.759352684020996,6.65398645401001,80
0.573885440826416,7.592281341552734,53
9.363489151000977,10.542705535888672,90
6.958969593048096,5.143697738647461,15
6.8791069984436035,5.960111618041992,31
7.712512016296387,3.2682864665985107,88
3.8001325130462646,8.777213096618652,35
6.423371315002441,5.892076015472412,3
2.06412410736084,6.007287502288818,79
5.250433444976807,10.075701713562012,10
4.658717632293701,6.933255195617676,78
4.717000961303711,8.231850624084473,40
3.191669464111328,6.982816696166992,7
3.9551143646240234,9.131735801696777,98
6.794228553771973,4.1119184494018555,34
4.063514232635498,7.243807315826416,26
1.8696686029434204,11.75574779510498,48
3.3540306091308594,9.295842170715332,35
3.410961389541626,10.016815185546875,32
1.5677471160888672,6.92695951461792,62
5.594059944152832,5.680295467376709,65
8.934664726257324,6.1365742683410645,29
3.9634382724761963,5.603975772857666,51
3.9735560417175293,5.369488716125488,51
12.034100532531738,10.221735954284668,68
2.996307134628296,11.64911937713623,8
-0.00862417183816433,6.910009860992432,83
1.6488730907440186,6.931136131286621,6
3.7962775230407715,2.6870200634002686,75
5.7157087326049805,6.248075008392334,93
7.815819263458252,7.773440361022949,95
3.324674606323242,9.052328109741211,98
1.2751246690750122,8.695324897766113,1
5.158135890960693,9.698655128479004,61
12.173166275024414,10.044828414916992,68
3.713378667831421,4.1455793380737305,36
2.970715045928955,9.191445350646973,11
4.674169540405273,9.779549598693848,10
6.640697002410889,6.059847354888916,38
3.8515188694000244,4.253498077392578,36
5.909831523895264,4.768716335296631,42
2.746908664703369,8.925832748413086,2
5.817468643188477,8.035246849060059,91
5.255762100219727,6.01573371887207,93
11.948904991149902,10.221826553344727,68
10.155309677124023,9.982970237731934,17
9.308725357055664,6.038700103759766,33
10.141307830810547,4.661393165588379,56
1.2237788438796997,5.493984699249268,54
5.10357666015625,5.703602313995361,65
3.4820051193237305,9.422867774963379,98
8.130276679992676,9.097135543823242,69
5.276763439178467,6.004903793334961,99
6.741219997406006,4.011407852172852,34
9.989848136901855,7.944322109222412,23
2.833714008331299,7.369418144226074,24
5.12877893447876,9.706930160522461,61
2.862076759338379,11.690905570983887,8
8.350868225097656,11.177433013916016,89
9.789228439331055,9.789308547973633,12
4.04117488861084,6.9937567710876465,26
5.35103702545166,4.642855167388916,63
5.522169589996338,6.4143757820129395,29
4.695703983306885,9.851672172546387,28
7.486310005187988,6.029982089996338,15
3.7664661407470703,2.6518852710723877,75
4.859382152557373,10.518379211425781,83
10.919669151306152,8.135587692260742,60
5.367491722106934,5.639001846313477,4
3.392059326171875,5.933119297027588,18
3.7661473751068115,9.021728515625,46
6.822498798370361,3.872690200805664,34
6.622885227203369,5.244884490966797,80
5.693753242492676,12.42463207244873,25
5.7720184326171875,12.489967346191406,36
3.1898763179779053,7.060945987701416,14
5.036712646484375,11.067235946655273,16
6.55025053024292,12.967486381530762,94
8.575767517089844,10.03588581085205,85
4.942988395690918,4.268589973449707,63
9.245675086975098,10.557908058166504,90
3.2978410720825195,9.083130836486816,35
6.374951362609863,12.247152328491211,87
4.356771469116211,6.075346946716309,72
5.34386682510376,9.905396461486816,22
0.9515023231506348,6.066719055175781,70
5.359288215637207,3.7403740882873535,88
4.000336647033691,8.33987045288086,93
8.362890243530273,10.147476196289062,85
9.328754425048828,10.162692070007324,37
5.1489691734313965,6.369577884674072,55
5.5894012451171875,3.9894609451293945,66
7.633183479309082,5.762263298034668,19
2.754016876220703,6.344723224639893,79
10.524974822998047,5.781966686248779,96
5.604313850402832,4.05426025390625,66
6.846328258514404,3.845019817352295,34
12.186261177062988,9.958711624145508,68
6.946486473083496,6.991697788238525,55
6.627969264984131,4.792171001434326,34
7.262540340423584,9.753904342651367,76
6.356190204620361,2.435128927230835,21
7.351995944976807,7.800197601318359,30
3.4102606773376465,8.280241966247559,99
5.203511714935303,7.269922733306885,29
6.6909403800964355,10.669890403747559,39
5.760813236236572,4.388789653778076,66
2.2083263397216797,10.635958671569824,41
6.949429512023926,4.998023986816406,3
11.119504928588867,5.334062576293945,52
1.2001323699951172,8.782936096191406,1
10.009866714477539,5.6288862228393555,59
2.6739542484283447,6.201094150543213,79
6.2972822189331055,8.486228942871094,32
8.863798141479492,12.290014266967773,58
6.018055438995361,7.392113208770752,30
10.157429695129395,8.451987266540527,71
5.634517669677734,6.373239517211914,27
4.148218631744385,8.10126781463623,91
4.654821872711182,4.631664276123047,64
11.96750545501709,10.241288185119629,68
1.7938178777694702,11.83164119720459,48
10.363018035888672,8.381603240966797,71
5.944010257720947,4.656957626342773,97
4.040955066680908,11.170832633972168,28
7.851214408874512,7.769261360168457,95
3.396193265914917,8.132405281066895,7
4.042849063873291,11.353448867797852,28
8.863919258117676,11.942161560058594,58
3.4186689853668213,6.411073207855225,14
3.795689105987549,7.174341201782227,10
5.2639899253845215,5.88163948059082,77
6.596652984619141,10.434430122375488,39
2.9897243976593018,9.697205543518066,46
3.9966959953308105,7.3651323318481445,26
5.143523216247559,12.76184368133545,25
6.3378005027771,2.4743292331695557,21
7.252096652984619,5.96096134185791,15
5.539874076843262,3.909590482711792,66
2.7111027240753174,6.24257755279541,79
7.70107889175415,6.726285457611084,37
5.568345546722412,12.820995330810547,5
10.155778884887695,4.839114665985107,37
5.394600868225098,6.298895835876465,27
5.458183765411377,10.425765037536621,78
7.179224014282227,5.750931262969971,43
10.796765327453613,5.624400615692139,47
8.10648250579834,6.108926296234131,19
3.48215389251709,6.584510803222656,14
11.020379066467285,5.0131144523620605,59
2.7172439098358154,6.389140605926514,79
5.0404839515686035,11.02322006225586,16
5.601888656616211,5.591350555419922,42
10.868390083312988,5.601376533508301,52
4.884251594543457,11.527623176574707,9
4.119072914123535,11.744132041931152,40
3.0683722496032715,7.365706443786621,7
9.248820304870605,11.935989379882812,13
6.360252380371094,12.735494613647461,94
9.244987487792969,11.81518840789795,13
5.2478766441345215,6.523277282714844,44
3.1392061710357666,7.346024036407471,7
5.335691452026367,7.2707295417785645,50
3.696378469467163,9.106314659118652,11
4.405215740203857,4.837996006011963,64
1.4401471614837646,5.809916973114014,54
0.2268928736448288,6.844285011291504,83
3.8050289154052734,4.242124557495117,36
9.832134246826172,5.798628330230713,33
5.469101428985596,6.227265357971191,74
3.8237764835357666,2.787191390991211,75
2.711606025695801,6.929961681365967,82
10.191534996032715,8.497806549072266,71
-0.13148291409015656,7.119512557983398,73
5.873239040374756,5.420838832855225,72
0.3253285884857178,7.019311904907227,83
7.8667497634887695,3.0843827724456787,88
6.342236518859863,2.3759353160858154,21
9.16887378692627,8.374775886535645,49
0.5508240461349487,7.618360996246338,83
5.976970195770264,12.238202095031738,86
9.47696304321289,7.855319976806641,55
6.965483665466309,6.358103275299072,15
4.127321243286133,4.487909317016602,80
6.6406707763671875,13.09089183807373,94
4.845038890838623,3.5652966499328613,42
8.311929702758789,8.313726425170898,49
10.16452693939209,8.467734336853027,71
5.748347282409668,10.86328411102295,22
5.693253040313721,8.29405403137207,91
7.554117202758789,3.5132076740264893,88
3.6770830154418945,8.741678237915039,35
1.6030148267745972,4.609373569488525,82
4.710487365722656,13.076079368591309,20
9.206334114074707,8.503835678100586,49
10.239725112915039,4.541934490203857,56
7.917416095733643,7.829007148742676,95
5.134842872619629,7.165859699249268,29
-0.4736630618572235,7.931067943572998,57
2.7363975048065186,6.453320503234863,79
7.423623561859131,9.864995002746582,76
0.8465302586555481,6.597054481506348,62
10.313484191894531,4.799010276794434,56
5.062836647033691,11.098243713378906,8
6.343849182128906,5.2661824226379395,80
6.226424217224121,4.004986763000488,97
1.6968952417373657,7.013286590576172,53
5.519586563110352,5.116838455200195,4
3.233680009841919,9.543502807617188,46
3.6590986251831055,8.34970760345459,64
4.633240222930908,5.815998077392578,6
2.990980625152588,9.684966087341309,46
4.695437908172607,5.7157392501831055,51
7.245123386383057,5.662298202514648,38
5.234589099884033,8.697464942932129,99
5.539380073547363,12.77928638458252,5
6.460634231567383,5.590415954589844,3
7.467148780822754,6.060869216918945,15
10.89958667755127,5.395964622497559,47
0.7449837923049927,6.147428035736084,92
7.405921459197998,7.417850971221924,30
10.738407135009766,5.908905982971191,33
5.425145149230957,8.834442138671875,99
5.231229305267334,11.278223037719727,16
11.216020584106445,5.343799114227295,52
9.09070110321045,10.328106880187988,90
7.903185844421387,7.915579795837402,30
9.29161262512207,9.85690975189209,90
1.2049174308776855,8.663297653198242,1
1.6432002782821655,4.657642841339111,82
1.1451771259307861,5.790340900421143,54
6.47951078414917,2.6634724140167236,21
6.872369766235352,10.743690490722656,39
2.7862980365753174,7.369832515716553,24
0.39513131976127625,7.639709949493408,53
9.719266891479492,9.581932067871094,12
3.72355318069458,7.3627400398254395,7
3.0112991333007812,11.633150100708008,22
4.6048712730407715,13.053845405578613,20
9.214827537536621,9.341650009155273,44
6.862363815307617,4.044638633728027,34
7.310662746429443,7.765869617462158,30
2.3972785472869873,6.293609142303467,54
9.701986312866211,9.675344467163086,12
6.202286243438721,12.593049049377441,94
2.716053009033203,6.45680570602417,79
10.899075508117676,5.495808124542236,47
6.645488739013672,5.373589038848877,79
6.501825332641602,5.320335865020752,31
6.430387020111084,5.820250511169434,38
6.180130481719971,5.316854953765869,31
12.160430908203125,10.031436920166016,68
6.3649725914001465,2.3999829292297363,21
6.3593244552612305,2.3364832401275635,21
5.599260330200195,6.456847667694092,27
1.9153032302856445,11.637250900268555,48
3.6826703548431396,6.6715192794799805,41
7.70380163192749,5.790724277496338,19
5.18587589263916,12.73190689086914,25
6.568699836730957,10.199638366699219,39
9.948775291442871,10.84278392791748,37
6.477710247039795,12.005807876586914,87
6.513823986053467,7.151741981506348,73
4.464836597442627,6.616527557373047,72
10.123701095581055,11.027149200439453,37
4.768100261688232,4.737092018127441,64
2.327038526535034,5.512722969055176,6
5.095510005950928,11.037690162658691,16
3.028813362121582,9.134086608886719,46
5.178283214569092,4.526529788970947,63
0.19500820338726044,7.759610652923584,53
6.752750873565674,6.8054585456848145,55
7.981422424316406,7.7446370124816895,95
6.270406246185303,10.84183120727539,86
6.224008560180664,10.929398536682129,86
1.8638991117477417,11.734611511230469,48
7.185861110687256,8.151084899902344,73
0.1883583962917328,7.678866386413574,53
6.514638900756836,12.046449661254883,87
3.4316205978393555,9.383586883544922,2
4.230325698852539,8.004956245422363,40
10.292295455932617,4.551019191741943,56
10.344904899597168,5.64060115814209,96
3.383070468902588,8.221952438354492,2
4.88430643081665,11.289570808410645,16
12.004508018493652,10.11194133758545,68
3.1705756187438965,9.20072078704834,35
8.487454414367676,11.241484642028809,89
1.801987886428833,11.81753158569336,48
1.0112617015838623,6.752665042877197,62
5.352900981903076,5.432705879211426,26
6.139317989349365,6.025606632232666,72
6.168945789337158,3.9039461612701416,97
5.385698318481445,7.0902323722839355,27
2.0624678134918213,10.633255958557129,41
6.247281074523926,4.780190944671631,80
4.904191493988037,9.776511192321777,10
3.087961435317993,10.37557601928711,46
-0.9016227126121521,7.251158237457275,0
7.776568412780762,7.860785961151123,95
6.664111137390137,5.941415786743164,3
0.8869240880012512,6.223978519439697,70
10.131021499633789,4.700366973876953,56
2.9733803272247314,7.300514221191406,24
7.067624568939209,8.173404693603516,73
4.79639196395874,11.577170372009277,9
4.718502998352051,11.890413284301758,84
4.9865803718566895,11.42000961303711,9
10.910264015197754,5.337884426116943,59
4.107768535614014,11.433806419372559,28
10.843485832214355,5.396298408508301,47
4.838042259216309,6.316822052001953,26
12.126779556274414,10.033205032348633,68
5.454736709594727,12.923604965209961,5
1.3986427783966064,6.245143890380859,70
10.306299209594727,10.009278297424316,17
4.408178329467773,9.196210861206055,88
5.66493558883667,6.992330551147461,27
3.155318260192871,9.153854370117188,9
9.062920570373535,8.43306827545166,49
8.80495834350586,9.015955924987793,60
5.599137306213379,12.458202362060547,25
8.595848083496094,8.507396697998047,49
4.79438591003418,11.59451961517334,9
5.568933010101318,7.353355884552002,65
5.311450958251953,11.0244140625,16
9.230109214782715,8.34801959991455,49
3.1938977241516113,7.391085624694824,24
3.557955503463745,6.966554641723633,78
4.048202991485596,7.138514041900635,26
6.384496212005615,2.326061964035034,21
6.166416645050049,5.180553913116455,21
6.494990348815918,12.874359130859375,94
9.310248374938965,6.237412452697754,40
6.402101993560791,2.319232702255249,21
3.2823519706726074,6.292986869812012,14
-0.9136274456977844,7.233550071716309,0
5.3718647956848145,4.747808456420898,63
5.474599838256836,10.959294319152832,22
0.913969099521637,6.59147310256958,62
6.020083427429199,6.499181270599365,36
5.355409145355225,4.625596046447754,63
6.884031295776367,10.417688369750977,39
9.318680763244629,11.483535766601562,13
1.9296691417694092,7.057969570159912,2
5.543007850646973,5.1568922996521,63
5.599712371826172,12.763997077941895,5
4.996713638305664,5.256376266479492,50
5.7052202224731445,12.587532043457031,5
8.091822624206543,9.000800132751465,69
1.2392410039901733,8.698535919189453,1
4.448217391967773,13.118568420410156,20
7.458098888397217,7.664931297302246,30
8.768266677856445,12.11839771270752,58
4.7845916748046875,6.0327467918396,51
3.027252674102783,8.95593547821045,98
4.866217136383057,9.764713287353516,61
7.321467399597168,7.906006813049316,30
5.016762733459473,10.995950698852539,16
7.9375433921813965,7.829503059387207,95
-0.4278569221496582,7.227746486663818,7
1.241797685623169,5.415452480316162,54
4.215530872344971,10.360526084899902,57
2.9680612087249756,9.720585823059082,46
2.043240547180176,10.667244911193848,41
2.3727567195892334,11.71219253540039,8
-0.5294508934020996,7.8807268142700195,57
5.684435844421387,4.7435479164123535,63
6.365542888641357,2.342698097229004,21
3.958132743835449,11.266345977783203,28
6.232565402984619,4.472469329833984,97
3.2102811336517334,6.947084426879883,7
3.0827198028564453,8.857918739318848,35
6.01286506652832,5.71990442276001,19
3.335686445236206,6.401332855224609,14
6.678577899932861,13.15079402923584,94
9.265036582946777,11.84210205078125,13
8.674832344055176,8.307186126708984,49
9.952445983886719,4.8570170402526855,56
5.450131893157959,5.6820244789123535,4
9.568221092224121,10.165779113769531,12
8.638935089111328,11.719408988952637,41
11.098714828491211,5.357596397399902,47
10.00857162475586,8.130139350891113,23
7.465082168579102,9.802019119262695,76
11.530640602111816,10.098336219787598,68
5.876812934875488,5.6264262199401855,4
3.197758197784424,6.213442325592041,14
2.4099361896514893,5.498498916625977,6
10.03138256072998,10.232647895812988,17
6.1929826736450195,3.9177908897399902,97
7.2184038162231445,9.8507661819458,76
9.327629089355469,11.600339889526367,13
3.741441488265991,7.655064582824707,45
8.11199951171875,5.745580673217773,38
6.720842361450195,6.770963191986084,72
5.197299957275391,12.88692855834961,5
5.479063510894775,5.187153339385986,4
5.64112663269043,4.061765193939209,66
6.238742351531982,6.167201995849609,44
9.486566543579102,5.959872245788574,33
0.021136479452252388,6.905943870544434,83
8.48140811920166,10.223152160644531,85
12.115180015563965,10.091617584228516,68
2.369131565093994,6.165035724639893,92
4.075783729553223,5.310423374176025,51
-0.47005727887153625,7.265902042388916,0
6.348153591156006,5.716843605041504,72
6.852899074554443,4.0007805824279785,34
6.163848876953125,3.901318073272705,97
6.494537830352783,5.742956638336182,65
2.4776647090911865,5.480838298797607,6
5.012503147125244,6.7823381423950195,44
2.951728582382202,9.097151756286621,11
3.8809010982513428,7.301984786987305,45
3.02850079536438,6.32029914855957,83
2.0677480697631836,10.65321159362793,41
7.495879650115967,4.408310890197754,43
3.147550106048584,6.055284023284912,18
3.6970055103302,7.1097540855407715,24
1.1884950399398804,8.678199768066406,1
10.230132102966309,9.975135803222656,17
3.784212112426758,2.6871650218963623,75
6.2951507568359375,10.844202041625977,86
7.6071600914001465,6.380192756652832,43
5.38026762008667,5.048434257507324,4
6.579887390136719,7.766505718231201,93
0.8628997206687927,6.2974419593811035,92
8.01169204711914,7.981734275817871,95
5.6642680168151855,4.9384260177612305,23
4.054808139801025,5.303267955780029,51
10.430088996887207,8.149979591369629,60
9.43664264678955,10.931660652160645,81
5.41359281539917,8.83300495147705,99
7.950659275054932,8.833808898925781,69
9.245833396911621,11.87846851348877,13
10.214749336242676,4.557163715362549,56
9.187179565429688,8.48002815246582,23
6.592146396636963,4.771236896514893,38
5.6189374923706055,11.33779525756836,87
7.558034420013428,5.321536064147949,31
6.3941473960876465,6.960295677185059,29
9.270824432373047,11.93960189819336,13
1.4810974597930908,5.638214111328125,54
10.335328102111816,5.65329647064209,96
5.098599433898926,7.553338527679443,65
3.5054092407226562,5.955616474151611,18
0.9323669075965881,6.282892227172852,92
9.919465065002441,7.749274730682373,23
4.788496971130371,11.573144912719727,9
5.737826824188232,6.130430698394775,32
5.841807842254639,5.982115268707275,38
9.958065032958984,7.732791900634766,23
3.7911956310272217,2.693507194519043,75
5.391967296600342,6.359882354736328,27
4.752176284790039,11.602585792541504,9
2.2878870964050293,10.781481742858887,41
5.824751377105713,7.647917747497559,55
7.548498630523682,5.756288051605225,19
8.948540687561035,10.17027759552002,8
6.272353172302246,10.849823951721191,86
7.289599418640137,8.23262882232666,73
2.0784661769866943,10.686134338378906,41
1.8506810665130615,11.764347076416016,48
4.484884262084961,13.241510391235352,20
11.152690887451172,5.496749401092529,52
10.926437377929688,8.124083518981934,60
5.147656440734863,11.762948989868164,41
11.19655990600586,5.317989349365234,47
9.330836296081543,10.75391960144043,90
-0.8131645917892456,7.230881214141846,0
6.382390022277832,6.066470623016357,55
4.864332675933838,5.770303249359131,6
1.941483974456787,6.469125270843506,2
6.742621421813965,5.604340076446533,72
4.089768886566162,8.659514427185059,15
6.396124839782715,12.26261043548584,37
9.324250221252441,10.56348705291748,90
1.832924485206604,11.764866828918457,48
9.680654525756836,9.825204849243164,12
4.717641353607178,6.287710189819336,77
8.976296424865723,12.090726852416992,58
10.337078094482422,5.659210205078125,96
9.065925598144531,5.782764911651611,65
8.3850736618042,10.117021560668945,41
11.105968475341797,5.3102874755859375,96
4.757092475891113,6.978375434875488,78
5.736544132232666,7.57742977142334,32
4.558967113494873,12.5266695022583,84
7.827178001403809,3.129361391067505,88
5.982018947601318,4.85160493850708,64
5.316822528839111,10.284302711486816,22
4.983656883239746,7.91298770904541,78
7.122560024261475,8.086207389831543,73
5.839130401611328,6.539863586425781,93
4.721071720123291,9.836609840393066,10
11.13829517364502,5.33278751373291,52
6.62908935546875,8.144709587097168,7
6.21811580657959,4.162946701049805,97
-0.5501041412353516,7.884253978729248,57
6.795155048370361,8.112414360046387,73
7.327113151550293,8.32309341430664,95
6.581416606903076,8.0846529006958,67
7.379517555236816,5.453948020935059,31
8.877504348754883,12.336270332336426,58
5.964437961578369,12.064209938049316,37
5.90391206741333,5.868809223175049,4
8.357040405273438,10.138625144958496,85
6.342881202697754,5.429390907287598,3
9.297329902648926,5.9847564697265625,51
2.9098880290985107,11.729325294494629,8
6.663343906402588,13.126033782958984,94
8.429975509643555,10.157247543334961,85
7.5510687828063965,5.339001655578613,31
4.539720058441162,12.333843231201172,84
1.0617371797561646,6.775619029998779,62
10.266372680664062,9.980411529541016,76
4.688455581665039,4.642725944519043,64
7.327125549316406,4.313409805297852,43
6.179046154022217,3.8025033473968506,97
4.387696266174316,8.79108715057373,75
4.918332576751709,9.793025970458984,10
5.541489601135254,12.376177787780762,25
5.14955997467041,5.7958269119262695,27
9.554534912109375,11.268941879272461,81
8.833732604980469,12.156267166137695,58
6.000741958618164,10.479998588562012,76
10.3812837600708,9.978998184204102,17
5.681721210479736,6.1268086433410645,27
3.6597485542297363,8.465810775756836,2
9.492501258850098,5.844361782073975,96
5.29351806640625,4.701573848724365,63
6.058355331420898,11.065038681030273,86
3.6433918476104736,6.705403804779053,7
5.746311664581299,12.378168106079102,84
9.882828712463379,5.909755706787109,33
11.961357116699219,10.268665313720703,68
10.391220092773438,9.993882179260254,17
1.3477845191955566,5.543118953704834,54
10.515357971191406,6.191899299621582,59
10.85551643371582,5.582437992095947,47
-0.7922863960266113,7.184541702270508,0
8.38356876373291,11.132991790771484,89
4.1790618896484375,3.1880035400390625,75
6.172198295593262,5.347211837768555,31
7.1911940574646,8.168893814086914,67
7.834468841552734,7.800251007080078,95
9.296483993530273,10.575544357299805,90
3.1073365211486816,7.036014080047607,7
6.816224575042725,4.1017255783081055,34
0.9715803861618042,5.936922073364258,70
3.731478214263916,6.455847263336182,78
7.085790634155273,5.463665962219238,15
5.23195743560791,8.515148162841797,99
6.959901332855225,5.438610076904297,15
3.9619150161743164,6.247051239013672,18
11.030649185180664,5.525538921356201,47
1.08770751953125,5.813140869140625,70
5.017912864685059,4.420007705688477,63
4.555213451385498,13.023929595947266,20
6.602777481079102,13.002368927001953,94
5.033846855163574,6.512787818908691,44
5.290977478027344,6.691686630249023,93
7.559156894683838,6.002205848693848,15
4.818735122680664,11.541937828063965,9
5.014077186584473,7.8833723068237305,78
1.0371954441070557,6.762600898742676,62
8.987675666809082,10.926056861877441,41
4.179277420043945,8.72189998626709,98
6.491725921630859,7.386743545532227,45
4.608828067779541,13.282814025878906,20
4.813332557678223,4.763147830963135,64
9.417753219604492,6.069255352020264,33
10.36611557006836,9.97958755493164,17
12.170775413513184,9.987752914428711,68
6.5088911056518555,5.936027526855469,3
0.39802777767181396,7.878064155578613,53
4.732977390289307,8.171406745910645,95
2.9914934635162354,9.681541442871094,46
9.318591117858887,8.17081356048584,49
4.224379539489746,8.463653564453125,3
0.9738889932632446,5.964176654815674,70
3.113746166229248,6.732623100280762,79
5.682204246520996,6.024166107177734,27
6.870264530181885,5.521928787231445,15
1.5792524814605713,4.640323638916016,82
5.142769813537598,11.131174087524414,11
-0.2836851179599762,7.361040115356445,57
4.826951026916504,5.439371109008789,51
5.093247890472412,5.657876014709473,27
9.726381301879883,9.650556564331055,12
5.377294063568115,12.427224159240723,25
4.2448530197143555,8.38303279876709,46
11.13419246673584,4.79768180847168,59
8.847874641418457,12.312727928161621,58
5.201636791229248,11.716689109802246,84
3.7808120250701904,7.431413173675537,26
4.908035755157471,12.897746086120605,20
9.417689323425293,11.240736961364746,81
9.191267967224121,11.96828556060791,13
5.427849769592285,6.364710330963135,27
6.432464599609375,6.270401477813721,98
6.345898151397705,6.949912071228027,29
4.122292518615723,11.54340648651123,40
9.63866901397705,9.612156867980957,12
6.533411502838135,7.74066162109375,93
6.178813934326172,5.102931022644043,65
6.357752799987793,6.111284255981445,66
9.122003555297852,6.082087993621826,31
7.845233917236328,7.861525058746338,30
6.860048294067383,10.425804138183594,39
4.438231468200684,13.2017822265625,20
3.2828562259674072,6.149294853210449,14
1.0732417106628418,6.311019420623779,92
3.8256587982177734,2.732023239135742,75
5.843165397644043,6.128574371337891,93
9.458303451538086,10.688846588134766,13
7.715846061706543,4.246330261230469,43
7.064998149871826,8.242427825927734,67
6.553395748138428,7.794215202331543,93
7.556220531463623,4.357926845550537,43
7.770479202270508,8.636530876159668,99
0.8776596188545227,6.291362285614014,92
4.833532333374023,3.4863274097442627,42
10.078596115112305,9.904572486877441,17
6.774148464202881,8.26713752746582,79
3.6646668910980225,4.103850364685059,36
6.643275737762451,4.285569190979004,34
3.0155768394470215,11.612174987792969,8
5.542290210723877,3.8727455139160156,66
2.889317035675049,7.357821464538574,24
2.7277047634124756,9.020718574523926,35
4.262033462524414,5.2245097160339355,51
5.001805782318115,10.046844482421875,86
4.634922504425049,13.095555305480957,20
6.320998191833496,10.810859680175781,86
11.97632122039795,10.208891868591309,68
2.818042039871216,7.357760429382324,24
7.910257816314697,7.751893043518066,95
9.53601360321045,11.216404914855957,81
6.1936492919921875,3.988243818283081,97
1.2065825462341309,8.668001174926758,1
12.118644714355469,10.123634338378906,68
4.812860488891602,3.481196880340576,42
4.464919567108154,13.238012313842773,20
10.192800521850586,8.174909591674805,23
4.569370746612549,12.99655818939209,20
3.043515205383301,7.103194236755371,24
1.8389619588851929,11.77374267578125,48
3.2231805324554443,6.994301795959473,7
5.691591739654541,8.245407104492188,91
-0.4939131736755371,7.798276901245117,57
11.157036781311035,5.117378234863281,59
5.951735019683838,5.7287702560424805,4
1.5862928628921509,4.514345169067383,82
3.9467170238494873,7.088459014892578,7
5.162038803100586,11.370442390441895,69
10.266441345214844,10.00532054901123,17
1.2320157289505005,8.663287162780762,1
10.161081314086914,8.497123718261719,71
-0.5143657922744751,7.840556621551514,57
6.245620250701904,5.9071044921875,98
10.403848648071289,9.966139793395996,17
8.528911590576172,10.319414138793945,8
0.501185953617096,7.722986698150635,53
9.856590270996094,8.473255157470703,45
5.069464206695557,11.032737731933594,16
7.125326156616211,6.2261881828308105,19
5.061424255371094,9.78850269317627,10
6.861819267272949,10.720040321350098,39
5.216723918914795,10.818770408630371,50
4.895214557647705,7.297728538513184,78
7.047728061676025,5.799503326416016,19
1.6152070760726929,4.477227687835693,82
2.799224853515625,7.379065990447998,24
6.604744911193848,10.306796073913574,39
7.703486919403076,7.875528812408447,95
2.752350091934204,9.01993179321289,2
10.287665367126465,11.060709953308105,37
2.0849008560180664,10.622786521911621,41
10.980185508728027,5.445158958435059,52
4.887191295623779,5.80637264251709,14
9.550287246704102,9.909348487854004,12
4.355987071990967,8.921958923339844,10
4.68478536605835,4.605996608734131,64
3.9327497482299805,7.272768497467041,45
9.981826782226562,10.099745750427246,17
2.1298208236694336,5.073075771331787,82
7.816645622253418,6.119871139526367,19
3.19732928276062,8.985579490661621,35
6.05035924911499,5.333842754364014,63
5.251038551330566,10.074193000793457,22
7.330256462097168,5.994531154632568,15
7.976814270019531,8.483738899230957,57
11.010098457336426,5.801445484161377,47
3.098158597946167,6.995893955230713,7
5.730135917663574,7.69097900390625,32
1.71782648563385,6.978342056274414,45
6.299532890319824,7.554967880249023,4
7.844231128692627,3.119204521179199,88
8.324246406555176,11.033337593078613,89
0.21589791774749756,6.894287109375,83
6.6525702476501465,13.103161811828613,94
-0.75819331407547,7.197608470916748,0
3.5822503566741943,8.19425106048584,26
5.282120704650879,5.712141036987305,4
6.165248870849609,3.781036376953125,97
4.059190273284912,7.451026916503906,26
5.135969161987305,6.474671840667725,44
10.69464111328125,8.174111366271973,60
0.7063180804252625,6.330429553985596,92
3.3226776123046875,7.143660545349121,24
10.877018928527832,5.578522682189941,47
5.566468715667725,6.899562835693359,93
2.9259355068206787,11.714201927185059,8
11.144625663757324,5.313131332397461,96
6.667669296264648,4.988901615142822,38
6.973628044128418,8.17297649383545,67
5.361160755157471,10.203394889831543,22
2.249845027923584,5.47119140625,6
9.618318557739258,10.94910717010498,37
9.193300247192383,10.197223663330078,49
6.1653852462768555,3.749441385269165,97
6.170742034912109,5.014336109161377,65
7.262428283691406,4.598657608032227,43
-0.1162375658750534,6.9943461418151855,83
6.749361038208008,4.1923112869262695,34
4.793943405151367,11.58545207977295,9
10.174057960510254,8.49044418334961,71
6.875952243804932,3.8437492847442627,34
7.6031670570373535,5.937928676605225,19
7.882213592529297,3.066570520401001,88
4.0397419929504395,7.444608211517334,26
4.045905113220215,7.428163528442383,45
4.031919956207275,7.07869815826416,26
5.232934951782227,11.3854341506958,65
5.772470474243164,10.856390953063965,22
9.271705627441406,8.371099472045898,49
3.8388009071350098,2.759268045425415,75
10.408510208129883,8.218412399291992,60
4.824606895446777,7.077628135681152,32
-0.8364095091819763,7.3050217628479,0
6.245490550994873,4.667201995849609,34
5.374950408935547,5.474608421325684,78
10.239591598510742,8.43133544921875,71
3.471949338912964,6.889589309692383,7
2.1014084815979004,10.657637596130371,41
6.367464065551758,2.422011375427246,21
4.909653186798096,3.5397613048553467,42
5.468876838684082,12.75991153717041,5
4.45714807510376,13.142549514770508,20
4.079291343688965,5.267184734344482,51
7.255100250244141,5.44035005569458,31
6.337873935699463,2.361111879348755,21
5.717975616455078,8.237269401550293,91
5.580996036529541,5.903109073638916,64
1.6008362770080566,4.5149335861206055,82
8.850115776062012,12.327794075012207,58
0.42931461334228516,7.8320207595825195,53
9.180867195129395,10.652310371398926,90
8.025172233581543,8.988996505737305,69
6.799247741699219,8.199273109436035,45
2.471691370010376,10.431209564208984,41
5.711775779724121,8.092875480651855,91
2.2414748668670654,10.614907264709473,41
8.409276008605957,11.11680793762207,89
5.900045394897461,5.372634410858154,38
4.095366477966309,8.676965713500977,72
2.9761555194854736,6.364597320556641,44
6.476938724517822,12.077606201171875,87
10.219898223876953,8.401459693908691,71
7.451220989227295,5.83489465713501,31
-0.13322187960147858,7.7855963706970215,53
5.414846897125244,6.261602878570557,27
5.907505512237549,4.577794075012207,21
7.376449108123779,8.065118789672852,30
6.61219596862793,7.907263278961182,72
0.42320728302001953,7.48441743850708,53
5.7750935554504395,10.705544471740723,22
12.213199615478516,9.977648735046387,68
5.725856781005859,8.263447761535645,91
1.381555199623108,5.66614294052124,62
6.564789772033691,4.329745292663574,34
10.302793502807617,10.961718559265137,37
5.2573771476745605,10.088796615600586,22
10.317535400390625,9.981284141540527,17
-0.49947667121887207,7.827874660491943,57
4.671650409698486,4.618062496185303,64
4.646112442016602,8.516600608825684,75
4.295825481414795,6.094448089599609,77
9.724708557128906,9.656447410583496,12
10.397231101989746,9.97378158569336,17
9.474669456481934,11.144623756408691,81
3.066082000732422,6.303940296173096,7
1.5924384593963623,5.718166828155518,54
6.237179279327393,5.138781547546387,33
0.5644654631614685,7.666004180908203,53
3.9852960109710693,11.276812553405762,28
7.1660308837890625,5.7613654136657715,19
6.663830757141113,6.717906951904297,55
6.339410781860352,2.3959598541259766,21
10.388961791992188,9.984200477600098,17
4.63845157623291,4.604060173034668,64
5.561944007873535,5.508479118347168,74
6.219054698944092,5.39271354675293,66
7.36729097366333,8.166695594787598,30
2.1026952266693115,10.646257400512695,41
4.421140670776367,9.64202880859375,16
0.9667353630065918,6.698901176452637,62
7.186520099639893,5.698327541351318,3
10.957807540893555,8.105892181396484,60
4.018006324768066,11.152823448181152,28
4.147526264190674,8.495518684387207,45
3.7429418563842773,4.1768903732299805,36
3.3751943111419678,9.21436882019043,98
-0.3624609112739563,7.594705104827881,57
5.231340408325195,11.859926223754883,54
5.945436477661133,7.435035228729248,73
5.7833991050720215,6.83287239074707,50
5.563573837280273,6.946389675140381,67
5.122871398925781,8.219353675842285,78
10.277186393737793,10.98443603515625,37
5.185674667358398,5.380516052246094,4
4.892749786376953,9.782148361206055,61
9.231206893920898,9.64002513885498,12
4.427099227905273,13.263750076293945,20
3.2737233638763428,9.270722389221191,98
6.083750247955322,4.335644245147705,97
4.495433330535889,5.7355546951293945,6
6.145265579223633,5.500432014465332,3
4.5650763511657715,6.508291721343994,26
6.640133380889893,4.741066932678223,38
6.912731647491455,5.4650444984436035,3
2.831103801727295,7.343182563781738,24
10.290072441101074,10.014359474182129,17
9.54545783996582,11.209614753723145,90
1.1841291189193726,8.77121639251709,1
5.560363292694092,6.403527736663818,27
0.669338047504425,6.491135120391846,83
6.131250381469727,4.013487815856934,97
6.689543724060059,8.247325897216797,67
10.356679916381836,9.92608642578125,17
4.089385986328125,10.991909980773926,28
5.161989688873291,7.28465461730957,29
9.376473426818848,11.542987823486328,13
5.787513732910156,5.836211681365967,4
1.7935105562210083,11.833698272705078,48
4.7122931480407715,10.417036056518555,25
5.458237171173096,5.756693363189697,77
4.854760646820068,7.00588846206665,78
4.943573951721191,4.316062927246094,63
9.904404640197754,7.786263465881348,23
7.096072673797607,8.185980796813965,73
7.604002952575684,5.8146772384643555,34
4.216576099395752,11.601845741271973,40
6.698576927185059,8.2302827835083,67
10.914311408996582,8.142261505126953,60
4.805205345153809,9.867864608764648,10
4.940983295440674,5.748546123504639,3
1.3575382232666016,7.140623092651367,46
4.96389102935791,7.916652679443359,78
6.5352349281311035,6.32480001449585,55
6.455348491668701,4.803732395172119,65
10.805787086486816,5.430000305175781,52
10.740181922912598,5.3745856285095215,96
5.167011737823486,12.023771286010742,25
3.5028083324432373,6.891052722930908,7
7.155919075012207,5.35437536239624,19
5.496655464172363,12.335132598876953,5
3.5282604694366455,5.960951328277588,18
9.53286361694336,11.241747856140137,81
0.5327236652374268,7.702794551849365,53
8.060895919799805,8.908636093139648,69
2.74347186088562,8.99538516998291,35
5.059330940246582,5.825479507446289,38
5.615530014038086,12.340628623962402,84
4.541287422180176,12.991539001464844,20
9.200295448303223,5.875643253326416,55
5.174901962280273,6.152701377868652,19
6.63530158996582,5.296106815338135,21
0.4197389483451843,7.768522262573242,53
5.6924896240234375,7.73002815246582,32
3.800417423248291,5.994685173034668,77
7.419833660125732,9.846224784851074,76
3.241115093231201,6.241790771484375,14
6.296072959899902,4.9846673011779785,65
8.903190612792969,12.254912376403809,58
6.201837062835693,5.67649507522583,72
3.1099658012390137,6.130218029022217,79
10.255574226379395,8.123119354248047,23
7.47465705871582,5.699071884155273,19
8.131863594055176,8.993936538696289,69
1.297214150428772,5.562017917633057,54
3.565385103225708,5.714118480682373,51
3.813490390777588,8.866909980773926,16
8.726428985595703,7.342609405517578,33
6.828484535217285,8.172006607055664,95
9.147921562194824,8.416586875915527,49
10.22036075592041,8.176545143127441,23
2.7301878929138184,11.693222045898438,8
5.6907243728637695,12.013230323791504,32
2.964569091796875,9.15239429473877,11
7.69848108291626,4.252705097198486,43
3.060828447341919,11.369789123535156,13
9.682968139648438,8.861228942871094,71
4.019900798797607,7.301721096038818,26
4.8570475578308105,10.344637870788574,65
5.9414191246032715,5.253793239593506,80
3.5068039894104004,7.71340799331665,77
5.2602858543396,11.045307159423828,56
2.281656503677368,5.515139102935791,6
7.246588706970215,9.73330307006836,76
10.295424461364746,10.000178337097168,17
5.139986515045166,5.2364959716796875,74
4.969527244567871,5.898270606994629,78
10.243195533752441,5.643366813659668,96
4.318718910217285,9.094365119934082,98
3.687732696533203,9.210145950317383,46
9.853423118591309,7.706953525543213,23
4.095668315887451,5.3019609451293945,51
5.4672932624816895,12.126697540283203,1
12.15676498413086,9.996447563171387,60
5.561516284942627,12.350332260131836,25
5.705349922180176,7.86421012878418,91
7.646350383758545,4.292438507080078,43
0.40789881348609924,7.833323955535889,53
5.236451625823975,6.203103542327881,79
5.159468650817871,7.49287223815918,44
6.908029556274414,5.356328010559082,3
6.373992443084717,2.471364736557007,21
-0.8134414553642273,7.27647590637207,0
10.986769676208496,8.083769798278809,60
2.852001428604126,9.17154312133789,11
5.696743965148926,6.949419021606445,50
6.48057222366333,6.684627532958984,29
5.998640060424805,5.435309886932373,80
3.306912899017334,8.909433364868164,98
0.8421924114227295,5.998107433319092,92
2.8650503158569336,9.146642684936523,11
11.191471099853516,5.186070919036865,52
6.684640884399414,4.758988380432129,38
5.745779991149902,7.737005710601807,67
12.126639366149902,10.031963348388672,68
6.509204864501953,12.900890350341797,94
7.153133869171143,8.167323112487793,73
1.3115683794021606,5.976378440856934,62
4.8620476722717285,3.8365442752838135,51
6.124763488769531,4.925777912139893,80
9.387470245361328,5.946871757507324,33
5.788753986358643,4.658570289611816,97
5.089906215667725,5.284667015075684,80
6.691470623016357,13.164802551269531,94
3.085155725479126,9.643880844116211,46
6.7342400550842285,5.121155738830566,64
8.428367614746094,11.106790542602539,89
7.42340087890625,4.444607734680176,43
3.3195972442626953,7.045801162719727,7
1.80238676071167,4.7922492027282715,82
5.6223063468933105,7.271912574768066,90
7.504831790924072,6.021400451660156,15
5.948451995849609,5.432478904724121,80
5.330063343048096,5.17860746383667,74
7.163083553314209,6.043079853057861,29
1.610544204711914,4.554549217224121,82
5.530041217803955,12.861309051513672,5
5.760225296020508,5.540364742279053,33
6.450500011444092,5.120642185211182,3
7.068483352661133,8.244083404541016,67
4.980018615722656,5.685399055480957,6
1.2318992614746094,8.7101411819458,1
4.096363067626953,6.872998237609863,45
5.957473278045654,10.61301326751709,39
7.443368911743164,4.434476852416992,43
6.3473334312438965,4.491177558898926,38
1.0773675441741943,6.21477746963501,70
9.743213653564453,7.945014953613281,23
3.4147422313690186,8.999716758728027,98
1.6874840259552002,4.634013652801514,82
5.707382678985596,12.210673332214355,25
4.205953598022461,7.30197811126709,26
1.1673129796981812,8.71859073638916,1
7.483201503753662,5.39713716506958,31
9.729109764099121,9.660443305969238,12
9.270689010620117,10.648794174194336,90
5.4184980392456055,4.987981796264648,14
11.068624496459961,5.41504430770874,52
5.261555194854736,9.543173789978027,99
9.91484260559082,8.613415718078613,71
8.075784683227539,9.03779411315918,69
5.652070999145508,7.684835433959961,32
1.4306215047836304,5.960649013519287,92
8.403656005859375,7.031205654144287,17
4.878795146942139,7.791913032531738,22
12.15626335144043,10.049181938171387,68
5.127070426940918,11.064223289489746,16
5.4330878257751465,12.039301872253418,84
5.201119899749756,5.884288311004639,4
4.645902156829834,4.597461223602295,64
3.9037561416625977,8.670180320739746,50
6.428738594055176,4.9444355964660645,65
5.742318153381348,8.252473831176758,91
9.141341209411621,8.306112289428711,59
-0.19294801354408264,6.990546703338623,83
4.773316383361816,6.3376264572143555,99
8.344497680664062,11.150428771972656,89
9.963541030883789,10.904364585876465,37
9.153377532958984,8.402836799621582,49
0.5375558137893677,7.071817398071289,53
4.641107082366943,10.057788848876953,10
6.1130475997924805,11.864497184753418,60
5.663820743560791,8.149602890014648,91
5.311424732208252,8.766616821289062,99
10.192452430725098,4.633915901184082,56
10.262226104736328,10.98640251159668,37
7.346127510070801,8.737825393676758,49
5.152466297149658,4.499974250793457,63
7.282329559326172,9.634414672851562,76
-0.23035693168640137,7.525984764099121,57
5.317847728729248,9.022725105285645,99
5.469747543334961,5.1476216316223145,64
2.908672571182251,8.724251747131348,2
10.07315444946289,9.990433692932129,17
5.070301532745361,4.421462059020996,63
9.28400993347168,5.938470363616943,12
4.788715362548828,11.570615768432617,9
1.2675212621688843,5.514803886413574,54
5.656443119049072,6.129720211029053,4
-0.49468734860420227,7.9036688804626465,57
6.444737434387207,5.282984256744385,65
9.010540008544922,9.417936325073242,18
6.639195442199707,5.960635185241699,97
5.237120628356934,5.9612650871276855,74
6.747243881225586,4.05667781829834,34
6.228180885314941,8.4249849319458,67
7.321423053741455,9.750246047973633,76
9.971155166625977,11.070477485656738,37
5.552883625030518,7.082979679107666,32
5.31433629989624,11.077177047729492,16
0.9891561269760132,6.721873760223389,62
3.021317481994629,9.660813331604004,46
5.118772983551025,11.379901885986328,72
4.020428657531738,7.386112213134766,26
1.2104262113571167,6.142119407653809,70
2.672804832458496,6.2071990966796875,79
5.869261741638184,4.617194175720215,66
10.297355651855469,8.471685409545898,71
-0.6094575524330139,7.501135349273682,0
4.836939811706543,6.893674373626709,44
5.962037086486816,5.691567897796631,74
5.85772705078125,5.492425918579102,3
-0.8704433441162109,7.261874198913574,0
3.2156097888946533,6.863807201385498,14
11.160985946655273,5.325657367706299,52
3.7533962726593018,5.8730788230896,18
5.158430576324463,11.064173698425293,16
3.9220497608184814,2.8949074745178223,50
4.833938121795654,3.5024499893188477,42
10.0626220703125,10.048072814941406,17
5.59803581237793,3.9688820838928223,66
7.797717094421387,3.169250726699829,88
4.8936448097229,10.06189250946045,61
7.838255882263184,7.760515213012695,95
4.478400230407715,7.134361743927002,83
3.6932263374328613,7.614568710327148,45
1.1792898178100586,8.659292221069336,1
2.7616493701934814,7.767277240753174,0
6.616136074066162,5.1637959480285645,3
4.1461920738220215,11.548001289367676,40
4.2302985191345215,8.525935173034668,98
8.340291023254395,6.34576940536499,14
5.787765979766846,7.200667381286621,67
7.494819641113281,7.749751091003418,30
3.766030788421631,9.057136535644531,46
5.936372756958008,7.770017623901367,32
0.9962792992591858,5.884505271911621,70
6.5861029624938965,6.883240222930908,4
5.442036151885986,6.0297369956970215,34
0.4608125686645508,7.757690906524658,53
6.343095302581787,2.560056686401367,21
6.448879718780518,6.043604373931885,72
-0.7269226908683777,7.476726531982422,0
3.84558367729187,2.8154168128967285,75
10.689972877502441,5.528730392456055,96
5.366448402404785,6.385190010070801,44
10.290970802307129,8.42255973815918,71
10.279050827026367,5.64937162399292,96
5.670904636383057,5.772420406341553,36
6.7551045417785645,5.561338424682617,3
8.41342544555664,11.143418312072754,89
9.342373847961426,11.133307456970215,81
9.162456512451172,10.96220588684082,81
3.4732558727264404,6.43402624130249,54
9.338051795959473,10.493682861328125,90
3.1063549518585205,6.09555721282959,79
3.062553882598877,8.860719680786133,35
4.651147842407227,8.452762603759766,10
9.529037475585938,11.233009338378906,81
5.5692830085754395,4.405374050140381,66
2.0789284706115723,7.247532844543457,36
8.871959686279297,12.2532377243042,58
9.476122856140137,9.305034637451172,23
6.432403087615967,2.299900531768799,21
4.997105121612549,7.793923377990723,78
2.998511552810669,8.980116844177246,35
6.134602069854736,5.799282073974609,38
9.619026184082031,9.566433906555176,85
7.32079553604126,8.325674057006836,93
3.4140219688415527,6.010465145111084,18
3.5880722999572754,6.8174662590026855,7
9.185206413269043,6.126389026641846,96
5.73904275894165,8.102937698364258,91
1.629415512084961,4.54533052444458,82
7.522406578063965,6.105788230895996,15
3.9680426120758057,11.318428993225098,28
6.197886943817139,6.305389881134033,29
5.870460510253906,7.24212646484375,44
5.601747512817383,4.015824794769287,66
5.700006484985352,8.264944076538086,91
4.368503093719482,6.5521063804626465,45
5.559781074523926,12.805805206298828,5
5.525058269500732,12.428423881530762,5
-0.5119132995605469,7.818658351898193,57
5.9359540939331055,5.212985515594482,59
1.0190250873565674,5.992834091186523,92
6.472299098968506,12.784565925598145,94
11.003094673156738,5.515344619750977,47
3.825108289718628,2.7341980934143066,75
3.6611599922180176,8.948763847351074,98
5.159741401672363,10.013030052185059,22
4.269969463348389,11.596624374389648,40
6.701911449432373,13.176368713378906,94
4.930294513702393,6.923172473907471,12
3.4311816692352295,9.099166870117188,98
9.102941513061523,10.351428985595703,90
6.36672830581665,6.919207572937012,29
7.931469440460205,7.7586822509765625,95
12.170550346374512,10.019986152648926,68
5.287787914276123,8.85693359375,99
8.802021026611328,8.353447914123535,49
5.62393856048584,5.290167331695557,74
6.1647844314575195,3.768428325653076,97
2.918752908706665,11.717304229736328,8
5.200357437133789,11.303328514099121,9
6.641040802001953,5.487156867980957,72
6.595768928527832,10.326126098632812,12
4.6939263343811035,4.842212677001953,64
6.379156112670898,2.3539798259735107,21
4.653179168701172,6.0955023765563965,77
6.279702186584473,4.9840898513793945,21
6.8158650398254395,10.463691711425781,39
10.846040725708008,8.172101020812988,60
10.261056900024414,10.97882080078125,37
10.795780181884766,5.491064548492432,52
12.079362869262695,10.108007431030273,68
5.539784908294678,11.87169075012207,63
3.814251661300659,2.721287488937378,75
2.899069309234619,6.2562255859375,62
6.94028902053833,8.122930526733398,67
5.290924072265625,4.854802131652832,88
3.4759082794189453,8.995718002319336,35
6.149259567260742,5.628998279571533,3
4.973217010498047,7.880499362945557,78
7.704244613647461,5.693448066711426,19
4.073324680328369,6.0474019050598145,77
3.1053292751312256,6.219061374664307,7
5.346164703369141,5.389864444732666,4
6.078741073608398,11.079681396484375,86
3.9498941898345947,8.287156105041504,70
9.25900650024414,10.456961631774902,90
8.855415344238281,11.248873710632324,81
6.772068500518799,3.9787988662719727,34
4.712956428527832,5.125862121582031,50
-0.5472008585929871,7.906189441680908,57
7.713985919952393,6.552256107330322,12
9.037880897521973,10.567342758178711,90
3.5372424125671387,8.79002857208252,35
10.429659843444824,5.758815288543701,96
7.397008419036865,9.860806465148926,76
2.999274730682373,8.445456504821777,2
4.817821979522705,4.734793663024902,64
3.162428855895996,9.05392074584961,35
9.704873085021973,9.58552360534668,12
7.864727973937988,8.771153450012207,99
9.943463325500488,7.720155715942383,23
4.61104154586792,6.714634895324707,44
3.4833123683929443,8.796162605285645,46
1.0470558404922485,6.085382461547852,70
5.0373005867004395,8.084181785583496,56
5.589339733123779,5.224780082702637,3
9.688982963562012,8.121847152709961,23
5.3365702629089355,6.666103363037109,18
0.18305110931396484,7.825129985809326,53
0.9804583787918091,6.747805118560791,62
7.14522647857666,5.480306625366211,3
9.939270973205566,7.714147090911865,23
4.884313583374023,11.424066543579102,16
-0.5154987573623657,7.897056579589844,57
5.097505569458008,6.626252174377441,77
6.950477123260498,6.280819416046143,19
9.709319114685059,9.59447193145752,12
5.14229679107666,5.436744213104248,77
8.363356590270996,11.189603805541992,89
5.041483402252197,5.170849323272705,50
2.5294368267059326,5.680426120758057,6
8.807575225830078,12.243087768554688,58
6.104578971862793,6.279885768890381,93
5.469942092895508,8.926795959472656,99
9.39838981628418,10.854724884033203,81
3.9629783630371094,7.910645484924316,92
9.564275741577148,6.19631290435791,33
6.556908130645752,4.395500183105469,3
4.127571105957031,11.253572463989258,28
3.642426013946533,6.043550491333008,18
8.916180610656738,10.816366195678711,95
8.3828763961792,11.123784065246582,89
9.319947242736816,11.347224235534668,87
5.368417739868164,10.21507740020752,22
0.1896275281906128,7.160698413848877,83
3.268012762069702,6.739299297332764,7
11.277227401733398,5.304935932159424,59
7.098625183105469,8.194133758544922,95
9.191130638122559,8.3938570022583,49
4.9527177810668945,10.103069305419922,61
5.030187606811523,11.044795036315918,16
10.2717866897583,10.952096939086914,56
6.995682239532471,5.405747890472412,15
2.7921104431152344,6.168125152587891,79
7.436576843261719,9.809825897216797,76
6.475851058959961,12.838724136352539,94
6.7144999504089355,8.103464126586914,67
3.4665215015411377,5.933020114898682,18
10.976716041564941,8.08767032623291,60
1.1979421377182007,5.398592948913574,54
3.1241846084594727,8.177806854248047,2
6.644859790802002,5.267111301422119,3
3.811737298965454,7.312808036804199,26
2.2312395572662354,7.233622074127197,45
6.398138046264648,12.155454635620117,87
6.907804489135742,5.104050159454346,15
4.363434791564941,5.33528995513916,51
7.503021240234375,9.826078414916992,76
5.061642169952393,7.876946926116943,78
0.09664112329483032,6.86018705368042,83
4.738441467285156,6.2414655685424805,45
4.151571273803711,7.373495578765869,26
7.374166011810303,9.82397174835205,76
4.356982231140137,10.526167869567871,28
5.322270393371582,6.367959499359131,93
5.0750579833984375,9.87813663482666,61
9.359283447265625,5.99760103225708,18
5.380572319030762,8.882070541381836,99
5.472343444824219,12.522214889526367,5
10.215089797973633,4.638321399688721,56
6.877208709716797,10.730658531188965,39
7.1412224769592285,8.148161888122559,73
5.018623352050781,11.01126766204834,16
-0.38882097601890564,7.844043731689453,57
4.319675922393799,5.561317443847656,14
-0.7058991193771362,7.36208438873291,0
9.464792251586914,6.0598578453063965,33
5.729154109954834,7.96388578414917,91
6.394014835357666,6.459815502166748,29
5.633547782897949,4.042301177978516,66
5.302902698516846,5.418087959289551,50
5.138523101806641,9.88754940032959,61
7.0439276695251465,5.296789646148682,15
1.3876028060913086,5.568380832672119,54
0.6850179433822632,6.433089733123779,62
10.515424728393555,8.216568946838379,71
11.138830184936523,4.855717182159424,59
4.8587517738342285,8.9346342086792,10
9.671204566955566,9.885204315185547,12
8.094246864318848,9.025728225708008,69
9.322627067565918,10.476483345031738,90
6.316234588623047,12.5723876953125,87
2.9171791076660156,11.733240127563477,8
7.08428430557251,5.624518871307373,38
5.306394100189209,5.917026519775391,80
6.6272172927856445,6.276993751525879,31
2.9140894412994385,11.718085289001465,8
3.5221149921417236,5.975598335266113,18
-0.3395899832248688,7.793537139892578,57
5.453004837036133,5.962644100189209,64
5.09263801574707,5.366281032562256,51
8.08470630645752,9.039433479309082,69
1.1814508438110352,8.762602806091309,1
5.592894077301025,11.97069263458252,84
0.9473236203193665,6.710046768188477,62
6.5719404220581055,5.2023701667785645,38
5.543961048126221,11.883299827575684,84
11.132217407226562,5.392037391662598,52
5.826929092407227,10.614842414855957,28
1.3780498504638672,5.897604465484619,54
5.611086845397949,6.517159461975098,27
5.540112495422363,7.441349506378174,31
3.3733339309692383,6.490379810333252,7
7.941397190093994,7.820593357086182,95
2.822357177734375,6.540685653686523,8
4.718048572540283,9.421730995178223,10
3.5204601287841797,9.114418983459473,98
5.736540794372559,8.238509178161621,91
8.719539642333984,11.9219970703125,58
5.875856876373291,4.482157230377197,64
3.436042070388794,10.023490905761719,32
5.614226341247559,12.61103343963623,20
3.3293182849884033,9.383682250976562,46
5.6186933517456055,4.0483808517456055,66
6.4262309074401855,5.429985046386719,65
5.068965435028076,10.051692008972168,10
6.915646553039551,8.251729011535645,30
7.899975776672363,7.754756450653076,95
7.241321086883545,8.123126029968262,73
5.437779426574707,10.873425483703613,16
9.646200180053711,9.963452339172363,12
5.68426513671875,12.151281356811523,75
9.617497444152832,10.043661117553711,12
6.805662155151367,5.731437683105469,72
7.3384222984313965,5.796375274658203,19
2.737112522125244,6.440680980682373,79
12.213717460632324,9.958237648010254,68
8.880314826965332,9.050447463989258,96
8.350729942321777,10.10912799835205,85
5.4206929206848145,5.6463775634765625,42
9.735543251037598,9.640668869018555,12
1.4894440174102783,5.871659755706787,54
5.340392589569092,6.4752888679504395,67
4.8306050300598145,4.7349066734313965,64
5.046742916107178,4.525428295135498,63
7.069030284881592,7.093418598175049,55
7.82780647277832,3.139253616333008,88
9.21107292175293,11.938647270202637,13
8.362245559692383,11.152316093444824,89
4.813817024230957,3.641023874282837,42
4.94899320602417,7.430116653442383,93
5.393282890319824,10.37907886505127,22
2.905812978744507,11.708078384399414,8
4.714137077331543,7.526160717010498,4
2.417886734008789,5.495001316070557,6
11.073256492614746,4.780276298522949,59
6.864737033843994,7.874900817871094,93
5.784984588623047,4.58303165435791,66
6.40155553817749,2.3310060501098633,21
9.287335395812988,11.883292198181152,13
6.7609944343566895,7.996735572814941,93
5.0472846031188965,4.993278980255127,50
10.04886245727539,4.748689651489258,56
0.21070177853107452,7.795752048492432,53
2.0475709438323975,10.671299934387207,41
5.544678211212158,6.448101043701172,59
8.345982551574707,10.12922191619873,85
4.637303829193115,10.287919044494629,10
9.860940933227539,9.955896377563477,12
5.2526373863220215,8.536240577697754,99
6.4495530128479,6.181594371795654,97
5.277717590332031,12.069746971130371,9
6.41494083404541,12.402656555175781,87
5.702358245849609,4.3330817222595215,66
4.920190811157227,5.574160575866699,51
4.422051906585693,8.862567901611328,18
1.2340072393417358,8.718563079833984,1
4.744783878326416,10.870572090148926,8
7.708719730377197,4.257453918457031,43
9.44745922088623,11.230676651000977,81
1.426442265510559,5.632782459259033,54
3.72123384475708,4.153682708740234,36
6.924065113067627,8.082263946533203,67
0.8516137003898621,7.467893600463867,53
11.16106128692627,5.414333820343018,47
3.0213046073913574,9.661999702453613,46
6.3799729347229,2.3451879024505615,21
6.609057426452637,13.048371315002441,94
6.678933143615723,4.396885871887207,19
2.0301594734191895,10.649883270263672,41
6.892034530639648,4.026613235473633,34
3.7567787170410156,2.6475682258605957,75
4.10512638092041,8.348689079284668,27
3.452293634414673,10.035332679748535,32
9.409509658813477,9.2575044631958,59
6.6496782302856445,13.110158920288086,94
2.0488879680633545,10.646492958068848,41
6.09213924407959,5.557991981506348,64
4.971485137939453,4.353667736053467,63
5.611718654632568,4.500434875488281,34
6.418973445892334,6.944796562194824,38
8.510438919067383,11.158390045166016,5
7.409207344055176,4.411393165588379,42
2.9735312461853027,7.206129550933838,24
11.103320121765137,4.866129398345947,59
6.171660900115967,3.7678472995758057,97
5.339352607727051,5.645101547241211,50
1.2002078294754028,8.681741714477539,1
7.748260021209717,7.659881114959717,77
2.9645895957946777,11.697855949401855,8
5.111968517303467,7.104357719421387,91
0.9827761650085449,6.106521129608154,70
4.979494094848633,4.281324863433838,63
9.643489837646484,5.804473876953125,47
8.952010154724121,12.23916244506836,58
3.736140012741089,8.916338920593262,46
1.8288872241973877,5.8327155113220215,54
4.8913469314575195,5.186711311340332,64
8.091143608093262,8.92044734954834,69
5.54543399810791,11.512384414672852,84
5.684444427490234,6.9026079177856445,67
7.528966426849365,6.033127307891846,15
6.181223392486572,4.709185600280762,80
7.546989440917969,3.499063014984131,88
1.1943175792694092,8.560877799987793,1
10.7265625,5.481844425201416,47
5.6789140701293945,7.263869762420654,74
4.171529293060303,11.44234561920166,28
4.540563583374023,12.8510103225708,84
6.480647563934326,12.057107925415039,87
7.415002346038818,5.708369731903076,19
5.735372543334961,7.947176456451416,91
7.245614528656006,7.212179183959961,55
5.135473251342773,6.191329479217529,14
1.7982087135314941,5.8588547706604,54
4.669856548309326,6.004083156585693,7
-0.4847986102104187,7.9236321449279785,57
10.246933937072754,8.439059257507324,71
6.205620765686035,5.335975170135498,3
5.097258567810059,8.21285343170166,78
9.005439758300781,9.97673511505127,29
7.979110240936279,8.710795402526855,49
5.458877086639404,11.004232406616211,16
6.129903316497803,10.979578971862793,86
5.6904401779174805,12.60268783569336,5
6.4756903648376465,6.155717849731445,55
5.018208026885986,11.01931095123291,16
7.220653057098389,9.950774192810059,76
5.606476783752441,6.232850551605225,73
7.731448173522949,7.76602840423584,95
6.553236961364746,5.043034553527832,38
3.7766034603118896,5.42091703414917,51
5.4925994873046875,12.92089557647705,5
5.157982349395752,6.54855489730835,27
9.451401710510254,10.651538848876953,81
7.307641506195068,7.477041721343994,30
6.592466354370117,5.298585414886475,3
2.226369857788086,5.509001731872559,6
3.5006635189056396,5.89082670211792,18
5.417843818664551,7.759533405303955,32
7.859078407287598,3.09826397895813,88
4.991854190826416,11.416061401367188,9
-0.8064736723899841,7.169646263122559,0
5.305272102355957,10.226624488830566,22
5.469994068145752,5.362909317016602,36
9.298672676086426,10.465761184692383,90
3.718446969985962,8.93804931640625,11
5.6246018409729,8.896697044372559,69
5.255650043487549,6.7806715965271,91
0.9494076371192932,5.973235130310059,70
7.262747764587402,8.351792335510254,84
9.682517051696777,9.722540855407715,12
1.197148323059082,7.474701881408691,6
10.220775604248047,10.898468971252441,37
3.202399253845215,9.411555290222168,46
10.182870864868164,4.909852981567383,56
11.998838424682617,10.158527374267578,68
5.682562828063965,8.169722557067871,91
6.254527568817139,6.388482570648193,29
2.580139636993408,10.328715324401855,55
1.2124483585357666,8.677140235900879,1
4.578838348388672,6.583751201629639,47
10.81032943725586,8.145254135131836,60
2.375371217727661,5.477102756500244,6
3.71689772605896,6.019781112670898,77
8.862735748291016,11.034536361694336,13
6.868021488189697,5.23837947845459,15
3.5349669456481934,9.111002922058105,11
4.595485210418701,7.232146263122559,93
5.766875267028809,8.097125053405762,91
7.45160436630249,9.813872337341309,76
5.4571452140808105,6.470404624938965,27
5.089203357696533,7.805849552154541,99
10.23640251159668,10.913917541503906,37
6.033331871032715,11.070664405822754,86
7.175895690917969,4.701960563659668,43
6.431510925292969,8.188857078552246,45
7.459937572479248,3.5867745876312256,88
7.564310550689697,3.5715768337249756,88
0.5612195134162903,7.709810733795166,53
8.382174491882324,10.13359546661377,85
5.3281707763671875,5.962037563323975,27
8.324811935424805,10.16365909576416,85
5.2308125495910645,11.954082489013672,25
-0.5243318676948547,7.905889511108398,57
3.012512683868408,9.649730682373047,46
4.82860803604126,11.556193351745605,9
5.82489538192749,5.621184825897217,4
5.563715934753418,6.628570079803467,32
7.35365629196167,8.134766578674316,30
10.032946586608887,10.805517196655273,37
5.130517959594727,12.50064468383789,25
8.806183815002441,10.065752029418945,37
8.5012845993042,8.415064811706543,49
5.334968090057373,5.421113967895508,66
9.411187171936035,10.34290885925293,81
2.304307460784912,10.711040496826172,41
6.886621952056885,8.05673599243164,73
0.5678402185440063,7.606263637542725,53
7.412761211395264,6.075043678283691,15
6.2696967124938965,2.5017495155334473,21
8.031082153320312,8.299002647399902,30
5.012481689453125,4.524260997772217,63
4.825431823730469,3.48844051361084,42
4.887808799743652,11.58240795135498,9
2.71840763092041,6.410849094390869,79
7.842872142791748,3.119847297668457,88
9.733785629272461,8.674858093261719,71
11.125039100646973,4.7768449783325195,59
9.48437213897705,10.464496612548828,17
5.051590442657471,5.6585307121276855,74
10.231162071228027,8.078641891479492,71
6.391546249389648,5.438992977142334,4
6.718738555908203,5.825417518615723,72
11.202601432800293,5.132749080657959,52
5.1350908279418945,7.5544114112854,29
1.102134346961975,5.799638748168945,54
3.6912877559661865,8.937911033630371,11
2.971140146255493,8.953531265258789,98
3.4435317516326904,6.898684024810791,7
10.378278732299805,5.754823207855225,96
10.118680953979492,5.697546482086182,33
5.955076217651367,5.040412425994873,50
6.837299346923828,10.680740356445312,39
0.9396349191665649,6.702786445617676,62
4.277248382568359,8.73956298828125,72
6.198699474334717,5.628659725189209,55
4.998602867126465,4.334869861602783,63
5.791216850280762,5.380794525146484,72
0.9414457082748413,6.1601762771606445,92
11.013120651245117,5.845158576965332,47
7.48940372467041,9.774768829345703,76
5.460176944732666,8.94169807434082,99
4.102028846740723,11.08697509765625,28
4.5967183113098145,12.706621170043945,84
4.27403450012207,6.058825492858887,77
6.675368785858154,13.142537117004395,94
0.3686402142047882,7.870353698730469,53
7.459531307220459,9.764177322387695,76
10.255228996276855,11.04553508758545,37
3.2120087146759033,7.411913871765137,24
2.424834966659546,5.521563529968262,6
8.591869354248047,10.643543243408203,8
0.30758166313171387,7.838738441467285,53
3.8706705570220947,8.769184112548828,31
6.358602046966553,12.734963417053223,94
4.6070876121521,12.745064735412598,84
2.7697064876556396,10.632789611816406,41
4.4313836097717285,13.22640323638916,20
5.699731349945068,7.216054916381836,93
0.8831100463867188,6.44968318939209,62
5.573378086090088,12.357064247131348,94
2.5239031314849854,5.590147972106934,6
4.626108646392822,6.466257095336914,79
7.4749860763549805,5.394824504852295,31
4.705650806427002,6.555963516235352,44
4.032371520996094,8.179668426513672,78
10.202278137207031,5.607015132904053,96
4.328610420227051,7.3290300369262695,32
3.0210154056549072,11.228837966918945,8
7.84400749206543,3.1015026569366455,88
9.32432746887207,11.020211219787598,13
7.343167781829834,6.51611328125,15
9.219314575195312,12.019930839538574,13
3.5529816150665283,9.213777542114258,35
2.8201913833618164,9.164177894592285,11
5.670381546020508,6.970848560333252,50
2.6926350593566895,5.712307453155518,6
9.465188026428223,10.939020156860352,37
-0.552119255065918,7.924668788909912,57
11.703629493713379,10.067201614379883,18
4.248072147369385,8.256889343261719,50
5.162113666534424,6.4331135749816895,63
8.319377899169922,11.263983726501465,48
8.44482707977295,6.8397650718688965,37
4.83797025680542,7.427157878875732,44
1.1502004861831665,6.589824676513672,62
3.2257046699523926,6.056265354156494,14
10.013330459594727,5.504805564880371,59
4.96126127243042,4.727672576904297,43
5.488063335418701,5.738314628601074,4
11.079509735107422,5.518528938293457,52
7.818755626678467,3.0919673442840576,88
4.487064838409424,6.865424633026123,44
1.780398964881897,6.382417678833008,88
9.183151245117188,11.78946590423584,13
7.569393634796143,8.553309440612793,91
5.0671586990356445,7.467041492462158,42
3.206782341003418,6.2012224197387695,78
-0.6002997756004333,7.210822105407715,0
5.402031898498535,11.619596481323242,84
5.596163749694824,12.133182525634766,84
5.238244533538818,6.768449783325195,93
7.342543601989746,5.7128071784973145,19
7.255911827087402,7.922610759735107,27
5.729672908782959,5.539927005767822,74
4.728553771972656,9.983321189880371,10
9.144216537475586,10.062296867370605,90
4.0537309646606445,7.309885025024414,26
12.100946426391602,10.241802215576172,68
4.654289245605469,4.571104049682617,64
5.704251766204834,6.883559703826904,19
3.2440414428710938,9.478181838989258,46
7.202019214630127,9.676565170288086,76
8.111756324768066,8.977446556091309,69
6.9220170974731445,10.744978904724121,39
10.8497896194458,5.446517467498779,96
6.396009922027588,5.81802225112915,55
4.3107075691223145,8.694621086120605,80
5.221896171569824,8.280593872070312,99
4.465299129486084,13.084322929382324,20
7.381622314453125,9.817391395568848,76
5.267767906188965,7.4859395027160645,29
5.458287239074707,12.741599082946777,5
10.209100723266602,4.624566555023193,56
6.144994258880615,3.8625094890594482,97
7.468565464019775,5.551700115203857,31
4.7895331382751465,6.343482971191406,91
2.907327651977539,8.726881980895996,11
6.907013893127441,10.736666679382324,39
8.991158485412598,10.52744197845459,90
5.839051246643066,12.368640899658203,25
7.21258544921875,8.134888648986816,73
6.358099460601807,6.926592826843262,29
10.81673526763916,5.4316840171813965,52
3.2165863513946533,6.873537540435791,7
10.971031188964844,8.107583045959473,60
5.299450397491455,7.836556911468506,95
8.728057861328125,12.037834167480469,58
3.4593427181243896,10.040972709655762,32
10.264007568359375,10.966181755065918,37
12.10364055633545,10.110595703125,68
4.850926876068115,3.6226613521575928,42
2.5349924564361572,10.533186912536621,58
6.4801435470581055,10.63094425201416,39
11.161200523376465,5.300344467163086,52
3.1713154315948486,6.121995449066162,14
4.8129963874816895,11.636639595031738,9
7.512274742126465,6.507839202880859,80
5.809017658233643,7.29884672164917,29
9.21943187713623,8.472344398498535,49
10.501605033874512,5.559320449829102,96
7.067127227783203,8.114840507507324,73
7.300598621368408,9.800122261047363,76
6.211999416351318,4.738367080688477,80
6.434698581695557,2.305896282196045,21
-0.039317984133958817,6.856357574462891,83
10.10440731048584,5.55106258392334,96
10.01318359375,8.200008392333984,23
9.081268310546875,10.053255081176758,90
6.855185508728027,5.681722640991211,74
5.70504903793335,6.980634689331055,91
9.403969764709473,10.911200523376465,81
10.868903160095215,5.802492618560791,47
6.327997207641602,7.450001239776611,93
5.493377208709717,4.909077167510986,38
10.281965255737305,10.971385955810547,37
6.925083637237549,10.757965087890625,39
1.657928466796875,6.172714710235596,54
6.771010398864746,5.9655842781066895,72
10.12368106842041,10.623194694519043,37
5.585737228393555,12.831093788146973,5
2.834883451461792,7.37449836730957,24
11.140909194946289,5.452067852020264,96
10.788661003112793,5.722269535064697,59
10.394317626953125,9.94134521484375,17
5.334846496582031,12.736345291137695,5
4.8314690589904785,6.474582195281982,44
9.741868019104004,9.386380195617676,12
5.170184135437012,12.671684265136719,25
0.7601927518844604,6.075668811798096,92
5.932288646697998,6.226557731628418,38
6.155393123626709,3.839312791824341,97
4.568005561828613,6.882615089416504,77
10.273603439331055,11.086463928222656,37
11.1751070022583,5.305425643920898,47
6.909936428070068,10.743462562561035,39
7.628269195556641,7.712576866149902,30
3.1241772174835205,6.206893444061279,14
2.024200916290283,6.152029514312744,6
9.196005821228027,8.407423973083496,49
4.864964008331299,6.28782320022583,88
5.069150924682617,8.009446144104004,78
1.8849612474441528,11.755515098571777,48
6.687445640563965,9.800411224365234,39
1.2224541902542114,8.739507675170898,1
2.932896614074707,11.696653366088867,8
3.3849165439605713,5.9403839111328125,18
4.602810859680176,5.425631523132324,7
5.167425632476807,9.731901168823242,61
5.316455841064453,7.07149076461792,30
3.4277522563934326,10.0518798828125,32
6.277421474456787,10.842880249023438,86
2.777890682220459,7.408986568450928,24
7.573212623596191,9.72808837890625,76
3.1797616481781006,6.173767566680908,54
6.935357570648193,8.157654762268066,73
4.672112941741943,6.9981184005737305,44
5.696900844573975,7.767980575561523,32
7.392333030700684,5.579663276672363,15
4.799662113189697,5.617798328399658,51
5.03786563873291,6.885440349578857,44
7.208323001861572,7.170880317687988,72
6.336674690246582,6.9815473556518555,29
4.246016502380371,8.248140335083008,38
7.9190545082092285,7.1839447021484375,71
-0.7593781352043152,7.1753034591674805,0
2.4849321842193604,6.929847717285156,50
2.7259163856506348,8.989295959472656,11
2.362316608428955,5.542485237121582,6
2.054140090942383,10.670938491821289,41
4.972433090209961,4.2827982902526855,63
5.295818328857422,12.461894989013672,25
3.408958911895752,9.086453437805176,11
9.163567543029785,8.408117294311523,49
5.205482006072998,11.957233428955078,77
6.321640968322754,6.042445182800293,72
5.613707542419434,10.341625213623047,22
0.9205141663551331,6.670727252960205,83
6.633833408355713,13.060426712036133,94
4.299807548522949,6.790022373199463,67
2.3188865184783936,5.535251617431641,6
4.235680103302002,7.454107284545898,26
9.507798194885254,10.742120742797852,68
2.2250173091888428,10.570050239562988,41
9.164575576782227,10.06299877166748,90
2.3006536960601807,5.525745868682861,6
0.8182831406593323,6.465320110321045,92
7.105329513549805,5.410910129547119,3
4.8245368003845215,11.57036304473877,9
6.388747215270996,8.08169174194336,73
6.042716026306152,11.15786361694336,85
9.738080978393555,9.755833625793457,12
12.155942916870117,10.046053886413574,68
5.45247220993042,5.210849285125732,74
2.9961163997650146,8.819918632507324,11
7.278158187866211,8.252334594726562,95
6.846920967102051,3.9097213745117188,34
4.611968517303467,13.016458511352539,25
9.229948997497559,6.162654876708984,89
10.438558578491211,9.965651512145996,17
3.8165154457092285,2.721344232559204,75
3.0130441188812256,9.274494171142578,98
3.541628360748291,9.212589263916016,46
7.292871952056885,8.42528247833252,69
6.472323417663574,4.848767280578613,65
8.912331581115723,6.091345310211182,88
3.4558441638946533,10.006352424621582,32
0.927308976650238,6.60514497756958,62
1.4391523599624634,5.847733020782471,54
4.730823040008545,5.205483436584473,51
6.3915581703186035,2.649214506149292,21
6.674819469451904,6.816905975341797,72
8.118721961975098,8.986337661743164,69
6.952641010284424,8.151453971862793,67
8.465204238891602,10.027056694030762,44
7.515607833862305,8.1256103515625,95
4.079800128936768,11.10256576538086,28
6.915488243103027,7.495688438415527,55
4.970923900604248,11.469863891601562,9
8.369905471801758,10.152054786682129,13
9.685194969177246,11.163557052612305,36
6.623816967010498,7.843173503875732,93
9.937509536743164,7.703090667724609,23
5.596027374267578,12.340566635131836,13
5.14700174331665,11.908519744873047,40
9.485872268676758,11.143104553222656,81
10.903674125671387,5.478301048278809,96
10.196678161621094,4.602081298828125,56
3.41137433052063,9.122618675231934,98
5.272067546844482,12.590972900390625,25
9.115020751953125,12.090741157531738,58
4.536791801452637,5.986276626586914,77
2.832900285720825,6.536962032318115,79
6.755240440368652,8.06404972076416,93
7.457673072814941,5.891838073730469,31
7.384975433349609,9.82455825805664,76
6.786474704742432,3.925568103790283,34
2.9641616344451904,8.963037490844727,2
3.349860429763794,7.195884704589844,14
4.516515254974365,12.71069049835205,99
10.118098258972168,4.672374248504639,56
7.017757892608643,8.22002124786377,72
2.6763417720794678,8.976404190063477,11
5.407351970672607,6.667239189147949,27
0.04093862697482109,6.933537006378174,83
6.179228782653809,3.7778279781341553,97
0.9207236170768738,6.412282466888428,92
4.667942047119141,6.913092613220215,78
6.346101760864258,5.065830707550049,38
4.855344295501709,6.871741771697998,78
5.527480125427246,5.268104076385498,38
2.9667575359344482,9.017789840698242,35
10.957347869873047,8.115303039550781,60
2.9567341804504395,11.517423629760742,8
5.8736724853515625,5.811936378479004,4
3.8050687313079834,2.7070817947387695,75
3.7562036514282227,4.194103240966797,36
5.4476094245910645,6.196743011474609,73
3.9253296852111816,8.604397773742676,98
11.011886596679688,5.8276495933532715,47
3.784064769744873,2.6722075939178467,75
5.3708720207214355,12.450764656066895,84
1.2411640882492065,5.76174259185791,54
0.06543626636266708,6.976168155670166,83
6.087875843048096,4.217471122741699,97
7.140723705291748,7.980510234832764,93
4.0702080726623535,6.98778772354126,45
4.271730899810791,11.526958465576172,40
5.314953327178955,5.335726737976074,74
3.557528257369995,9.384894371032715,11
7.619256973266602,3.5117928981781006,88
8.74910831451416,11.967504501342773,58
1.623447060585022,4.489096164703369,82
1.2295154333114624,5.4633965492248535,54
3.262495756149292,5.944472789764404,18
10.976168632507324,5.367794036865234,96
2.9044277667999268,8.720568656921387,2
4.998247146606445,4.359025478363037,63
4.044643878936768,11.242532730102539,28
6.507405757904053,5.552542686462402,55
10.961125373840332,8.144584655761719,60
8.366816520690918,11.121460914611816,89
5.558162212371826,7.013498306274414,18
0.4789476990699768,7.6373515129089355,53
2.337740182876587,5.513982772827148,6
8.388242721557617,8.364763259887695,12
5.316959857940674,11.956228256225586,73
5.807241439819336,7.592693328857422,73
4.830083847045898,9.757197380065918,10
7.265739917755127,4.573061466217041,43
5.233530521392822,5.467790126800537,74
3.761697292327881,7.303049564361572,56
3.029707908630371,11.630759239196777,8
6.722105979919434,8.122865676879883,67
6.399166584014893,6.92250919342041,29
5.525615215301514,5.505829811096191,27
5.563795566558838,12.465503692626953,25
8.870828628540039,12.263723373413086,58
3.902833938598633,8.868358612060547,46
2.9873483180999756,7.0909953117370605,24
10.982962608337402,8.106279373168945,60
4.0063886642456055,9.292393684387207,10
0.8889878988265991,5.910931587219238,70
5.635071277618408,5.946847915649414,27
2.916898012161255,11.755465507507324,8
7.1683735847473145,5.516366481781006,31
1.59092378616333,4.523960590362549,82
12.178743362426758,10.015545845031738,68
1.394330620765686,6.02226448059082,92
8.102049827575684,9.048249244689941,69
3.2002041339874268,8.761545181274414,11
3.425041675567627,8.109481811523438,24
5.844921588897705,5.412355422973633,55
8.727593421936035,12.118002891540527,58
5.205259799957275,5.003279209136963,42
6.250916004180908,10.775946617126465,86
3.1276347637176514,7.435807704925537,24
7.016356945037842,7.046420097351074,19
7.791950225830078,3.1777217388153076,88
3.5664560794830322,6.815230846405029,7
9.949057579040527,7.828730583190918,23
5.126691818237305,12.668146133422852,25
7.820964336395264,8.735502243041992,69
7.128818035125732,7.894888401031494,73
2.683021306991577,6.383878231048584,79
10.517230033874512,5.638403415679932,96
5.741822719573975,8.3138427734375,91
8.789223670959473,10.806743621826172,84
0.9272615909576416,6.0309271812438965,70
9.567092895507812,10.283502578735352,12
4.973092555999756,6.4980926513671875,44
6.635655879974365,4.984441757202148,41
7.715485572814941,4.252142906188965,43
2.705855369567871,5.980433464050293,54
2.253645658493042,10.722174644470215,41
8.732229232788086,9.760991096496582,43
1.7066091299057007,7.310337543487549,99
-0.40973392128944397,7.524608612060547,57
7.8524169921875,7.763515472412109,95
4.769781112670898,6.2719407081604,77
9.836149215698242,5.658092975616455,28
6.6548171043396,6.095800876617432,65
5.806090354919434,5.356545448303223,77
7.4794769287109375,5.376700401306152,31
9.39957332611084,6.047704696655273,33
5.371129989624023,8.889764785766602,99
4.402337551116943,9.529277801513672,88
7.578168869018555,9.714034080505371,76
3.152583360671997,5.980656147003174,14
6.138055801391602,4.392650604248047,97
6.796319961547852,3.918344020843506,34
5.533673286437988,12.864866256713867,25
3.68587064743042,4.119984149932861,36
5.87357234954834,5.6075358390808105,93
-0.7146561741828918,7.300845146179199,0
1.2888681888580322,8.72785472869873,1
12.105555534362793,10.05754280090332,68
2.800264596939087,7.363636016845703,24
1.5675945281982422,4.469853401184082,82
6.8107147216796875,10.746147155761719,39
6.681672096252441,7.635633945465088,29
7.334248065948486,5.772435188293457,15
9.727495193481445,9.620116233825684,12
6.495977401733398,4.626126289367676,38
10.950071334838867,8.123363494873047,60
5.2239203453063965,12.700790405273438,25
6.354462146759033,12.136637687683105,87
7.3635101318359375,5.822505950927734,19
-0.5778334736824036,7.262090682983398,83
6.8172526359558105,8.235904693603516,73
2.0484797954559326,10.673200607299805,41
4.1607666015625,11.831625938415527,40
9.096753120422363,8.453418731689453,49
4.554465293884277,8.369000434875488,61
9.738524436950684,9.686115264892578,12
10.40378475189209,8.136241912841797,23
6.515765190124512,12.105215072631836,87
9.306756973266602,6.016472339630127,12
6.807332515716553,4.773630619049072,38
10.153173446655273,4.712891101837158,56
7.023661136627197,5.425332546234131,31
4.084760665893555,11.401664733886719,28
3.333941698074341,6.419927597045898,14
5.298129558563232,5.165282726287842,4
6.7253522872924805,3.952646493911743,34
9.952412605285645,7.98272705078125,23
4.683757305145264,10.145383834838867,10
0.7485566139221191,6.113986492156982,92
6.474053382873535,12.84997272491455,94
5.284012317657471,6.398983001708984,93
5.530787944793701,12.242825508117676,84
5.220940589904785,11.051589965820312,16
-0.42128679156303406,7.736515998840332,57
9.436866760253906,11.105635643005371,81
3.942777395248413,8.587549209594727,35
6.619096755981445,4.463778495788574,34
4.454458713531494,13.21813678741455,20
3.2614006996154785,7.214171409606934,7
8.856321334838867,11.780471801757812,13
6.0336198806762695,11.157220840454102,40
4.756347179412842,5.1193132400512695,74
5.268371105194092,5.587469100952148,29
1.896017074584961,11.742344856262207,48
6.247259616851807,5.421652793884277,4
5.594053745269775,12.354022026062012,22
9.293846130371094,10.512542724609375,90
4.374680995941162,6.414951801300049,26
6.274061679840088,4.187618732452393,97
7.46969747543335,6.154137134552002,15
6.367753505706787,11.858208656311035,87
5.012096881866455,10.13383960723877,10
5.72333288192749,12.569642066955566,5
6.455907344818115,12.310379981994629,87
1.446749210357666,5.9052557945251465,54
10.372332572937012,4.649468898773193,56
1.2065635919570923,5.404389381408691,54
3.912212610244751,2.8601462841033936,19
3.2425761222839355,6.349846839904785,14
2.250950813293457,5.425868988037109,6
7.745593547821045,3.2582433223724365,88
5.9875664710998535,7.090540409088135,73
7.700069904327393,5.751615047454834,19
3.2016255855560303,9.4577054977417,98
1.6580172777175903,4.532506942749023,82
9.034503936767578,6.730581760406494,56
6.4636054039001465,12.116211891174316,87
10.986250877380371,8.104389190673828,60
6.873523712158203,6.372317314147949,45
5.142751693725586,7.41630744934082,65
-0.2687290906906128,7.564628601074219,57
5.557297706604004,7.650908946990967,99
6.325870513916016,12.726518630981445,94
3.7586476802825928,2.6527397632598877,75
4.817408561706543,6.530218601226807,44
1.1217331886291504,8.818157196044922,1
1.3744220733642578,6.494755744934082,51
6.048130512237549,4.861301422119141,77
5.202921390533447,9.89899730682373,61
8.538512229919434,10.301024436950684,85
6.151864051818848,4.292158603668213,97
9.26960563659668,10.953434944152832,13
4.03024435043335,7.035942077636719,45
6.439533710479736,6.439937114715576,65
3.663884162902832,9.422131538391113,21
2.9759368896484375,11.587384223937988,8
4.992424964904785,11.028104782104492,16
6.474623203277588,5.838705062866211,72
7.7472429275512695,3.2665903568267822,88
6.327412128448486,5.999109268188477,72
7.617598056793213,3.425618886947632,88
5.621130466461182,6.723984718322754,27
8.829240798950195,12.20486068725586,58
6.488715171813965,11.984246253967285,87
3.6289145946502686,7.667657852172852,45
-0.17781269550323486,7.46530294418335,83
1.3544648885726929,5.651876449584961,54
5.341096878051758,11.234213829040527,45
6.392601490020752,10.722620964050293,86
5.270601272583008,10.602883338928223,10
5.316958904266357,12.53302001953125,5
7.357120037078857,9.835929870605469,76
3.7730655670166016,2.6678922176361084,75
-0.4967227578163147,7.922678470611572,57
0.3383123278617859,7.846961975097656,53
6.430905818939209,5.9742255210876465,38
3.7677838802337646,2.6810526847839355,75
6.921726703643799,4.106195449829102,34
1.1972957849502563,7.285703182220459,79
6.4482197761535645,12.51976203918457,87
5.392239093780518,10.269047737121582,22
6.190765380859375,4.701120853424072,80
4.184988975524902,11.606775283813477,40
6.401374816894531,2.7354674339294434,21
9.493988037109375,11.232967376708984,81
5.425634384155273,4.715506076812744,63
3.307417631149292,6.121761798858643,14
7.200596809387207,9.875412940979004,76
-0.9127702713012695,7.2339253425598145,0
3.4174768924713135,10.052305221557617,32
4.6670145988464355,10.072423934936523,10
9.336986541748047,10.50464916229248,90
4.696140289306641,10.161639213562012,10
5.57008695602417,12.866752624511719,5
8.615042686462402,8.575178146362305,85
3.1228485107421875,9.081289291381836,11
5.708622455596924,6.123230457305908,27
5.1553215980529785,12.032057762145996,28
5.435736179351807,8.943411827087402,99
4.868144989013672,5.57526969909668,51
7.725065231323242,4.248094081878662,43
9.20798397064209,12.020071029663086,13
9.084228515625,10.340167999267578,90
2.1269209384918213,10.5834379196167,41
11.101799011230469,4.886734962463379,59
10.042661666870117,4.843298435211182,56
5.176549911499023,9.62127685546875,61
6.569658279418945,12.93919563293457,33
1.6169883012771606,4.581162452697754,82
9.04112720489502,9.641254425048828,90
5.17457914352417,5.990874290466309,26
3.779712438583374,2.6792244911193848,75
1.598258376121521,4.5129475593566895,82
5.34419584274292,8.782109260559082,99
6.341803073883057,7.444761276245117,93
5.311009883880615,5.1976637840271,74
4.573044776916504,6.389392375946045,77
1.995837926864624,7.2359795570373535,40
4.672302722930908,12.87956428527832,84
2.9323208332061768,11.461179733276367,48
9.877239227294922,7.919328212738037,71
5.867964744567871,4.816420078277588,72
9.146003723144531,8.41848087310791,49
6.234385967254639,12.479032516479492,37
0.995542049407959,5.996634483337402,70
5.322934150695801,7.983685493469238,91
12.173165321350098,10.02484130859375,68
7.3505635261535645,7.3290534019470215,27
7.52313756942749,5.899155616760254,19
5.508646011352539,12.918103218078613,5
9.069055557250977,10.105467796325684,90
12.221894264221191,9.87791633605957,68
6.861960411071777,4.096546173095703,88
5.170934677124023,7.812764644622803,99
3.013352155685425,8.794650077819824,2
10.869637489318848,5.420429706573486,96
3.4061832427978516,6.455922603607178,57
3.7681565284729004,7.115964889526367,24
7.719303607940674,4.271918773651123,43
0.9778672456741333,6.023458480834961,70
0.9382412433624268,6.166758060455322,54
4.707252025604248,6.070240497589111,14
6.489969730377197,5.268170356750488,65
8.190808296203613,8.833081245422363,69
6.607421875,7.86766242980957,93
5.612675189971924,7.1952738761901855,50
9.140626907348633,8.456513404846191,59
5.334640026092529,8.68814754486084,99
4.731856822967529,6.216341495513916,77
5.40479040145874,12.785394668579102,5
5.733620643615723,5.0862836837768555,38
0.8903468251228333,6.187568664550781,92
10.396598815917969,9.976249694824219,17
10.187782287597656,5.6396355628967285,96
-0.36097031831741333,7.804922103881836,57
4.775960445404053,7.607829570770264,78
4.637241840362549,12.950610160827637,20
6.817713260650635,10.695287704467773,39
6.5114970207214355,12.84596061706543,28
5.335398197174072,10.05332088470459,22
5.432353496551514,12.367897033691406,25
9.368865966796875,5.965475082397461,33
5.901680946350098,6.011027812957764,27
4.890588283538818,11.551026344299316,9
11.91211223602295,10.17874526977539,68
3.349508047103882,5.970796585083008,18
0.9407696723937988,5.9932684898376465,92
2.921208620071411,11.711742401123047,8
0.713212788105011,6.204771995544434,92
6.6521525382995605,8.140151023864746,27
9.268684387207031,11.329084396362305,13
6.3179931640625,5.96496057510376,72
10.267497062683105,10.994288444519043,37
4.145777702331543,7.186611652374268,26
10.997419357299805,5.472733974456787,52
6.175341606140137,3.780346393585205,97
5.137173175811768,12.724563598632812,25
9.294075965881348,10.490397453308105,90
7.6767578125,4.298061847686768,43
3.0662033557891846,9.268564224243164,11
4.325338840484619,8.117610931396484,78
5.245549201965332,12.050889015197754,25
6.453903675079346,12.813199043273926,94
0.35144805908203125,7.8546881675720215,53
6.466012954711914,10.458138465881348,86
4.793179988861084,7.043623447418213,78
3.71506667137146,5.545462608337402,51
5.659317970275879,6.8963141441345215,45
3.8638224601745605,9.050121307373047,46
5.664475440979004,12.756357192993164,5
6.791454792022705,7.878513336181641,93
6.389659404754639,12.744129180908203,94
6.356221675872803,4.805313587188721,65
11.110520362854004,4.844680309295654,59
-0.9204521775245667,7.278966426849365,0
2.944110155105591,9.069609642028809,11
2.2309694290161133,10.826440811157227,41
5.589703559875488,12.324607849121094,13
10.207290649414062,10.034266471862793,17
5.420619010925293,10.94433307647705,86
4.674588203430176,7.596445083618164,78
6.988472938537598,6.058769226074219,19
-0.5135595202445984,7.2707319259643555,0
0.022220434620976448,6.87782621383667,83
3.0033392906188965,11.5038423538208,8
4.206267356872559,11.15719985961914,40
5.522373676300049,6.291540145874023,27
1.1055508852005005,6.01658296585083,92
6.757513523101807,3.960470199584961,34
3.4785099029541016,9.763669967651367,32
6.4240031242370605,6.018211364746094,34
2.156301736831665,10.682476997375488,41
11.084851264953613,4.803874492645264,59
6.703019142150879,4.680983543395996,38
8.133161544799805,9.001553535461426,69
5.546938896179199,5.744908332824707,27
5.76089334487915,5.026503086090088,4
6.579814910888672,6.655771732330322,37
5.174034118652344,9.861902236938477,61
1.2146615982055664,5.383007526397705,54
10.758005142211914,5.461317539215088,47
3.040255308151245,9.069995880126953,46
4.882690906524658,10.747350692749023,45
5.314066410064697,9.058836936950684,61
5.172584533691406,5.117824554443359,74
5.517203330993652,12.673210144042969,5
7.648658275604248,8.07928466796875,95
4.858314514160156,10.299786567687988,22
5.324296951293945,7.610434055328369,29
1.8578726053237915,11.814671516418457,48
6.3800249099731445,2.2946786880493164,21
5.3815436363220215,4.988813877105713,63
9.436015129089355,11.040595054626465,81
-0.020245390012860298,6.915470600128174,83
2.99035906791687,8.691624641418457,2
5.713287353515625,8.281489372253418,91
10.255263328552246,8.441760063171387,71
7.915560722351074,7.91028356552124,30
6.416696548461914,5.265763759613037,65
3.069756269454956,8.914562225341797,35
5.411829948425293,12.946175575256348,5
5.507625102996826,12.48629093170166,5
-0.44807296991348267,7.883938312530518,57
7.737037181854248,5.740086555480957,19
9.471863746643066,11.217151641845703,13
9.302809715270996,5.997929096221924,33
0.719127893447876,6.155609130859375,92
11.012276649475098,5.8431596755981445,47
9.968098640441895,5.512226104736328,63
3.9404683113098145,9.105371475219727,98
7.359553813934326,7.714371681213379,30
2.833836793899536,5.824314117431641,72
3.7349319458007812,8.885640144348145,2
5.881337642669678,10.653421401977539,52
10.17746639251709,10.853050231933594,37
8.178894996643066,8.452945709228516,76
0.7550705075263977,6.177542686462402,92
7.712928295135498,4.280311584472656,43
3.783219814300537,2.6849021911621094,75
3.095883369445801,6.894340515136719,24
10.270123481750488,8.470390319824219,71
2.9412384033203125,6.16384744644165,79
3.7992753982543945,2.690791368484497,75
7.345488548278809,7.718585014343262,30
4.108952045440674,11.522775650024414,40
5.166407585144043,9.809566497802734,22
6.766823768615723,8.224127769470215,67
5.18646240234375,12.425519943237305,5
4.388618469238281,6.006429195404053,77
7.551262378692627,9.761862754821777,76
3.1867928504943848,9.090590476989746,98
3.8676278591156006,6.906787872314453,26
10.114660263061523,9.988068580627441,17
2.4334826469421387,5.472080230712891,6
7.1130194664001465,5.501237392425537,19
3.6766622066497803,6.300643444061279,82
10.641115188598633,5.801961421966553,40
1.8075532913208008,11.809148788452148,48
6.72397518157959,8.057703971862793,67
4.835596084594727,6.398906707763672,84
9.443594932556152,11.170478820800781,81
4.739356517791748,12.540283203125,84
3.278536558151245,7.564280986785889,24
6.85654354095459,10.441984176635742,39
7.2307820320129395,5.689927101135254,15
5.834726810455322,6.036866188049316,21
3.4552083015441895,9.062108993530273,98
10.475616455078125,5.62522554397583,47
0.38976383209228516,6.745152950286865,83
6.724912643432617,6.2946600914001465,12
2.0689094066619873,10.653087615966797,41
9.154130935668945,8.392451286315918,49
6.427878379821777,12.6118745803833,87
6.58563232421875,7.368544101715088,73
6.426036357879639,5.719137668609619,72
9.359322547912598,10.873708724975586,81
0.9105511903762817,6.558492660522461,62
6.381490707397461,8.493685722351074,67
3.725754499435425,7.523640155792236,45
7.188318729400635,8.195952415466309,73
4.111821174621582,5.284036159515381,51
4.768660545349121,5.990386486053467,32
2.8401286602020264,6.73525333404541,24
4.721490383148193,4.623201847076416,64
3.6773698329925537,6.429703712463379,11
6.828568935394287,5.723217010498047,3
4.00351095199585,11.248052597045898,28
6.64157247543335,4.345807075500488,34
3.2331249713897705,9.149740219116211,98
1.4702534675598145,6.074016094207764,51
9.024537086486816,9.19762897491455,17
7.749447822570801,3.2257421016693115,88
6.376846790313721,2.6030802726745605,21
1.2656372785568237,5.956547737121582,70
5.015878677368164,4.367264747619629,63
5.08817720413208,4.972874164581299,50
6.46040678024292,5.6038618087768555,55
10.399638175964355,9.936735153198242,17
8.451430320739746,10.847880363464355,89
5.530234336853027,12.30733585357666,24
4.695319652557373,10.20743179321289,10
6.861043453216553,10.302903175354004,44
6.366277694702148,11.969985008239746,87
11.065199851989746,5.2155070304870605,52
10.207674980163574,4.628716468811035,56
9.83297061920166,5.855152606964111,96
3.007948637008667,8.815610885620117,98
5.9160966873168945,5.164178848266602,64
4.854219913482666,11.566985130310059,9
8.982007026672363,10.960838317871094,13
5.451179504394531,5.640429496765137,4
9.164775848388672,8.405816078186035,49
6.564300537109375,5.774271011352539,64
10.926681518554688,8.133697509765625,60
7.5210394859313965,6.070589542388916,15
7.314966678619385,5.318598747253418,21
7.542601108551025,3.541060447692871,89
9.158625602722168,5.7858781814575195,33
5.99268102645874,5.098691940307617,63
8.33811092376709,10.112524032592773,85
2.767518997192383,6.307149887084961,14
3.4196722507476807,10.031052589416504,32
5.2153472900390625,10.036782264709473,22
10.265249252319336,8.044597625732422,23
4.110713005065918,8.427858352661133,84
3.532017469406128,7.507170677185059,45
7.004445552825928,5.422604560852051,38
7.050358772277832,8.220006942749023,69
6.047028064727783,5.292163372039795,29
7.0354485511779785,5.466281890869141,15
5.065084934234619,5.3697590827941895,79
3.7834510803222656,2.67801570892334,75
4.287307262420654,3.258117914199829,75
11.113389015197754,5.2286810874938965,59
5.401301383972168,6.082841396331787,80
4.695558071136475,8.364158630371094,50
4.04728889465332,11.254778861999512,28
6.459547519683838,12.720088958740234,94
5.205434799194336,5.711299896240234,64
4.6250901222229,12.93584156036377,5
3.7189948558807373,8.462187767028809,46
5.104617595672607,9.555606842041016,0
4.603201389312744,12.973767280578613,25
-0.5173988342285156,7.707822799682617,0
0.7155522108078003,6.4256062507629395,70
4.252260208129883,6.721068382263184,26
8.077301979064941,8.85214900970459,69
8.078755378723145,8.451501846313477,69
6.401821136474609,10.637619018554688,86
5.750359058380127,10.653286933898926,28
4.721181392669678,5.069256782531738,50
4.760619163513184,6.268272399902344,64
5.309947490692139,6.441563606262207,27
7.678049564361572,7.978909969329834,95
5.120048522949219,11.32273006439209,9
9.354109764099121,11.036860466003418,90
4.073731899261475,6.939167499542236,45
5.761762619018555,5.1026458740234375,63
10.274834632873535,8.413867950439453,71
1.4335969686508179,5.894749164581299,54
9.206831932067871,8.381366729736328,49
-0.40128862857818604,7.83640193939209,57
2.8738598823547363,7.377202987670898,24
2.881122350692749,8.968986511230469,11
0.8640352487564087,5.937307357788086,92
4.856196880340576,3.63946270942688,42
6.854286193847656,3.8283536434173584,34
6.173526763916016,3.8981900215148926,97
5.187372207641602,9.747788429260254,61
9.083785057067871,6.141839027404785,1
4.968302249908447,6.734872341156006,44
5.040806293487549,11.027206420898438,16
3.092069149017334,6.165281295776367,6
5.676302433013916,4.738265514373779,66
4.546512126922607,13.157784461975098,20
7.585178375244141,6.381229877471924,46
3.85721492767334,2.763115882873535,75
4.430699825286865,13.21111011505127,20
9.835533142089844,8.883384704589844,12
-0.44731658697128296,7.372897624969482,10
0.9917309284210205,5.9870219230651855,70
5.779881000518799,5.464465141296387,80
7.126756191253662,8.06396198272705,73
3.0274744033813477,9.650931358337402,35
1.8270512819290161,11.797741889953613,48
9.400749206542969,11.143888473510742,81
9.934767723083496,7.708401203155518,23
7.130744457244873,8.06261920928955,73
11.038250923156738,4.7489914894104,59
1.2661420106887817,6.207499980926514,70
4.5099921226501465,9.509737014770508,10
6.768141746520996,4.067636013031006,34
2.0366861820220947,10.672359466552734,41
5.2242960929870605,5.9213690757751465,78
3.970433473587036,6.176855564117432,77
8.933124542236328,9.828704833984375,90
5.730540752410889,6.308178901672363,44
9.793461799621582,8.454876899719238,69
8.40555477142334,11.001514434814453,89
7.618104457855225,5.2843217849731445,31
6.520204067230225,4.68310022354126,38
1.2199152708053589,8.703664779663086,1
5.3023600578308105,10.094806671142578,22
9.298334121704102,9.622011184692383,13
10.3629150390625,8.273914337158203,60
9.39786148071289,10.717207908630371,81
10.229185104370117,10.969907760620117,37
5.3322601318359375,8.76240348815918,99
0.01974409446120262,6.864263534545898,83
10.274717330932617,11.030097961425781,37
10.063605308532715,10.546181678771973,37
7.482900619506836,10.012129783630371,37
4.890329360961914,7.6729044914245605,29
0.9871724247932434,6.76066780090332,62
9.067975997924805,8.554166793823242,90
5.599628925323486,4.072272777557373,66
7.143974781036377,5.399445533752441,15
4.68146276473999,6.616087913513184,79
6.1628289222717285,3.787388563156128,97
5.192235469818115,5.838955879211426,6
10.319537162780762,4.746857166290283,56
4.324202060699463,6.748517990112305,79
4.837523460388184,10.174939155578613,28
-0.4970628619194031,7.929986476898193,57
0.8741407990455627,6.429377555847168,62
5.986390113830566,5.65246057510376,3
5.305333614349365,4.885563850402832,63
6.9184889793396,5.643373012542725,38
3.812147855758667,2.6852622032165527,75
6.2242326736450195,3.86122989654541,97
3.008734941482544,11.54536247253418,8
5.377363204956055,10.066749572753906,78
6.539371013641357,11.958319664001465,87
6.688484191894531,10.501582145690918,39
10.271982192993164,10.976475715637207,37
0.7407854795455933,6.129885196685791,70
-0.47125163674354553,7.856234550476074,57
1.9003022909164429,11.670344352722168,48
10.070854187011719,5.5804338455200195,96
4.848211288452148,3.508732795715332,42
1.8408164978027344,5.989014625549316,14
7.2761311531066895,8.359147071838379,73
6.787761211395264,5.551682949066162,19
5.149916172027588,12.669185638427734,20
2.1660802364349365,10.72048568725586,41
4.6344895362854,4.604970455169678,64
4.8371076583862305,6.58425760269165,99
6.241274356842041,10.935039520263672,86
5.981342792510986,10.998868942260742,86
6.5898613929748535,8.177190780639648,67
7.842997074127197,3.114922285079956,88
4.050892353057861,8.59161376953125,65
11.234013557434082,5.431775093078613,47
5.474391460418701,12.42977237701416,5
0.7373202443122864,6.1225666999816895,92
5.551299571990967,5.306385517120361,74
5.494018077850342,6.465632915496826,27
9.152454376220703,10.01843547821045,90
-0.8747798800468445,7.226675033569336,0
4.689362049102783,4.626069068908691,64
3.4442145824432373,9.97767448425293,32
1.2909601926803589,5.772869110107422,92
3.971918821334839,4.519901275634766,36
5.47394323348999,12.906149864196777,5
3.2202882766723633,9.338943481445312,11
1.176591396331787,8.769962310791016,1
4.938895225524902,5.501389026641846,50
7.32855224609375,6.080245018005371,19
3.237583875656128,8.936751365661621,10
5.627016544342041,8.173369407653809,91
7.255280017852783,8.081378936767578,73
7.466365814208984,4.399995803833008,43
8.12067699432373,8.978760719299316,69
3.7163376808166504,7.875497817993164,77
1.7230383157730103,7.3311309814453125,98
5.52077579498291,6.2728400230407715,27
4.943442344665527,7.216621398925781,78
5.764683723449707,6.035841464996338,21
7.467578411102295,5.646008014678955,19
7.324828624725342,9.816654205322266,76
12.009504318237305,10.17940902709961,68
5.939321041107178,5.027781963348389,80
5.6230573654174805,8.192206382751465,91
11.0919189453125,4.958001136779785,52
5.695382118225098,11.038433074951172,16
12.032183647155762,10.236002922058105,68
6.629563808441162,4.928628444671631,38
7.641820430755615,5.68687629699707,19
6.173757076263428,3.81449818611145,97
5.30364465713501,8.896772384643555,99
3.9135162830352783,8.854231834411621,11
5.810510158538818,7.891998291015625,95
4.474899768829346,6.216060638427734,77
2.4899866580963135,6.036026954650879,79
10.952600479125977,5.524725437164307,47
6.5438432693481445,6.072959899902344,55
8.309630393981934,8.810657501220703,40
10.342375755310059,8.137982368469238,60
5.116933345794678,12.632137298583984,25
5.201700210571289,10.027389526367188,22
6.113875389099121,8.485583305358887,1
5.29879903793335,8.70881462097168,99
6.677704334259033,13.143312454223633,94
3.650557041168213,6.652116775512695,6
0.2775459587574005,6.774795055389404,83
1.6757680177688599,6.951621055603027,26
5.553185939788818,5.24497652053833,74
11.135970115661621,5.0179123878479,52
7.713824272155762,3.30338191986084,88
7.2841105461120605,8.600170135498047,49
5.14411735534668,9.96489143371582,61
7.166159152984619,6.566290855407715,72
11.115243911743164,5.606975078582764,47
4.815764427185059,11.544219017028809,9
10.142464637756348,8.071702003479004,23
1.6015950441360474,7.7126994132995605,83
3.4477920532226562,11.05155086517334,8
6.791492938995361,5.9479899406433105,3
-0.029156751930713654,6.895539283752441,83
7.723301887512207,3.260072946548462,88
3.84557843208313,2.7449967861175537,75
4.701047897338867,13.086440086364746,20
1.4365626573562622,6.415709495544434,62
5.128424167633057,11.047414779663086,16
4.581951141357422,12.436421394348145,20
2.8792896270751953,9.186203956604004,11
3.4431798458099365,5.98928689956665,18
5.550913333892822,6.583658695220947,27
3.188162088394165,8.57553768157959,2
4.830479145050049,3.514939785003662,42
4.730541706085205,11.613935470581055,9
8.880667686462402,12.300868034362793,58
10.398720741271973,9.97358512878418,17
5.5538010597229,11.82198715209961,80
9.538616180419922,10.466629028320312,37
0.8299087882041931,6.351424694061279,70
5.01558780670166,6.52344274520874,93
9.946270942687988,10.111776351928711,17
9.031730651855469,8.400485038757324,49
7.042498588562012,5.383327960968018,3
2.8320281505584717,6.183711528778076,79
5.067063808441162,9.664480209350586,61
4.983554840087891,11.55427074432373,9
3.4639692306518555,9.192729949951172,98
7.150547027587891,5.355396747589111,3
6.230798721313477,4.284051895141602,80
9.499917984008789,10.065755844116211,12
9.25744342803955,9.954188346862793,59
4.908397197723389,6.074563980102539,77
8.69089412689209,7.787892818450928,52
6.123290538787842,3.8599374294281006,97
6.039915561676025,7.987180233001709,19
6.379623889923096,2.3763880729675293,21
0.16649074852466583,7.760176181793213,53
7.927814483642578,7.757213592529297,95
6.360606670379639,9.893834114074707,86
3.2283408641815186,7.124013423919678,7
2.8149242401123047,7.377008438110352,24
7.505555152893066,5.268489360809326,31
7.2044267654418945,8.187106132507324,73
5.358161449432373,7.553675651550293,78
8.869705200195312,11.958752632141113,58
7.192928314208984,8.065169334411621,73
6.38665246963501,4.87787389755249,38
-0.39211198687553406,7.201011657714844,83
6.243260860443115,6.0171895027160645,29
9.587430000305176,5.981020927429199,33
1.8386284112930298,6.630941867828369,77
7.860157012939453,7.804915428161621,95
5.5750532150268555,3.922943353652954,66
7.707421779632568,7.7875518798828125,30
7.588913917541504,5.269338130950928,31
7.702245712280273,4.253753185272217,43
1.8232707977294922,11.793313026428223,48
5.492310047149658,6.225778579711914,27
6.347607135772705,2.55096435546875,21
3.353074789047241,7.580885410308838,7
9.244902610778809,11.71524715423584,13
9.935824394226074,7.734875202178955,23
0.37794938683509827,7.877438545227051,53
3.855619192123413,4.226592063903809,36
6.491605281829834,12.818831443786621,94
7.667532444000244,4.2763872146606445,43
2.8025996685028076,8.762898445129395,2
4.008592128753662,6.140056610107422,47
5.759200096130371,6.99186897277832,10
9.988017082214355,5.665256977081299,96
6.60610818862915,8.235648155212402,67
7.1094207763671875,5.304915428161621,15
5.555079936981201,6.03135347366333,55
12.05329418182373,10.099716186523438,68
3.2753615379333496,6.186336994171143,79
9.922114372253418,5.889286041259766,33
3.710580348968506,4.1459832191467285,36
3.4870834350585938,5.877402305603027,18
12.03419017791748,10.141536712646484,68
6.660873889923096,8.269725799560547,67
1.8403689861297607,11.78045654296875,48
-0.5306859016418457,7.292866230010986,83
9.430699348449707,6.119237422943115,33
4.920527458190918,6.837432861328125,99
3.619926929473877,6.789113998413086,7
7.774064064025879,3.2513577938079834,88
9.297979354858398,11.830607414245605,13
8.553850173950195,8.918594360351562,15
5.316432952880859,4.636848449707031,63
6.3151116371154785,10.806439399719238,86
5.301321506500244,4.9058332443237305,74
4.9742536544799805,7.792881488800049,78
9.399275779724121,11.063212394714355,81
8.18832015991211,11.14937686920166,89
5.325304985046387,4.810747146606445,63
9.936769485473633,7.731600284576416,23
5.376132965087891,8.778536796569824,99
7.146352767944336,8.05709171295166,30
2.919023036956787,11.719626426696777,8
7.160022258758545,6.150120258331299,19
0.9264395236968994,6.5588250160217285,62
5.277840614318848,10.186606407165527,22
6.400656223297119,2.3654298782348633,21
5.687051296234131,4.460402488708496,66
6.433147430419922,12.715436935424805,94
5.830151081085205,6.884796142578125,65
10.22707748413086,10.938538551330566,37
5.24968147277832,10.040224075317383,22
9.49563980102539,11.243227005004883,81
9.793649673461914,9.197978973388672,71
9.486934661865234,11.223496437072754,81
6.225716590881348,4.764116287231445,38
1.1861834526062012,5.446584224700928,54
5.346658229827881,4.709229469299316,63
3.235546350479126,9.091602325439453,98
4.939290523529053,6.911779403686523,78
10.217987060546875,4.569408416748047,56
1.5420515537261963,5.810654163360596,54
8.205055236816406,8.856821060180664,69
2.899860143661499,11.72011947631836,8
4.712120532989502,5.115270614624023,50
2.8094592094421387,7.365044116973877,24
6.891572952270508,4.070444107055664,34
6.5793023109436035,13.009415626525879,94
7.891283988952637,7.791656970977783,95
7.474733829498291,3.7950170040130615,88
5.31129789352417,11.213668823242188,16
5.780749320983887,10.819278717041016,22
1.6563197374343872,4.638075351715088,82
2.85481858253479,7.314138889312744,24
5.114198207855225,11.780603408813477,40
6.449250221252441,12.610283851623535,87
7.679299354553223,4.260826587677002,43
2.970505952835083,6.677069187164307,93
5.769993305206299,11.64165210723877,9
6.7545599937438965,5.659806251525879,55
9.195051193237305,11.754095077514648,13
3.6498188972473145,6.782431602478027,7
9.326812744140625,10.45401382446289,90
9.332237243652344,6.105578422546387,33
9.076478004455566,10.005240440368652,37
6.238417625427246,4.911885738372803,19
2.3381264209747314,10.705757141113281,41
5.768776893615723,6.866257190704346,50
5.2842631340026855,9.17195987701416,99
2.218012809753418,5.420064449310303,6
5.800021171569824,6.831404685974121,66
12.053046226501465,10.141505241394043,68
5.569483280181885,5.363846302032471,4
2.868324041366577,8.895124435424805,2
4.395806312561035,6.715591907501221,18
8.364896774291992,11.061422348022461,89
10.234121322631836,10.981657028198242,37
7.459312438964844,7.7157793045043945,30
7.053433418273926,8.474952697753906,32
-0.03040437027812004,6.972801208496094,0
4.481978893280029,9.611896514892578,10
2.8906333446502686,6.287871360778809,79
5.821965217590332,8.017633438110352,91
6.009547233581543,11.064007759094238,86
3.8146469593048096,2.761029005050659,99
6.942503929138184,8.177433967590332,30
9.678497314453125,9.366839408874512,12
6.809035301208496,8.251683235168457,67
0.39594635367393494,7.858489036560059,53
4.677931308746338,9.799708366394043,57
11.13408088684082,4.789025783538818,59
7.701265811920166,7.786562442779541,55
-0.020319048315286636,6.898694038391113,83
4.354841709136963,6.507397651672363,45
6.272340774536133,6.6647443771362305,65
5.425010681152344,5.04463529586792,66
8.347384452819824,11.204154014587402,89
8.862885475158691,12.300786972045898,58
10.969181060791016,5.489637851715088,96
3.435816526412964,9.992267608642578,32
5.675287246704102,5.052731513977051,93
4.899734020233154,12.87636661529541,25
7.4244303703308105,9.904441833496094,76
6.131434917449951,5.628764629364014,55
0.1642608791589737,7.690118789672852,53
7.404206275939941,5.410511493682861,31
1.226157307624817,8.746830940246582,1
0.9668757319450378,5.944337844848633,70
7.339070796966553,9.758705139160156,76
4.3152899742126465,6.057187080383301,77
5.93082857131958,5.218018054962158,44
10.0404634475708,8.139875411987305,23
3.9799787998199463,7.386981010437012,26
5.0909833908081055,6.1459221839904785,50
1.151170015335083,5.763881683349609,54
1.3739749193191528,6.551845550537109,51
2.7188880443573,9.038101196289062,11
7.707366466522217,8.29845142364502,73
3.71694278717041,8.966103553771973,11
10.242752075195312,4.672509670257568,56
9.143658638000488,8.438665390014648,49
4.065303325653076,9.107995986938477,86
4.7178497314453125,9.6869535446167,10
5.343545436859131,7.55997896194458,29
4.8149237632751465,5.362702369689941,67
4.392096042633057,5.4295172691345215,51
-0.3304314613342285,7.324779510498047,83
3.921698808670044,8.532761573791504,98
5.969291687011719,6.158924579620361,72
6.832335472106934,6.269730567932129,36
7.3067240715026855,4.456459999084473,43
6.066650867462158,7.1607465744018555,32
8.069648742675781,8.94273853302002,69
7.0866379737854,5.550159454345703,15
7.267170429229736,7.80586051940918,30
3.7188870906829834,4.146633625030518,36
10.040432929992676,9.934149742126465,17
3.836745500564575,2.739715814590454,75
9.954486846923828,8.64016056060791,71
10.574917793273926,5.600085258483887,96
7.4140167236328125,4.432684898376465,43
7.590606212615967,4.322879791259766,43
5.05217981338501,6.697686195373535,44
7.710269927978516,6.349614143371582,15
10.020444869995117,5.669806003570557,33
4.7840256690979,4.699347019195557,64
5.805118083953857,5.096497535705566,80
1.8194499015808105,4.868311882019043,82
