tag,step,wall_time,value
test_acc,1,1764913913.0024428,18.139999389648438
test_acc,2,1764913943.839252,24.139999389648438
test_acc,3,1764913974.720709,33.40999984741211
test_acc,4,1764914005.6062396,37.66999816894531
test_acc,5,1764914036.5035098,43.84000015258789
test_acc,6,1764914067.4774704,40.54999923706055
test_acc,7,1764914098.5552857,50.38999938964844
test_acc,8,1764914129.5193992,49.189998626708984
test_acc,9,1764914160.467463,53.15999984741211
test_acc,10,1764914191.4564059,52.1099967956543
test_acc,11,1764914222.5226264,52.81999969482422
test_acc,12,1764914253.5358672,50.69999694824219
test_acc,13,1764914284.4642372,58.54999923706055
test_acc,14,1764914315.5511289,54.88999938964844
test_acc,15,1764914346.5019436,53.959999084472656
test_acc,16,1764914377.4426353,56.119998931884766
test_acc,17,1764914408.3106947,57.119998931884766
test_acc,18,1764914439.314006,58.28999710083008
test_acc,19,1764914470.3592396,54.619998931884766
test_acc,20,1764914501.2966914,59.93000030517578
test_acc,21,1764914532.2562113,54.56999969482422
test_acc,22,1764914563.267741,57.59000015258789
test_acc,23,1764914594.2018988,59.12999725341797
test_acc,24,1764914625.1731017,55.13999938964844
test_acc,25,1764914656.1137881,57.81999969482422
test_acc,26,1764914687.0127344,58.41999816894531
test_acc,27,1764914718.057166,58.8599967956543
test_acc,28,1764914749.039136,53.779998779296875
test_acc,29,1764914780.021908,59.40999984741211
test_acc,30,1764914810.9906802,54.75
test_acc,31,1764914842.032858,59.21999740600586
test_acc,32,1764914872.9028902,61.72999954223633
test_acc,33,1764914903.9204807,56.78999710083008
test_acc,34,1764914934.85562,60.22999954223633
test_acc,35,1764914965.8005137,56.89999771118164
test_acc,36,1764914996.723227,57.53999710083008
test_acc,37,1764915027.6205738,59.54999923706055
test_acc,38,1764915058.6524816,59.06999969482422
test_acc,39,1764915089.616474,58.18000030517578
test_acc,40,1764915120.609277,57.15999984741211
test_acc,41,1764915151.761063,60.7599983215332
test_acc,42,1764915183.1936498,56.64999771118164
test_acc,43,1764915214.6718938,60.849998474121094
test_acc,44,1764915245.743485,59.68000030517578
test_acc,45,1764915276.6205914,55.189998626708984
test_acc,46,1764915307.6072373,58.15999984741211
test_acc,47,1764915338.6954134,52.80999755859375
test_acc,48,1764915369.624369,57.41999816894531
test_acc,49,1764915400.5458477,58.19999694824219
test_acc,50,1764915431.572484,57.73999786376953
test_acc,51,1764915462.5201976,61.32999801635742
test_acc,52,1764915493.4707863,60.25
test_acc,53,1764915524.3923824,60.82999801635742
test_acc,54,1764915555.3321064,57.41999816894531
test_acc,55,1764915586.3462644,53.56999969482422
test_acc,56,1764915617.2521944,58.06999969482422
test_acc,57,1764915648.218041,57.44999694824219
test_acc,58,1764915679.1625504,58.40999984741211
test_acc,59,1764915710.1469262,61.619998931884766
test_acc,60,1764915741.1025338,59.55999755859375
test_acc,61,1764915772.0061512,59.40999984741211
test_acc,62,1764915802.9097142,58.709999084472656
test_acc,63,1764915833.8890398,59.32999801635742
test_acc,64,1764915864.8393269,56.54999923706055
test_acc,65,1764915895.7270925,53.5099983215332
test_acc,66,1764915926.6313803,56.77000045776367
test_acc,67,1764915957.541265,59.05999755859375
test_acc,68,1764915988.5792158,59.96999740600586
test_acc,69,1764916019.562978,58.6099967956543
test_acc,70,1764916050.4704354,60.56999969482422
test_acc,71,1764916081.3581,60.769996643066406
test_acc,72,1764916112.3856132,59.46999740600586
test_acc,73,1764916143.3610077,58.13999938964844
test_acc,74,1764916174.3071873,60.15999984741211
test_acc,75,1764916205.2036238,58.1099967956543
test_acc,76,1764916236.0794985,58.73999786376953
test_acc,77,1764916266.944332,60.73999786376953
test_acc,78,1764916297.8472486,57.32999801635742
test_acc,79,1764916328.9646995,59.709999084472656
test_acc,80,1764916359.8790274,59.369998931884766
test_acc,81,1764916390.9737241,57.93000030517578
test_acc,82,1764916421.9565017,53.849998474121094
test_acc,83,1764916452.8601146,60.44999694824219
test_acc,84,1764916483.813585,61.09000015258789
test_acc,85,1764916514.8002186,60.48999786376953
test_acc,86,1764916545.6866627,61.38999938964844
test_acc,87,1764916576.6323357,58.2599983215332
test_acc,88,1764916607.5011582,59.72999954223633
test_acc,89,1764916638.3875282,59.23999786376953
test_acc,90,1764916669.2916205,60.96999740600586
test_acc,91,1764916700.196848,57.48999786376953
test_acc,92,1764916731.1893804,61.25
test_acc,93,1764916762.8114254,59.0
test_acc,94,1764916793.954588,57.73999786376953
test_acc,95,1764916824.9846554,59.12999725341797
test_acc,96,1764916856.0631342,59.81999969482422
test_acc,97,1764916886.9822917,54.06999969482422
test_acc,98,1764916917.9605482,58.19999694824219
test_acc,99,1764916948.849422,57.96999740600586
test_acc,100,1764916979.8895335,61.53999710083008
test_acc,101,1764917010.8352947,58.14999771118164
test_acc,102,1764917042.114252,59.79999923706055
test_acc,103,1764917073.013145,60.869998931884766
test_acc,104,1764917103.9136739,57.41999816894531
test_acc,105,1764917134.8757858,59.64999771118164
test_acc,106,1764917165.9040246,60.28999710083008
test_acc,107,1764917196.8724036,56.709999084472656
test_acc,108,1764917227.8791096,59.939998626708984
test_acc,109,1764917258.876377,56.43000030517578
test_acc,110,1764917289.7922504,60.369998931884766
test_acc,111,1764917320.7216334,59.84000015258789
test_acc,112,1764917351.8392062,57.34000015258789
test_acc,113,1764917382.8337018,61.25
test_acc,114,1764917413.853296,60.62999725341797
test_acc,115,1764917444.8082373,60.40999984741211
test_acc,116,1764917475.7549512,57.519996643066406
test_acc,117,1764917506.6961703,61.71999740600586
test_acc,118,1764917537.7041728,62.099998474121094
test_acc,119,1764917568.650383,57.959999084472656
test_acc,120,1764917599.6024473,58.57999801635742
test_acc,121,1764917630.5018854,61.5
test_acc,122,1764917661.4912722,60.519996643066406
test_acc,123,1764917692.3658755,59.07999801635742
test_acc,124,1764917723.3487368,61.71999740600586
test_acc,125,1764917754.3515065,59.23999786376953
test_acc,126,1764917785.2456503,58.8599967956543
test_acc,127,1764917816.1903858,61.56999969482422
test_acc,128,1764917847.2289162,59.29999923706055
test_acc,129,1764917878.250239,58.13999938964844
test_acc,130,1764917909.1909251,58.97999954223633
test_acc,131,1764917940.1246746,59.18000030517578
test_acc,132,1764917971.156964,61.459999084472656
test_acc,133,1764918002.0194924,60.63999938964844
test_acc,134,1764918033.0086322,59.19999694824219
test_acc,135,1764918063.918852,60.97999954223633
test_acc,136,1764918094.900367,59.69999694824219
test_acc,137,1764918125.8471696,59.93000030517578
test_acc,138,1764918156.7602217,62.2599983215332
test_acc,139,1764918187.753806,58.12999725341797
test_acc,140,1764918218.7034752,63.519996643066406
test_acc,141,1764918249.7016542,60.769996643066406
test_acc,142,1764918280.651562,61.12999725341797
test_acc,143,1764918311.5970082,61.029998779296875
test_acc,144,1764918342.6836956,61.0099983215332
test_acc,145,1764918373.6665852,54.93000030517578
test_acc,146,1764918404.682003,57.119998931884766
test_acc,147,1764918435.7166295,63.369998931884766
test_acc,148,1764918466.6672237,57.44999694824219
test_acc,149,1764918497.5222034,54.57999801635742
test_acc,150,1764918528.5561225,58.28999710083008
test_acc,151,1764918559.5122325,73.11000061035156
test_acc,152,1764918590.6698327,73.86000061035156
test_acc,153,1764918621.660896,73.69999694824219
test_acc,154,1764918652.5582783,73.31999969482422
test_acc,155,1764918683.459185,73.94999694824219
test_acc,156,1764918714.41624,74.58000183105469
test_acc,157,1764918745.4121528,73.97000122070312
test_acc,158,1764918776.4440098,74.06999969482422
test_acc,159,1764918807.3830771,74.20999908447266
test_acc,160,1764918838.2525165,73.98999786376953
test_acc,161,1764918869.253143,73.44999694824219
test_acc,162,1764918900.3135753,73.83000183105469
test_acc,163,1764918931.2354352,73.66999816894531
test_acc,164,1764918962.2569237,73.65999603271484
test_acc,165,1764918993.157481,73.7699966430664
test_acc,166,1764919024.1549835,73.33999633789062
test_acc,167,1764919055.0685072,73.22000122070312
test_acc,168,1764919086.0194144,73.87999725341797
test_acc,169,1764919117.0167387,73.43999481201172
test_acc,170,1764919147.9626186,73.40999603271484
test_acc,171,1764919178.8938289,73.48999786376953
test_acc,172,1764919209.88683,72.7699966430664
test_acc,173,1764919240.8651733,73.81999969482422
test_acc,174,1764919271.777436,72.86000061035156
test_acc,175,1764919302.7076066,72.7699966430664
test_acc,176,1764919333.7092624,72.52999877929688
test_acc,177,1764919364.6495404,73.93999481201172
test_acc,178,1764919395.6404262,72.9000015258789
test_acc,179,1764919426.5972004,72.5
test_acc,180,1764919457.5241618,72.18999481201172
test_acc,181,1764919488.470995,75.29000091552734
test_acc,182,1764919519.4434366,75.43000030517578
test_acc,183,1764919550.5833728,75.83000183105469
test_acc,184,1764919581.5934415,75.83000183105469
test_acc,185,1764919612.6104805,75.70999908447266
test_acc,186,1764919643.5882406,75.80999755859375
test_acc,187,1764919674.5829415,75.79000091552734
test_acc,188,1764919705.5965528,75.72999572753906
test_acc,189,1764919736.6048267,75.79999542236328
test_acc,190,1764919767.6217964,75.62999725341797
test_acc,191,1764919798.5672748,75.55999755859375
test_acc,192,1764919829.5565352,75.66999816894531
test_acc,193,1764919860.5250995,75.79999542236328
test_acc,194,1764919891.6481194,75.61000061035156
test_acc,195,1764919922.5791037,75.94999694824219
test_acc,196,1764919953.6342158,75.77999877929688
test_acc,197,1764919984.6873271,75.77999877929688
test_acc,198,1764920015.7481196,75.86000061035156
test_acc,199,1764920046.8012164,75.62999725341797
test_acc,200,1764920077.809509,75.5999984741211
test_acc,201,1764920108.9509726,75.6199951171875
test_acc,202,1764920140.3967888,75.58000183105469
test_acc,203,1764920171.4765205,75.55999755859375
test_acc,204,1764920202.706265,75.77999877929688
test_acc,205,1764920233.9005249,75.83999633789062
test_acc,206,1764920264.9964325,75.88999938964844
test_acc,207,1764920296.0274346,75.8499984741211
test_acc,208,1764920327.2059896,75.72999572753906
test_acc,209,1764920358.6345367,75.70999908447266
test_acc,210,1764920389.8886902,75.45999908447266
test_acc,211,1764920421.599507,75.90999603271484
test_acc,212,1764920452.7984314,75.7699966430664
test_acc,213,1764920483.774223,75.77999877929688
test_acc,214,1764920514.7187884,75.79999542236328
test_acc,215,1764920545.669196,75.9000015258789
test_acc,216,1764920576.5368574,75.79000091552734
test_acc,217,1764920607.4851742,75.93000030517578
test_acc,218,1764920638.5201068,75.83999633789062
test_acc,219,1764920669.454588,75.79000091552734
test_acc,220,1764920700.4904096,75.83999633789062
test_acc,221,1764920731.5345168,75.81999969482422
test_acc,222,1764920762.4962451,75.83999633789062
test_acc,223,1764920793.4704947,75.91999816894531
test_acc,224,1764920824.4498835,75.8499984741211
test_acc,225,1764920855.4934664,75.98999786376953
test_acc,226,1764920886.4765544,75.79999542236328
test_acc,227,1764920917.4661624,75.80999755859375
test_acc,228,1764920948.579378,75.87999725341797
test_acc,229,1764920979.711568,75.69999694824219
test_acc,230,1764921011.4999912,75.91999816894531
test_acc,231,1764921042.4101422,75.77999877929688
test_acc,232,1764921073.4461324,75.68000030517578
test_acc,233,1764921104.442113,75.8499984741211
test_acc,234,1764921135.4693298,75.83999633789062
test_acc,235,1764921166.3965833,75.77999877929688
test_acc,236,1764921197.4539902,75.72000122070312
test_acc,237,1764921228.446579,75.88999938964844
test_acc,238,1764921259.4580975,75.90999603271484
test_acc,239,1764921290.546695,75.90999603271484
test_acc,240,1764921323.714991,75.77999877929688
test_acc_top5,1,1764913913.0026548,45.86000061035156
test_acc_top5,2,1764913943.8394682,54.2599983215332
test_acc_top5,3,1764913974.7209477,66.81999969482422
test_acc_top5,4,1764914005.6064398,70.66999816894531
test_acc_top5,5,1764914036.5037065,74.48999786376953
test_acc_top5,6,1764914067.477705,73.68000030517578
test_acc_top5,7,1764914098.5555549,80.18999481201172
test_acc_top5,8,1764914129.5196033,80.06999969482422
test_acc_top5,9,1764914160.467663,83.25
test_acc_top5,10,1764914191.4566133,81.87999725341797
test_acc_top5,11,1764914222.5228765,82.04000091552734
test_acc_top5,12,1764914253.5360703,80.44999694824219
test_acc_top5,13,1764914284.464485,85.79000091552734
test_acc_top5,14,1764914315.5513315,84.23999786376953
test_acc_top5,15,1764914346.5021842,82.57999420166016
test_acc_top5,16,1764914377.4428651,84.04999542236328
test_acc_top5,17,1764914408.3109381,85.11000061035156
test_acc_top5,18,1764914439.3142083,85.54999542236328
test_acc_top5,19,1764914470.3594902,83.29999542236328
test_acc_top5,20,1764914501.2969751,86.15999603271484
test_acc_top5,21,1764914532.256413,84.07999420166016
test_acc_top5,22,1764914563.26797,85.52999877929688
test_acc_top5,23,1764914594.2020893,86.50999450683594
test_acc_top5,24,1764914625.1733167,83.31999969482422
test_acc_top5,25,1764914656.1139972,85.29000091552734
test_acc_top5,26,1764914687.0129662,85.18999481201172
test_acc_top5,27,1764914718.0574248,86.1500015258789
test_acc_top5,28,1764914749.0393822,82.36000061035156
test_acc_top5,29,1764914780.0221074,86.68000030517578
test_acc_top5,30,1764914810.9909043,84.31999969482422
test_acc_top5,31,1764914842.033068,85.4000015258789
test_acc_top5,32,1764914872.9030964,86.97000122070312
test_acc_top5,33,1764914903.9206884,85.19999694824219
test_acc_top5,34,1764914934.8558583,87.22999572753906
test_acc_top5,35,1764914965.8007157,85.07999420166016
test_acc_top5,36,1764914996.7234294,84.88999938964844
test_acc_top5,37,1764915027.6208181,85.79999542236328
test_acc_top5,38,1764915058.6526957,85.98999786376953
test_acc_top5,39,1764915089.616679,85.90999603271484
test_acc_top5,40,1764915120.609528,85.6199951171875
test_acc_top5,41,1764915151.761291,86.72999572753906
test_acc_top5,42,1764915183.1939516,84.32999420166016
test_acc_top5,43,1764915214.6721344,86.06999969482422
test_acc_top5,44,1764915245.7436893,86.54000091552734
test_acc_top5,45,1764915276.6209276,83.5999984741211
test_acc_top5,46,1764915307.6074388,86.68000030517578
test_acc_top5,47,1764915338.6956089,81.66999816894531
test_acc_top5,48,1764915369.6245737,84.75999450683594
test_acc_top5,49,1764915400.5460474,84.54000091552734
test_acc_top5,50,1764915431.5726871,84.15999603271484
test_acc_top5,51,1764915462.5203958,86.93999481201172
test_acc_top5,52,1764915493.4710093,86.75
test_acc_top5,53,1764915524.3926005,87.61000061035156
test_acc_top5,54,1764915555.3323445,85.05999755859375
test_acc_top5,55,1764915586.3464663,82.11000061035156
test_acc_top5,56,1764915617.2524016,85.18999481201172
test_acc_top5,57,1764915648.2182617,86.04999542236328
test_acc_top5,58,1764915679.1628153,85.62999725341797
test_acc_top5,59,1764915710.147128,87.18999481201172
test_acc_top5,60,1764915741.1027396,86.55999755859375
test_acc_top5,61,1764915772.0063562,86.00999450683594
test_acc_top5,62,1764915802.909954,86.0
test_acc_top5,63,1764915833.8893025,86.1199951171875
test_acc_top5,64,1764915864.8395262,85.20999908447266
test_acc_top5,65,1764915895.72729,82.80999755859375
test_acc_top5,66,1764915926.6315815,84.73999786376953
test_acc_top5,67,1764915957.5415154,86.06999969482422
test_acc_top5,68,1764915988.579415,86.44999694824219
test_acc_top5,69,1764916019.5631816,85.40999603271484
test_acc_top5,70,1764916050.4706318,86.8699951171875
test_acc_top5,71,1764916081.3583002,87.33999633789062
test_acc_top5,72,1764916112.3858395,86.56999969482422
test_acc_top5,73,1764916143.3612227,85.97999572753906
test_acc_top5,74,1764916174.30739,87.07999420166016
test_acc_top5,75,1764916205.2038713,85.8499984741211
test_acc_top5,76,1764916236.0797143,86.38999938964844
test_acc_top5,77,1764916266.9445333,86.6199951171875
test_acc_top5,78,1764916297.8474975,84.40999603271484
test_acc_top5,79,1764916328.9649863,86.43000030517578
test_acc_top5,80,1764916359.8792286,86.4000015258789
test_acc_top5,81,1764916390.973963,85.54999542236328
test_acc_top5,82,1764916421.9567742,82.6500015258789
test_acc_top5,83,1764916452.8603175,86.65999603271484
test_acc_top5,84,1764916483.813802,87.9000015258789
test_acc_top5,85,1764916514.8004243,86.29000091552734
test_acc_top5,86,1764916545.686906,87.36000061035156
test_acc_top5,87,1764916576.6325366,85.69999694824219
test_acc_top5,88,1764916607.501371,86.9000015258789
test_acc_top5,89,1764916638.3877296,85.77999877929688
test_acc_top5,90,1764916669.2918956,86.86000061035156
test_acc_top5,91,1764916700.1970532,85.5199966430664
test_acc_top5,92,1764916731.1895988,87.04999542236328
test_acc_top5,93,1764916762.8116353,84.8499984741211
test_acc_top5,94,1764916793.95486,84.4000015258789
test_acc_top5,95,1764916824.9849088,86.18999481201172
test_acc_top5,96,1764916856.063335,86.93000030517578
test_acc_top5,97,1764916886.982538,82.55999755859375
test_acc_top5,98,1764916917.9607956,86.04000091552734
test_acc_top5,99,1764916948.8496413,85.68000030517578
test_acc_top5,100,1764916979.889738,87.69999694824219
test_acc_top5,101,1764917010.8354974,86.19999694824219
test_acc_top5,102,1764917042.1145065,87.0
test_acc_top5,103,1764917073.0133524,87.04999542236328
test_acc_top5,104,1764917103.9139228,85.07999420166016
test_acc_top5,105,1764917134.8760223,85.75
test_acc_top5,106,1764917165.9042237,86.19999694824219
test_acc_top5,107,1764917196.8726037,83.77999877929688
test_acc_top5,108,1764917227.8793292,86.5999984741211
test_acc_top5,109,1764917258.8765795,83.94999694824219
test_acc_top5,110,1764917289.7924497,87.23999786376953
test_acc_top5,111,1764917320.7218602,87.3499984741211
test_acc_top5,112,1764917351.8394144,85.00999450683594
test_acc_top5,113,1764917382.8339388,87.30999755859375
test_acc_top5,114,1764917413.8535244,86.97000122070312
test_acc_top5,115,1764917444.808446,86.56999969482422
test_acc_top5,116,1764917475.755157,85.07999420166016
test_acc_top5,117,1764917506.6963704,87.73999786376953
test_acc_top5,118,1764917537.704376,88.0199966430664
test_acc_top5,119,1764917568.6505806,85.11000061035156
test_acc_top5,120,1764917599.6026444,86.13999938964844
test_acc_top5,121,1764917630.5021048,87.93000030517578
test_acc_top5,122,1764917661.4915097,87.54999542236328
test_acc_top5,123,1764917692.3660774,86.22000122070312
test_acc_top5,124,1764917723.348987,88.04000091552734
test_acc_top5,125,1764917754.3517044,85.68999481201172
test_acc_top5,126,1764917785.2458842,85.41999816894531
test_acc_top5,127,1764917816.1905818,87.33999633789062
test_acc_top5,128,1764917847.2291648,86.08999633789062
test_acc_top5,129,1764917878.2503722,86.6199951171875
test_acc_top5,130,1764917909.1911278,86.18999481201172
test_acc_top5,131,1764917940.124924,87.0199966430664
test_acc_top5,132,1764917971.1571643,87.5999984741211
test_acc_top5,133,1764918002.0196896,87.0199966430664
test_acc_top5,134,1764918033.0088775,86.30999755859375
test_acc_top5,135,1764918063.9190884,87.08999633789062
test_acc_top5,136,1764918094.9005687,86.45999908447266
test_acc_top5,137,1764918125.8473773,86.95999908447266
test_acc_top5,138,1764918156.7604105,87.58999633789062
test_acc_top5,139,1764918187.7540221,86.07999420166016
test_acc_top5,140,1764918218.7036932,88.40999603271484
test_acc_top5,141,1764918249.7018986,87.91999816894531
test_acc_top5,142,1764918280.6517963,87.5999984741211
test_acc_top5,143,1764918311.5972195,86.44999694824219
test_acc_top5,144,1764918342.6839774,87.40999603271484
test_acc_top5,145,1764918373.666795,83.9000015258789
test_acc_top5,146,1764918404.6822026,84.68999481201172
test_acc_top5,147,1764918435.7168758,88.5199966430664
test_acc_top5,148,1764918466.6674263,85.72999572753906
test_acc_top5,149,1764918497.522437,82.48999786376953
test_acc_top5,150,1764918528.5563724,85.20999908447266
test_acc_top5,151,1764918559.5124497,93.1199951171875
test_acc_top5,152,1764918590.6700368,93.27999877929688
test_acc_top5,153,1764918621.6611059,93.25
test_acc_top5,154,1764918652.5585108,93.25999450683594
test_acc_top5,155,1764918683.4593863,93.37999725341797
test_acc_top5,156,1764918714.4164577,93.58999633789062
test_acc_top5,157,1764918745.4123526,93.38999938964844
test_acc_top5,158,1764918776.4442086,93.31999969482422
test_acc_top5,159,1764918807.3832757,93.48999786376953
test_acc_top5,160,1764918838.2527127,93.33999633789062
test_acc_top5,161,1764918869.253408,93.27999877929688
test_acc_top5,162,1764918900.3138733,93.33999633789062
test_acc_top5,163,1764918931.235638,93.3699951171875
test_acc_top5,164,1764918962.2571204,93.25999450683594
test_acc_top5,165,1764918993.1577284,93.44999694824219
test_acc_top5,166,1764919024.1551838,92.86000061035156
test_acc_top5,167,1764919055.0687125,93.06999969482422
test_acc_top5,168,1764919086.0196638,93.0999984741211
test_acc_top5,169,1764919117.0170257,93.19999694824219
test_acc_top5,170,1764919147.9628596,92.93000030517578
test_acc_top5,171,1764919178.89403,92.8699951171875
test_acc_top5,172,1764919209.8870313,92.86000061035156
test_acc_top5,173,1764919240.8653936,93.1199951171875
test_acc_top5,174,1764919271.7776413,92.83999633789062
test_acc_top5,175,1764919302.707852,92.68000030517578
test_acc_top5,176,1764919333.709509,92.91999816894531
test_acc_top5,177,1764919364.6497397,93.06999969482422
test_acc_top5,178,1764919395.6406503,92.77999877929688
test_acc_top5,179,1764919426.5974102,92.93000030517578
test_acc_top5,180,1764919457.5243783,92.2699966430664
test_acc_top5,181,1764919488.4711967,93.62999725341797
test_acc_top5,182,1764919519.4436517,93.75
test_acc_top5,183,1764919550.5836542,93.73999786376953
test_acc_top5,184,1764919581.5936875,93.79999542236328
test_acc_top5,185,1764919612.610676,93.7699966430664
test_acc_top5,186,1764919643.5884378,93.93999481201172
test_acc_top5,187,1764919674.58323,93.72999572753906
test_acc_top5,188,1764919705.5967746,93.64999389648438
test_acc_top5,189,1764919736.6050248,93.61000061035156
test_acc_top5,190,1764919767.6220384,93.82999420166016
test_acc_top5,191,1764919798.5674713,93.81999969482422
test_acc_top5,192,1764919829.55674,93.79999542236328
test_acc_top5,193,1764919860.5253117,93.75999450683594
test_acc_top5,194,1764919891.6483555,93.73999786376953
test_acc_top5,195,1764919922.5793414,93.70999908447266
test_acc_top5,196,1764919953.634417,93.82999420166016
test_acc_top5,197,1764919984.687554,93.70999908447266
test_acc_top5,198,1764920015.7483575,93.73999786376953
test_acc_top5,199,1764920046.801416,93.57999420166016
test_acc_top5,200,1764920077.809714,93.6199951171875
test_acc_top5,201,1764920108.9511712,93.93999481201172
test_acc_top5,202,1764920140.3970077,93.79999542236328
test_acc_top5,203,1764920171.4767175,93.68000030517578
test_acc_top5,204,1764920202.706532,93.6199951171875
test_acc_top5,205,1764920233.9007707,93.68000030517578
test_acc_top5,206,1764920264.9966402,93.83999633789062
test_acc_top5,207,1764920296.0276346,93.68000030517578
test_acc_top5,208,1764920327.206195,93.63999938964844
test_acc_top5,209,1764920358.6347332,93.72999572753906
test_acc_top5,210,1764920389.8889656,93.72000122070312
test_acc_top5,211,1764920421.5997727,93.72999572753906
test_acc_top5,212,1764920452.7986763,93.81999969482422
test_acc_top5,213,1764920483.7744217,93.68999481201172
test_acc_top5,214,1764920514.7189994,93.72000122070312
test_acc_top5,215,1764920545.6694033,93.69999694824219
test_acc_top5,216,1764920576.5370977,93.72000122070312
test_acc_top5,217,1764920607.485385,93.66999816894531
test_acc_top5,218,1764920638.520315,93.7699966430664
test_acc_top5,219,1764920669.4548855,93.77999877929688
test_acc_top5,220,1764920700.4906924,93.75999450683594
test_acc_top5,221,1764920731.5347133,93.66999816894531
test_acc_top5,222,1764920762.4964528,93.87999725341797
test_acc_top5,223,1764920793.470738,93.8699951171875
test_acc_top5,224,1764920824.4501348,93.75
test_acc_top5,225,1764920855.4936638,93.77999877929688
test_acc_top5,226,1764920886.4768298,93.68999481201172
test_acc_top5,227,1764920917.4663599,93.62999725341797
test_acc_top5,228,1764920948.5795784,93.68999481201172
test_acc_top5,229,1764920979.7118073,93.68999481201172
test_acc_top5,230,1764921011.5002182,93.72000122070312
test_acc_top5,231,1764921042.4103506,93.7699966430664
test_acc_top5,232,1764921073.4463263,93.68000030517578
test_acc_top5,233,1764921104.4423158,93.69999694824219
test_acc_top5,234,1764921135.4695303,93.73999786376953
test_acc_top5,235,1764921166.396804,93.70999908447266
test_acc_top5,236,1764921197.454186,93.75
test_acc_top5,237,1764921228.4468126,93.69999694824219
test_acc_top5,238,1764921259.458342,93.65999603271484
test_acc_top5,239,1764921290.5469332,93.75999450683594
test_acc_top5,240,1764921323.7151914,93.61000061035156
test_loss,1,1764913913.0025163,3.4503633975982666
test_loss,2,1764913943.8393254,3.31065034866333
test_loss,3,1764913974.7208176,2.685206174850464
test_loss,4,1764914005.6063132,2.64477276802063
test_loss,5,1764914036.503581,2.2907559871673584
test_loss,6,1764914067.4775405,2.7852983474731445
test_loss,7,1764914098.5553658,1.9678629636764526
test_loss,8,1764914129.5194697,2.078909158706665
test_loss,9,1764914160.4675336,1.9656649827957153
test_loss,10,1764914191.4564774,2.0161523818969727
test_loss,11,1764914222.5226986,2.0343496799468994
test_loss,12,1764914253.5359404,2.1299633979797363
test_loss,13,1764914284.4643173,1.6501201391220093
test_loss,14,1764914315.551199,1.8687171936035156
test_loss,15,1764914346.5020232,1.9624067544937134
test_loss,16,1764914377.4427075,1.8327620029449463
test_loss,17,1764914408.3107994,1.7550557851791382
test_loss,18,1764914439.3140779,1.709760069847107
test_loss,19,1764914470.359327,1.85076904296875
test_loss,20,1764914501.2968132,1.6323684453964233
test_loss,21,1764914532.256282,1.8629577159881592
test_loss,22,1764914563.2678423,1.7260820865631104
test_loss,23,1764914594.2019706,1.6633148193359375
test_loss,24,1764914625.173183,2.036557197570801
test_loss,25,1764914656.1138625,1.7940969467163086
test_loss,26,1764914687.0128384,1.6573128700256348
test_loss,27,1764914718.0572577,1.694437861442566
test_loss,28,1764914749.0392077,2.0681068897247314
test_loss,29,1764914780.0219805,1.7041130065917969
test_loss,30,1764914810.9907773,1.9638724327087402
test_loss,31,1764914842.0329306,1.6640119552612305
test_loss,32,1764914872.9029658,1.5506466627120972
test_loss,33,1764914903.9205537,1.9167628288269043
test_loss,34,1764914934.8556917,1.6264832019805908
test_loss,35,1764914965.8005857,1.8573956489562988
test_loss,36,1764914996.7232985,1.8945789337158203
test_loss,37,1764915027.6206436,1.621400237083435
test_loss,38,1764915058.6525543,1.7121658325195312
test_loss,39,1764915089.6165469,1.7223596572875977
test_loss,40,1764915120.6093554,1.8781886100769043
test_loss,41,1764915151.761147,1.6500521898269653
test_loss,42,1764915183.1937425,2.0237083435058594
test_loss,43,1764915214.6719658,1.619213581085205
test_loss,44,1764915245.743556,1.7311605215072632
test_loss,45,1764915276.6206613,1.9234564304351807
test_loss,46,1764915307.6073086,1.85062575340271
test_loss,47,1764915338.695485,2.1598317623138428
test_loss,48,1764915369.6244404,1.803584337234497
test_loss,49,1764915400.5459194,1.7689900398254395
test_loss,50,1764915431.5725563,1.914239525794983
test_loss,51,1764915462.5202703,1.5858367681503296
test_loss,52,1764915493.4708636,1.6283377408981323
test_loss,53,1764915524.392466,1.542383074760437
test_loss,54,1764915555.3321865,1.8005797863006592
test_loss,55,1764915586.3463352,2.1386330127716064
test_loss,56,1764915617.252265,1.9401512145996094
test_loss,57,1764915648.218116,1.8171393871307373
test_loss,58,1764915679.1626232,1.859038233757019
test_loss,59,1764915710.146999,1.5665260553359985
test_loss,60,1764915741.1026034,1.8018670082092285
test_loss,61,1764915772.0062294,1.7900928258895874
test_loss,62,1764915802.9098191,1.821535348892212
test_loss,63,1764915833.889117,1.6621503829956055
test_loss,64,1764915864.8393981,1.9185898303985596
test_loss,65,1764915895.7271643,2.046607494354248
test_loss,66,1764915926.631454,1.9080631732940674
test_loss,67,1764915957.5413563,1.7232041358947754
test_loss,68,1764915988.5792866,1.685549259185791
test_loss,69,1764916019.5630505,1.7217509746551514
test_loss,70,1764916050.4705064,1.6584889888763428
test_loss,71,1764916081.3581734,1.6466959714889526
test_loss,72,1764916112.3856845,1.780814528465271
test_loss,73,1764916143.361079,1.8674639463424683
test_loss,74,1764916174.3072612,1.6455364227294922
test_loss,75,1764916205.203696,1.8285837173461914
test_loss,76,1764916236.0795722,1.7346341609954834
test_loss,77,1764916266.944403,1.5849978923797607
test_loss,78,1764916297.8473296,1.8020209074020386
test_loss,79,1764916328.9648068,1.767472743988037
test_loss,80,1764916359.8791015,1.743618130683899
test_loss,81,1764916390.9738255,1.7423793077468872
test_loss,82,1764916421.956581,2.269165277481079
test_loss,83,1764916452.860188,1.6475173234939575
test_loss,84,1764916483.813659,1.5790541172027588
test_loss,85,1764916514.8002925,1.6848055124282837
test_loss,86,1764916545.686737,1.5530871152877808
test_loss,87,1764916576.6324058,1.8140839338302612
test_loss,88,1764916607.501239,1.690317988395691
test_loss,89,1764916638.3876014,1.710867166519165
test_loss,90,1764916669.291699,1.6112154722213745
test_loss,91,1764916700.1969209,1.768729567527771
test_loss,92,1764916731.1894548,1.5703750848770142
test_loss,93,1764916762.8114965,1.7435489892959595
test_loss,94,1764916793.9546666,1.9417312145233154
test_loss,95,1764916824.984726,1.8046875
test_loss,96,1764916856.0632057,1.6331393718719482
test_loss,97,1764916886.9823785,2.2305994033813477
test_loss,98,1764916917.9606192,1.9055715799331665
test_loss,99,1764916948.8494973,1.9350261688232422
test_loss,100,1764916979.8896098,1.5942895412445068
test_loss,101,1764917010.8353667,1.9027379751205444
test_loss,102,1764917042.1143367,1.7039252519607544
test_loss,103,1764917073.0132287,1.5950920581817627
test_loss,104,1764917103.9137442,1.935555100440979
test_loss,105,1764917134.875867,1.7336894273757935
test_loss,106,1764917165.9040976,1.614915370941162
test_loss,107,1764917196.8724751,1.910917043685913
test_loss,108,1764917227.8791955,1.7488715648651123
test_loss,109,1764917258.8764513,2.0492734909057617
test_loss,110,1764917289.792323,1.6349164247512817
test_loss,111,1764917320.7217064,1.649946928024292
test_loss,112,1764917351.8392773,1.930870771408081
test_loss,113,1764917382.8338075,1.6003390550613403
test_loss,114,1764917413.8533704,1.6587756872177124
test_loss,115,1764917444.808309,1.6908347606658936
test_loss,116,1764917475.755023,1.8315305709838867
test_loss,117,1764917506.696241,1.5270315408706665
test_loss,118,1764917537.7042458,1.510538935661316
test_loss,119,1764917568.6504543,1.8058686256408691
test_loss,120,1764917599.6025188,1.7937211990356445
test_loss,121,1764917630.5019593,1.5904364585876465
test_loss,122,1764917661.4913516,1.752593755722046
test_loss,123,1764917692.3659487,1.6912803649902344
test_loss,124,1764917723.3488421,1.5606452226638794
test_loss,125,1764917754.3515773,1.755665898323059
test_loss,126,1764917785.2457237,1.9157037734985352
test_loss,127,1764917816.190457,1.5923964977264404
test_loss,128,1764917847.2290008,1.7160801887512207
test_loss,129,1764917878.250312,1.8479810953140259
test_loss,130,1764917909.1909986,1.7661765813827515
test_loss,131,1764917940.1247458,1.7501503229141235
test_loss,132,1764917971.157038,1.5693284273147583
test_loss,133,1764918002.0195625,1.657804250717163
test_loss,134,1764918033.0087025,1.7744626998901367
test_loss,135,1764918063.9189298,1.607689619064331
test_loss,136,1764918094.900439,1.6909379959106445
test_loss,137,1764918125.8472416,1.6700637340545654
test_loss,138,1764918156.7602918,1.5575659275054932
test_loss,139,1764918187.75388,1.8888131380081177
test_loss,140,1764918218.7035468,1.5206632614135742
test_loss,141,1764918249.7017252,1.594603419303894
test_loss,142,1764918280.6516323,1.6309800148010254
test_loss,143,1764918311.597082,1.5867832899093628
test_loss,144,1764918342.6838064,1.6217340230941772
test_loss,145,1764918373.6666553,1.9798290729522705
test_loss,146,1764918404.6820774,1.898820400238037
test_loss,147,1764918435.7167072,1.4623745679855347
test_loss,148,1764918466.6673,1.947694182395935
test_loss,149,1764918497.5222836,2.1866953372955322
test_loss,150,1764918528.5562043,1.8916462659835815
test_loss,151,1764918559.5123067,1.0198636054992676
test_loss,152,1764918590.6699057,0.9860654473304749
test_loss,153,1764918621.6609676,1.0045515298843384
test_loss,154,1764918652.5583568,1.0294533967971802
test_loss,155,1764918683.4592574,1.0051991939544678
test_loss,156,1764918714.416313,0.9799476861953735
test_loss,157,1764918745.4122245,0.9982886910438538
test_loss,158,1764918776.4440825,0.9914775490760803
test_loss,159,1764918807.3831484,1.0151780843734741
test_loss,160,1764918838.2525878,0.9899324178695679
test_loss,161,1764918869.2532303,1.0498919486999512
test_loss,162,1764918900.3136458,1.0249136686325073
test_loss,163,1764918931.2355065,1.0169117450714111
test_loss,164,1764918962.2569957,1.0233783721923828
test_loss,165,1764918993.157563,1.0298978090286255
test_loss,166,1764919024.1550555,1.057753324508667
test_loss,167,1764919055.0685775,1.067407250404358
test_loss,168,1764919086.0194938,1.0326992273330688
test_loss,169,1764919117.016881,1.0500659942626953
test_loss,170,1764919147.9626906,1.054295539855957
test_loss,171,1764919178.8939,1.0638645887374878
test_loss,172,1764919209.8869033,1.0851789712905884
test_loss,173,1764919240.865258,1.0334404706954956
test_loss,174,1764919271.77751,1.108103632926941
test_loss,175,1764919302.707679,1.1192032098770142
test_loss,176,1764919333.7093415,1.1235328912734985
test_loss,177,1764919364.6496131,1.0376724004745483
test_loss,178,1764919395.6405003,1.1120630502700806
test_loss,179,1764919426.5972743,1.0939098596572876
test_loss,180,1764919457.5242388,1.1073304414749146
test_loss,181,1764919488.4710665,0.9820089936256409
test_loss,182,1764919519.4435103,0.9648637175559998
test_loss,183,1764919550.5834506,0.9617670774459839
test_loss,184,1764919581.5935273,0.9605911374092102
test_loss,185,1764919612.6105516,0.9527331590652466
test_loss,186,1764919643.58831,0.9613604545593262
test_loss,187,1764919674.5830216,0.9591270089149475
test_loss,188,1764919705.5966246,0.9643926620483398
test_loss,189,1764919736.6048973,0.9644383788108826
test_loss,190,1764919767.6218889,0.96605384349823
test_loss,191,1764919798.5673447,0.9690393209457397
test_loss,192,1764919829.5566075,0.966928243637085
test_loss,193,1764919860.5251703,0.9644998908042908
test_loss,194,1764919891.6481972,0.9660322070121765
test_loss,195,1764919922.5791826,0.9582723379135132
test_loss,196,1764919953.634287,0.9625670313835144
test_loss,197,1764919984.6873987,0.9607381224632263
test_loss,198,1764920015.748202,0.9759023189544678
test_loss,199,1764920046.8012884,0.9744795560836792
test_loss,200,1764920077.809587,0.9698407649993896
test_loss,201,1764920108.9510443,0.9646449685096741
test_loss,202,1764920140.3968668,0.9669149518013
test_loss,203,1764920171.4765918,0.9714456796646118
test_loss,204,1764920202.706358,0.9738444089889526
test_loss,205,1764920233.9005995,0.9733185172080994
test_loss,206,1764920264.9965048,0.9718379974365234
test_loss,207,1764920296.0275073,0.9757164716720581
test_loss,208,1764920327.2060614,0.9806928038597107
test_loss,209,1764920358.634608,0.9758301377296448
test_loss,210,1764920389.8887916,0.9735976457595825
test_loss,211,1764920421.599597,0.97100830078125
test_loss,212,1764920452.7985158,0.9639262557029724
test_loss,213,1764920483.7742982,0.9687480330467224
test_loss,214,1764920514.7188632,0.9600357413291931
test_loss,215,1764920545.669269,0.9668449759483337
test_loss,216,1764920576.5369334,0.9647329449653625
test_loss,217,1764920607.4852588,0.9643672108650208
test_loss,218,1764920638.5201805,0.9680718183517456
test_loss,219,1764920669.4546587,0.968124508857727
test_loss,220,1764920700.49049,0.9691778421401978
test_loss,221,1764920731.5345905,0.9637659788131714
test_loss,222,1764920762.4963162,0.9621793627738953
test_loss,223,1764920793.4705725,0.9648466110229492
test_loss,224,1764920824.4499784,0.9616421461105347
test_loss,225,1764920855.4935374,0.963670015335083
test_loss,226,1764920886.4766266,0.9637407660484314
test_loss,227,1764920917.4662344,0.9672098159790039
test_loss,228,1764920948.5794508,0.9731162786483765
test_loss,229,1764920979.7116401,0.9663545489311218
test_loss,230,1764921011.5000722,0.9616401195526123
test_loss,231,1764921042.410214,0.9641982316970825
test_loss,232,1764921073.446203,0.9648489952087402
test_loss,233,1764921104.442185,0.9688466191291809
test_loss,234,1764921135.469402,0.9627771973609924
test_loss,235,1764921166.3966527,0.9681596159934998
test_loss,236,1764921197.4540617,0.9709120392799377
test_loss,237,1764921228.4466493,0.9630441069602966
test_loss,238,1764921259.4581835,0.9629499316215515
test_loss,239,1764921290.5468,0.9676622748374939
test_loss,240,1764921323.7150633,0.9682773351669312
train_acc,1,1764913911.6553862,11.007999420166016
train_acc,2,1764913942.618537,23.347999572753906
train_acc,3,1764913973.460816,34.10799789428711
train_acc,4,1764914004.424874,41.72800064086914
train_acc,5,1764914035.2941313,47.157997131347656
train_acc,6,1764914066.2237082,50.94999694824219
train_acc,7,1764914097.1776214,54.413997650146484
train_acc,8,1764914128.2385278,56.854000091552734
train_acc,9,1764914159.1747842,58.79399871826172
train_acc,10,1764914190.20253,60.073997497558594
train_acc,11,1764914221.1436722,61.42799758911133
train_acc,12,1764914252.2069588,62.28799819946289
train_acc,13,1764914283.1890528,62.97999954223633
train_acc,14,1764914314.2066524,63.56599807739258
train_acc,15,1764914345.2704058,64.51799774169922
train_acc,16,1764914376.2170155,64.8759994506836
train_acc,17,1764914407.0765703,65.4679946899414
train_acc,18,1764914438.0550995,65.6240005493164
train_acc,19,1764914469.0743163,65.88399505615234
train_acc,20,1764914500.0485096,66.5199966430664
train_acc,21,1764914531.0080469,66.68599700927734
train_acc,22,1764914561.9334245,66.75999450683594
train_acc,23,1764914592.9527035,67.2719955444336
train_acc,24,1764914623.932721,66.81800079345703
train_acc,25,1764914654.8655074,67.34600067138672
train_acc,26,1764914685.7867043,67.39599609375
train_acc,27,1764914716.6656122,67.79999542236328
train_acc,28,1764914747.6821434,68.0199966430664
train_acc,29,1764914778.7907941,68.33999633789062
train_acc,30,1764914809.7506583,68.19999694824219
train_acc,31,1764914840.7357163,68.10399627685547
train_acc,32,1764914871.7144437,68.27400207519531
train_acc,33,1764914902.6099474,68.43599700927734
train_acc,34,1764914933.595945,68.58599853515625
train_acc,35,1764914964.553508,68.66600036621094
train_acc,36,1764914995.4546137,68.90599822998047
train_acc,37,1764915026.3979106,68.83799743652344
train_acc,38,1764915057.348887,68.6199951171875
train_acc,39,1764915088.3013241,69.18199920654297
train_acc,40,1764915119.3131533,69.16400146484375
train_acc,41,1764915150.3398352,69.0260009765625
train_acc,42,1764915181.7167952,69.20399475097656
train_acc,43,1764915213.2249022,69.09600067138672
train_acc,44,1764915244.5044868,69.23199462890625
train_acc,45,1764915275.4110684,69.18599700927734
train_acc,46,1764915306.2988641,69.3759994506836
train_acc,47,1764915337.427109,69.56199645996094
train_acc,48,1764915368.359683,69.38199615478516
train_acc,49,1764915399.2594576,69.2959976196289
train_acc,50,1764915430.2010913,69.58000183105469
train_acc,51,1764915461.2443578,69.5
train_acc,52,1764915492.2275658,69.55400085449219
train_acc,53,1764915523.1309102,69.86199951171875
train_acc,54,1764915554.0870807,69.447998046875
train_acc,55,1764915585.0153885,69.90799713134766
train_acc,56,1764915616.034536,69.63399505615234
train_acc,57,1764915646.9667087,69.66799926757812
train_acc,58,1764915677.9489,70.25599670410156
train_acc,59,1764915708.8532631,69.72799682617188
train_acc,60,1764915739.8078516,69.86000061035156
train_acc,61,1764915770.7863667,70.0979995727539
train_acc,62,1764915801.671588,69.99199676513672
train_acc,63,1764915832.5745623,70.01200103759766
train_acc,64,1764915863.538214,70.15799713134766
train_acc,65,1764915894.5022922,69.7699966430664
train_acc,66,1764915925.4250953,70.00999450683594
train_acc,67,1764915956.29659,69.95399475097656
train_acc,68,1764915987.2491977,70.11799621582031
train_acc,69,1764916018.2895916,69.98799896240234
train_acc,70,1764916049.2338362,70.14399719238281
train_acc,71,1764916080.1531985,70.09199523925781
train_acc,72,1764916111.0411735,69.97000122070312
train_acc,73,1764916142.1113284,70.56600189208984
train_acc,74,1764916173.051443,70.08599853515625
train_acc,75,1764916203.9481695,70.28800201416016
train_acc,76,1764916234.8074017,70.33399963378906
train_acc,77,1764916265.7006063,70.2760009765625
train_acc,78,1764916296.6164525,70.41199493408203
train_acc,79,1764916327.5828137,70.31800079345703
train_acc,80,1764916358.6106052,70.43000030517578
train_acc,81,1764916389.5895176,70.19400024414062
train_acc,82,1764916420.604112,70.02999877929688
train_acc,83,1764916451.5822728,70.00999450683594
train_acc,84,1764916482.558999,70.38600158691406
train_acc,85,1764916513.5238588,70.20399475097656
train_acc,86,1764916544.4628341,70.59400177001953
train_acc,87,1764916575.3544736,70.36399841308594
train_acc,88,1764916606.2501976,70.38999938964844
train_acc,89,1764916637.1545224,70.15799713134766
train_acc,90,1764916668.0490649,70.50399780273438
train_acc,91,1764916698.9838789,70.33000183105469
train_acc,92,1764916729.9331312,70.7439956665039
train_acc,93,1764916761.0277407,70.44200134277344
train_acc,94,1764916792.667598,70.57599639892578
train_acc,95,1764916823.6623096,70.63399505615234
train_acc,96,1764916854.684802,70.52799987792969
train_acc,97,1764916885.7340908,70.50799560546875
train_acc,98,1764916916.706715,70.67599487304688
train_acc,99,1764916947.615561,70.46599578857422
train_acc,100,1764916978.5782716,70.93399810791016
train_acc,101,1764917009.5964303,70.85599517822266
train_acc,102,1764917040.676308,70.55799865722656
train_acc,103,1764917071.827244,70.5199966430664
train_acc,104,1764917102.6875987,70.65399932861328
train_acc,105,1764917133.6234624,70.48600006103516
train_acc,106,1764917164.5790265,70.86000061035156
train_acc,107,1764917195.6504598,70.60800170898438
train_acc,108,1764917226.562557,70.73600006103516
train_acc,109,1764917257.6159422,70.6719970703125
train_acc,110,1764917288.5479686,70.44200134277344
train_acc,111,1764917319.5128734,70.62799835205078
train_acc,112,1764917350.4483485,70.83999633789062
train_acc,113,1764917381.5837884,70.63600158691406
train_acc,114,1764917412.6235785,70.81399536132812
train_acc,115,1764917443.539001,70.88199615478516
train_acc,116,1764917474.538007,70.8499984741211
train_acc,117,1764917505.4485524,70.68999481201172
train_acc,118,1764917536.422895,70.87200164794922
train_acc,119,1764917567.4114404,70.94200134277344
train_acc,120,1764917598.3417008,70.3239974975586
train_acc,121,1764917629.3059838,70.95600128173828
train_acc,122,1764917660.2188761,70.79399871826172
train_acc,123,1764917691.1606193,70.77399444580078
train_acc,124,1764917722.0846848,70.77399444580078
train_acc,125,1764917753.0241196,71.08000183105469
train_acc,126,1764917784.0308993,70.86799621582031
train_acc,127,1764917814.938382,70.93599700927734
train_acc,128,1764917845.933234,70.86799621582031
train_acc,129,1764917876.9820669,70.62999725341797
train_acc,130,1764917907.9243703,70.87799835205078
train_acc,131,1764917938.8701787,70.75
train_acc,132,1764917969.7917788,70.80799865722656
train_acc,133,1764918000.7929206,70.53599548339844
train_acc,134,1764918031.731061,70.93199920654297
train_acc,135,1764918062.611301,70.80599975585938
train_acc,136,1764918093.604391,70.90999603271484
train_acc,137,1764918124.5776045,70.76799774169922
train_acc,138,1764918155.4711463,70.72999572753906
train_acc,139,1764918186.4872289,70.9020004272461
train_acc,140,1764918217.4480233,70.86399841308594
train_acc,141,1764918248.425494,70.60399627685547
train_acc,142,1764918279.3805363,70.78599548339844
train_acc,143,1764918310.3832786,70.75599670410156
train_acc,144,1764918341.3096359,70.83599853515625
train_acc,145,1764918372.4057257,70.93999481201172
train_acc,146,1764918403.3990862,71.1199951171875
train_acc,147,1764918434.398534,71.14799499511719
train_acc,148,1764918465.4141874,71.00799560546875
train_acc,149,1764918496.285791,70.83999633789062
train_acc,150,1764918527.1835773,70.73199462890625
train_acc,151,1764918558.256904,80.1500015258789
train_acc,152,1764918589.2851005,82.28199768066406
train_acc,153,1764918620.39104,83.28799438476562
train_acc,154,1764918651.3089623,83.78199768066406
train_acc,155,1764918682.2308812,84.4280014038086
train_acc,156,1764918713.1722064,84.9219970703125
train_acc,157,1764918744.091992,85.03199768066406
train_acc,158,1764918775.134168,85.64399719238281
train_acc,159,1764918806.1340983,85.88199615478516
train_acc,160,1764918837.044516,86.02399444580078
train_acc,161,1764918867.9677434,86.41600036621094
train_acc,162,1764918898.9645243,86.38199615478516
train_acc,163,1764918930.0053573,86.78599548339844
train_acc,164,1764918960.9676604,86.93599700927734
train_acc,165,1764918991.9130526,87.17599487304688
train_acc,166,1764919022.8434749,86.93799591064453
train_acc,167,1764919053.8308058,87.38199615478516
train_acc,168,1764919084.7827394,87.38399505615234
train_acc,169,1764919115.7509456,87.59600067138672
train_acc,170,1764919146.7314146,87.55999755859375
train_acc,171,1764919177.6730528,87.48400115966797
train_acc,172,1764919208.628064,87.78599548339844
train_acc,173,1764919239.6034877,87.68999481201172
train_acc,174,1764919270.5431795,87.73199462890625
train_acc,175,1764919301.4714208,87.6719970703125
train_acc,176,1764919332.4029198,87.78199768066406
train_acc,177,1764919363.363296,87.8699951171875
train_acc,178,1764919394.3473315,87.90599822998047
train_acc,179,1764919425.367816,88.05400085449219
train_acc,180,1764919456.2723823,87.98600006103516
train_acc,181,1764919487.2115283,90.79999542236328
train_acc,182,1764919518.2109199,91.23600006103516
train_acc,183,1764919549.1924756,91.56399536132812
train_acc,184,1764919580.3183239,91.88599395751953
train_acc,185,1764919611.3020148,91.94999694824219
train_acc,186,1764919642.3118777,91.97200012207031
train_acc,187,1764919673.2870357,92.22200012207031
train_acc,188,1764919704.3292537,92.2439956665039
train_acc,189,1764919735.3103971,92.18599700927734
train_acc,190,1764919766.2698987,92.35199737548828
train_acc,191,1764919797.314443,92.3759994506836
train_acc,192,1764919828.279611,92.51799774169922
train_acc,193,1764919859.2523344,92.53399658203125
train_acc,194,1764919890.2869976,92.5219955444336
train_acc,195,1764919921.3794358,92.62999725341797
train_acc,196,1764919952.3301399,92.70800018310547
train_acc,197,1764919983.3604844,92.86000061035156
train_acc,198,1764920014.5227194,92.88800048828125
train_acc,199,1764920045.47222,92.80400085449219
train_acc,200,1764920076.5617008,92.92399597167969
train_acc,201,1764920107.6938238,93.0260009765625
train_acc,202,1764920138.8926878,93.0260009765625
train_acc,203,1764920170.1499221,93.00599670410156
train_acc,204,1764920201.3052368,92.947998046875
train_acc,205,1764920232.4884577,92.9679946899414
train_acc,206,1764920263.735576,93.07999420166016
train_acc,207,1764920294.723471,93.25999450683594
train_acc,208,1764920325.8714752,93.23400115966797
train_acc,209,1764920357.3568623,93.29000091552734
train_acc,210,1764920388.5020804,93.24199676513672
train_acc,211,1764920420.1590784,93.64399719238281
train_acc,212,1764920451.3869817,93.68799591064453
train_acc,213,1764920482.506452,93.65999603271484
train_acc,214,1764920513.4612164,93.6199951171875
train_acc,215,1764920544.4289703,93.66999816894531
train_acc,216,1764920575.2969782,93.63999938964844
train_acc,217,1764920606.2300596,93.7439956665039
train_acc,218,1764920637.167136,93.75999450683594
train_acc,219,1764920668.211057,93.66799926757812
train_acc,220,1764920699.2225819,93.5979995727539
train_acc,221,1764920730.1718147,93.6240005493164
train_acc,222,1764920761.195043,93.77799987792969
train_acc,223,1764920792.207982,93.83799743652344
train_acc,224,1764920823.1811676,93.7760009765625
train_acc,225,1764920854.1660802,93.7719955444336
train_acc,226,1764920885.2519987,93.80999755859375
train_acc,227,1764920916.1966395,93.59199523925781
train_acc,228,1764920947.2051482,93.66399383544922
train_acc,229,1764920978.3648982,93.73400115966797
train_acc,230,1764921010.169468,93.73799896240234
train_acc,231,1764921041.20346,93.57599639892578
train_acc,232,1764921072.1510239,93.8740005493164
train_acc,233,1764921103.148866,93.86000061035156
train_acc,234,1764921134.1844475,93.81399536132812
train_acc,235,1764921165.1410806,93.64999389648438
train_acc,236,1764921196.1467361,93.70199584960938
train_acc,237,1764921227.1884062,93.94200134277344
train_acc,238,1764921258.174096,93.64399719238281
train_acc,239,1764921289.2259762,93.80999755859375
train_acc,240,1764921322.464414,93.87799835205078
train_loss,1,1764913911.655468,31.11498260498047
train_loss,2,1764913942.6186228,27.468822479248047
train_loss,3,1764913973.4609027,24.073307037353516
train_loss,4,1764914004.4249573,21.066505432128906
train_loss,5,1764914035.2942224,19.22539710998535
train_loss,6,1764914066.223829,17.946012496948242
train_loss,7,1764914097.1777065,16.918514251708984
train_loss,8,1764914128.2386038,16.25068473815918
train_loss,9,1764914159.1748693,15.666367530822754
train_loss,10,1764914190.2026114,15.242881774902344
train_loss,11,1764914221.1437862,14.880131721496582
train_loss,12,1764914252.2070408,14.621421813964844
train_loss,13,1764914283.1891363,14.372525215148926
train_loss,14,1764914314.2067664,14.161745071411133
train_loss,15,1764914345.2704883,13.935540199279785
train_loss,16,1764914376.2170954,13.78842544555664
train_loss,17,1764914407.0766556,13.596610069274902
train_loss,18,1764914438.0551853,13.471713066101074
train_loss,19,1764914469.0744107,13.39306354522705
train_loss,20,1764914500.0485802,13.228123664855957
train_loss,21,1764914531.0081298,13.13666820526123
train_loss,22,1764914561.933516,13.090180397033691
train_loss,23,1764914592.9528081,12.97734260559082
train_loss,24,1764914623.9328177,12.961545944213867
train_loss,25,1764914654.86559,12.907039642333984
train_loss,26,1764914685.7868137,12.83218765258789
train_loss,27,1764914716.665693,12.789870262145996
train_loss,28,1764914747.682226,12.719780921936035
train_loss,29,1764914778.7908838,12.640254020690918
train_loss,30,1764914809.7507405,12.596940994262695
train_loss,31,1764914840.7358098,12.596839904785156
train_loss,32,1764914871.714529,12.532073020935059
train_loss,33,1764914902.6100469,12.501537322998047
train_loss,34,1764914933.5960314,12.48138427734375
train_loss,35,1764914964.5535812,12.416783332824707
train_loss,36,1764914995.454697,12.385562896728516
train_loss,37,1764915026.3979945,12.352458000183105
train_loss,38,1764915057.3489723,12.377568244934082
train_loss,39,1764915088.3013961,12.352957725524902
train_loss,40,1764915119.3132584,12.30412769317627
train_loss,41,1764915150.339919,12.287153244018555
train_loss,42,1764915181.7168806,12.265571594238281
train_loss,43,1764915213.224979,12.262728691101074
train_loss,44,1764915244.5045707,12.287516593933105
train_loss,45,1764915275.4111576,12.199263572692871
train_loss,46,1764915306.2989495,12.204639434814453
train_loss,47,1764915337.427187,12.179048538208008
train_loss,48,1764915368.3597941,12.175747871398926
train_loss,49,1764915399.2595546,12.181350708007812
train_loss,50,1764915430.2011824,12.145308494567871
train_loss,51,1764915461.2444303,12.138510704040527
train_loss,52,1764915492.2276485,12.143217086791992
train_loss,53,1764915523.130995,12.09769344329834
train_loss,54,1764915554.087178,12.127163887023926
train_loss,55,1764915585.015473,12.095617294311523
train_loss,56,1764915616.0346189,12.086202621459961
train_loss,57,1764915646.9668307,12.076519012451172
train_loss,58,1764915677.9489746,11.99001407623291
train_loss,59,1764915708.8533478,12.020709991455078
train_loss,60,1764915739.8079348,12.04783821105957
train_loss,61,1764915770.78645,11.999772071838379
train_loss,62,1764915801.6716607,11.97010612487793
train_loss,63,1764915832.574648,12.017460823059082
train_loss,64,1764915863.5382955,11.99413776397705
train_loss,65,1764915894.5023744,11.965404510498047
train_loss,66,1764915925.4251788,11.935333251953125
train_loss,67,1764915956.2966723,11.999910354614258
train_loss,68,1764915987.2492914,11.952367782592773
train_loss,69,1764916018.2896857,11.987702369689941
train_loss,70,1764916049.2339184,11.91887378692627
train_loss,71,1764916080.1532826,11.94994831085205
train_loss,72,1764916111.0412676,11.954357147216797
train_loss,73,1764916142.1114125,11.894662857055664
train_loss,74,1764916173.0515177,11.933507919311523
train_loss,75,1764916203.9482534,11.879237174987793
train_loss,76,1764916234.8074865,11.909195899963379
train_loss,77,1764916265.7007039,11.91369342803955
train_loss,78,1764916296.6165338,11.88569450378418
train_loss,79,1764916327.5828981,11.913142204284668
train_loss,80,1764916358.6106923,11.8805513381958
train_loss,81,1764916389.5896113,11.881611824035645
train_loss,82,1764916420.6041842,11.885244369506836
train_loss,83,1764916451.5823588,11.902973175048828
train_loss,84,1764916482.5590851,11.862552642822266
train_loss,85,1764916513.52395,11.864644050598145
train_loss,86,1764916544.462913,11.855417251586914
train_loss,87,1764916575.354558,11.837507247924805
train_loss,88,1764916606.2502868,11.847336769104004
train_loss,89,1764916637.154596,11.884142875671387
train_loss,90,1764916668.0491564,11.815752983093262
train_loss,91,1764916698.9839656,11.85476303100586
train_loss,92,1764916729.933223,11.815580368041992
train_loss,93,1764916761.027842,11.830286979675293
train_loss,94,1764916792.6676679,11.796732902526855
train_loss,95,1764916823.6624,11.766578674316406
train_loss,96,1764916854.684884,11.833897590637207
train_loss,97,1764916885.734163,11.829085350036621
train_loss,98,1764916916.7068262,11.794239044189453
train_loss,99,1764916947.615644,11.83613395690918
train_loss,100,1764916978.578354,11.776215553283691
train_loss,101,1764917009.5965054,11.777130126953125
train_loss,102,1764917040.676398,11.793554306030273
train_loss,103,1764917071.8273263,11.766215324401855
train_loss,104,1764917102.6876805,11.816244125366211
train_loss,105,1764917133.623534,11.815823554992676
train_loss,106,1764917164.5791178,11.751143455505371
train_loss,107,1764917195.650542,11.77444839477539
train_loss,108,1764917226.5626411,11.778674125671387
train_loss,109,1764917257.6160161,11.78055477142334
train_loss,110,1764917288.5480525,11.773707389831543
train_loss,111,1764917319.5129545,11.754659652709961
train_loss,112,1764917350.448434,11.735922813415527
train_loss,113,1764917381.583862,11.787178039550781
train_loss,114,1764917412.6236637,11.731671333312988
train_loss,115,1764917443.5390825,11.725140571594238
train_loss,116,1764917474.5380979,11.732665061950684
train_loss,117,1764917505.4486382,11.754973411560059
train_loss,118,1764917536.4229858,11.704626083374023
train_loss,119,1764917567.4115245,11.754733085632324
train_loss,120,1764917598.3417974,11.761467933654785
train_loss,121,1764917629.3060699,11.727073669433594
train_loss,122,1764917660.2189596,11.72774600982666
train_loss,123,1764917691.1607022,11.733983993530273
train_loss,124,1764917722.0847836,11.712503433227539
train_loss,125,1764917753.024212,11.682185173034668
train_loss,126,1764917784.0309834,11.711102485656738
train_loss,127,1764917814.9384713,11.729140281677246
train_loss,128,1764917845.9333158,11.742538452148438
train_loss,129,1764917876.9821477,11.735634803771973
train_loss,130,1764917907.9244547,11.725071907043457
train_loss,131,1764917938.8702598,11.7254056930542
train_loss,132,1764917969.7918565,11.705591201782227
train_loss,133,1764918000.7930043,11.747780799865723
train_loss,134,1764918031.7311444,11.679068565368652
train_loss,135,1764918062.611385,11.742307662963867
train_loss,136,1764918093.604465,11.679226875305176
train_loss,137,1764918124.5776992,11.723407745361328
train_loss,138,1764918155.4712284,11.713854789733887
train_loss,139,1764918186.487314,11.723634719848633
train_loss,140,1764918217.4480965,11.704334259033203
train_loss,141,1764918248.4255767,11.731401443481445
train_loss,142,1764918279.3806286,11.691842079162598
train_loss,143,1764918310.3833625,11.690608978271484
train_loss,144,1764918341.3097155,11.695841789245605
train_loss,145,1764918372.4058344,11.710065841674805
train_loss,146,1764918403.399168,11.683635711669922
train_loss,147,1764918434.3986173,11.69046401977539
train_loss,148,1764918465.4142778,11.712170600891113
train_loss,149,1764918496.285874,11.68321418762207
train_loss,150,1764918527.1836596,11.742897033691406
train_loss,151,1764918558.256977,9.744131088256836
train_loss,152,1764918589.2851934,8.965012550354004
train_loss,153,1764918620.3911328,8.629319190979004
train_loss,154,1764918651.3090587,8.456795692443848
train_loss,155,1764918682.2309523,8.313136100769043
train_loss,156,1764918713.1723087,8.191061019897461
train_loss,157,1764918744.0920737,8.128060340881348
train_loss,158,1764918775.1342576,8.04049301147461
train_loss,159,1764918806.1341712,7.945743560791016
train_loss,160,1764918837.044607,7.874819755554199
train_loss,161,1764918867.967861,7.776277542114258
train_loss,162,1764918898.9646087,7.706646919250488
train_loss,163,1764918930.0054286,7.647073745727539
train_loss,164,1764918960.9677765,7.588769435882568
train_loss,165,1764918991.9131355,7.572571754455566
train_loss,166,1764919022.8435597,7.5436906814575195
train_loss,167,1764919053.8308854,7.50656795501709
train_loss,168,1764919084.7832983,7.477720737457275
train_loss,169,1764919115.7510304,7.461960792541504
train_loss,170,1764919146.7315025,7.446462631225586
train_loss,171,1764919177.6731262,7.427925109863281
train_loss,172,1764919208.6281557,7.398498058319092
train_loss,173,1764919239.6035743,7.389511585235596
train_loss,174,1764919270.5432625,7.391412258148193
train_loss,175,1764919301.4714918,7.36879825592041
train_loss,176,1764919332.4030044,7.360123634338379
train_loss,177,1764919363.3633792,7.343998432159424
train_loss,178,1764919394.347417,7.349566459655762
train_loss,179,1764919425.3679125,7.341060161590576
train_loss,180,1764919456.2724674,7.339785099029541
train_loss,181,1764919487.2116132,6.7200140953063965
train_loss,182,1764919518.210996,6.479271411895752
train_loss,183,1764919549.192558,6.390030860900879
train_loss,184,1764919580.3184104,6.364850044250488
train_loss,185,1764919611.3021095,6.35438871383667
train_loss,186,1764919642.3119493,6.342159271240234
train_loss,187,1764919673.2871187,6.307278633117676
train_loss,188,1764919704.3293467,6.275265693664551
train_loss,189,1764919735.3104835,6.235042572021484
train_loss,190,1764919766.2699723,6.186142921447754
train_loss,191,1764919797.3145275,6.139420032501221
train_loss,192,1764919828.2796946,6.096608638763428
train_loss,193,1764919859.2524166,6.085310459136963
train_loss,194,1764919890.2870789,6.0897955894470215
train_loss,195,1764919921.3795197,6.074200630187988
train_loss,196,1764919952.3302228,6.065764904022217
train_loss,197,1764919983.3605666,6.069175720214844
train_loss,198,1764920014.5228167,6.055767059326172
train_loss,199,1764920045.4723027,6.043291091918945
train_loss,200,1764920076.5618112,6.020566463470459
train_loss,201,1764920107.6939073,6.004391193389893
train_loss,202,1764920138.8927855,5.987532138824463
train_loss,203,1764920170.1500158,5.991973400115967
train_loss,204,1764920201.3053217,5.98858642578125
train_loss,205,1764920232.4885445,5.973719120025635
train_loss,206,1764920263.735648,5.967386245727539
train_loss,207,1764920294.7235534,5.947200298309326
train_loss,208,1764920325.8715699,5.934309482574463
train_loss,209,1764920357.356936,5.92955207824707
train_loss,210,1764920388.502176,5.926522254943848
train_loss,211,1764920420.1591635,5.799395561218262
train_loss,212,1764920451.3870687,5.8010149002075195
train_loss,213,1764920482.5065238,5.81190824508667
train_loss,214,1764920513.461302,5.844776153564453
train_loss,215,1764920544.4290552,5.876735687255859
train_loss,216,1764920575.2970645,5.896753787994385
train_loss,217,1764920606.2301424,5.905735969543457
train_loss,218,1764920637.1672192,5.896553993225098
train_loss,219,1764920668.2111628,5.914986610412598
train_loss,220,1764920699.222666,5.898829460144043
train_loss,221,1764920730.171894,5.870000839233398
train_loss,222,1764920761.1951287,5.857237339019775
train_loss,223,1764920792.2080736,5.841843128204346
train_loss,224,1764920823.1812654,5.837225914001465
train_loss,225,1764920854.166161,5.857627868652344
train_loss,226,1764920885.252081,5.860433578491211
train_loss,227,1764920916.196724,5.89195442199707
train_loss,228,1764920947.2052424,5.901820659637451
train_loss,229,1764920978.3649712,5.923213958740234
train_loss,230,1764921010.169565,5.922952651977539
train_loss,231,1764921041.2035446,5.931014537811279
train_loss,232,1764921072.1511073,5.912944316864014
train_loss,233,1764921103.1489372,5.915346145629883
train_loss,234,1764921134.1845424,5.891258239746094
train_loss,235,1764921165.1411717,5.872411727905273
train_loss,236,1764921196.146841,5.862519264221191
train_loss,237,1764921227.188492,5.839264392852783
train_loss,238,1764921258.1741793,5.847311973571777
train_loss,239,1764921289.2260604,5.838855743408203
train_loss,240,1764921322.464489,5.854394435882568
train_loss_cls,1,1764913911.6554818,3.8254623413085938
train_loss_cls,2,1764913942.6186368,3.0879111289978027
train_loss_cls,3,1764913973.460917,2.5450618267059326
train_loss_cls,4,1764914004.424974,2.195876359939575
train_loss_cls,5,1764914035.294239,1.9646543264389038
train_loss_cls,6,1764914066.2238443,1.8013850450515747
train_loss_cls,7,1764914097.17772,1.66407310962677
train_loss_cls,8,1764914128.2386174,1.5716335773468018
train_loss_cls,9,1764914159.1748831,1.501663088798523
train_loss_cls,10,1764914190.2026248,1.4447665214538574
train_loss_cls,11,1764914221.1438048,1.3940813541412354
train_loss_cls,12,1764914252.2070556,1.3592252731323242
train_loss_cls,13,1764914283.1891499,1.338248610496521
train_loss_cls,14,1764914314.2067876,1.3043841123580933
train_loss_cls,15,1764914345.2705028,1.2747145891189575
train_loss_cls,16,1764914376.217112,1.262625813484192
train_loss_cls,17,1764914407.07667,1.2346165180206299
train_loss_cls,18,1764914438.0551987,1.2318155765533447
train_loss_cls,19,1764914469.0744267,1.224338173866272
train_loss_cls,20,1764914500.0485935,1.198137879371643
train_loss_cls,21,1764914531.0081441,1.1900815963745117
train_loss_cls,22,1764914561.9335313,1.1869651079177856
train_loss_cls,23,1764914592.9528227,1.1720649003982544
train_loss_cls,24,1764914623.9328322,1.1773115396499634
train_loss_cls,25,1764914654.8656037,1.16438627243042
train_loss_cls,26,1764914685.786829,1.1602020263671875
train_loss_cls,27,1764914716.6657119,1.1522417068481445
train_loss_cls,28,1764914747.6822402,1.1404812335968018
train_loss_cls,29,1764914778.790899,1.1290236711502075
train_loss_cls,30,1764914809.750782,1.1297613382339478
train_loss_cls,31,1764914840.7358243,1.134319543838501
train_loss_cls,32,1764914871.7145424,1.1216623783111572
train_loss_cls,33,1764914902.6100628,1.1224242448806763
train_loss_cls,34,1764914933.596045,1.1206474304199219
train_loss_cls,35,1764914964.5535948,1.111088752746582
train_loss_cls,36,1764914995.4547112,1.1044918298721313
train_loss_cls,37,1764915026.3980083,1.1058188676834106
train_loss_cls,38,1764915057.348986,1.1129515171051025
train_loss_cls,39,1764915088.3014095,1.0988727807998657
train_loss_cls,40,1764915119.3132749,1.0944164991378784
train_loss_cls,41,1764915150.3399324,1.0979098081588745
train_loss_cls,42,1764915181.7168944,1.0932856798171997
train_loss_cls,43,1764915213.2249937,1.0917456150054932
train_loss_cls,44,1764915244.5045848,1.0942744016647339
train_loss_cls,45,1764915275.4111729,1.0842609405517578
train_loss_cls,46,1764915306.2989635,1.0921721458435059
train_loss_cls,47,1764915337.4272015,1.0874736309051514
train_loss_cls,48,1764915368.359812,1.0850987434387207
train_loss_cls,49,1764915399.25957,1.0885733366012573
train_loss_cls,50,1764915430.2011983,1.0819189548492432
train_loss_cls,51,1764915461.2444437,1.0859557390213013
train_loss_cls,52,1764915492.2276618,1.0873064994812012
train_loss_cls,53,1764915523.1310089,1.072171926498413
train_loss_cls,54,1764915554.0871928,1.0849729776382446
train_loss_cls,55,1764915585.0154867,1.0728733539581299
train_loss_cls,56,1764915616.0346324,1.0786126852035522
train_loss_cls,57,1764915646.9668474,1.0756475925445557
train_loss_cls,58,1764915677.9489882,1.0627281665802002
train_loss_cls,59,1764915708.8533616,1.0737768411636353
train_loss_cls,60,1764915739.8079484,1.0737911462783813
train_loss_cls,61,1764915770.7864642,1.0668619871139526
train_loss_cls,62,1764915801.671674,1.0665754079818726
train_loss_cls,63,1764915832.574661,1.071769118309021
train_loss_cls,64,1764915863.5383089,1.0622005462646484
train_loss_cls,65,1764915894.5023885,1.069276213645935
train_loss_cls,66,1764915925.4251943,1.0579440593719482
train_loss_cls,67,1764915956.296686,1.0689998865127563
train_loss_cls,68,1764915987.2493072,1.0618518590927124
train_loss_cls,69,1764916018.2897005,1.0664782524108887
train_loss_cls,70,1764916049.233933,1.0576238632202148
train_loss_cls,71,1764916080.1532965,1.0588452816009521
train_loss_cls,72,1764916111.0412812,1.065000295639038
train_loss_cls,73,1764916142.111426,1.051866054534912
train_loss_cls,74,1764916173.0515313,1.0565494298934937
train_loss_cls,75,1764916203.948267,1.0508886575698853
train_loss_cls,76,1764916234.807501,1.0577930212020874
train_loss_cls,77,1764916265.700719,1.0594451427459717
train_loss_cls,78,1764916296.6165488,1.0483309030532837
train_loss_cls,79,1764916327.5829117,1.0601298809051514
train_loss_cls,80,1764916358.6107054,1.0497357845306396
train_loss_cls,81,1764916389.5896275,1.0527318716049194
train_loss_cls,82,1764916420.6041977,1.0612397193908691
train_loss_cls,83,1764916451.5823739,1.0594282150268555
train_loss_cls,84,1764916482.559099,1.0476593971252441
train_loss_cls,85,1764916513.5239658,1.051482081413269
train_loss_cls,86,1764916544.462929,1.0509995222091675
train_loss_cls,87,1764916575.3545716,1.0485223531723022
train_loss_cls,88,1764916606.2503004,1.0490771532058716
train_loss_cls,89,1764916637.1546094,1.0558067560195923
train_loss_cls,90,1764916668.049172,1.0484474897384644
train_loss_cls,91,1764916698.98398,1.0541623830795288
train_loss_cls,92,1764916729.9332368,1.0410192012786865
train_loss_cls,93,1764916761.027857,1.04942786693573
train_loss_cls,94,1764916792.6676826,1.0422031879425049
train_loss_cls,95,1764916823.6624155,1.0404860973358154
train_loss_cls,96,1764916854.6848974,1.050550103187561
train_loss_cls,97,1764916885.7341764,1.0493665933609009
train_loss_cls,98,1764916916.7068405,1.0418130159378052
train_loss_cls,99,1764916947.6156583,1.0521166324615479
train_loss_cls,100,1764916978.578368,1.035354733467102
train_loss_cls,101,1764917009.596519,1.0385593175888062
train_loss_cls,102,1764917040.6764135,1.0424416065216064
train_loss_cls,103,1764917071.8273406,1.0413974523544312
train_loss_cls,104,1764917102.687694,1.0524840354919434
train_loss_cls,105,1764917133.6235485,1.0503376722335815
train_loss_cls,106,1764917164.5791333,1.0388364791870117
train_loss_cls,107,1764917195.6505563,1.0406807661056519
train_loss_cls,108,1764917226.5626554,1.0440691709518433
train_loss_cls,109,1764917257.6160302,1.0381702184677124
train_loss_cls,110,1764917288.5480669,1.0466967821121216
train_loss_cls,111,1764917319.5129688,1.0408238172531128
train_loss_cls,112,1764917350.4484482,1.034817099571228
train_loss_cls,113,1764917381.5838761,1.043637990951538
train_loss_cls,114,1764917412.6236775,1.0350319147109985
train_loss_cls,115,1764917443.539097,1.0383573770523071
train_loss_cls,116,1764917474.538113,1.0357872247695923
train_loss_cls,117,1764917505.4486525,1.0333315134048462
train_loss_cls,118,1764917536.4230015,1.0279364585876465
train_loss_cls,119,1764917567.4115388,1.0374763011932373
train_loss_cls,120,1764917598.3418133,1.0417377948760986
train_loss_cls,121,1764917629.3060834,1.0316587686538696
train_loss_cls,122,1764917660.2189732,1.0305202007293701
train_loss_cls,123,1764917691.160716,1.0338068008422852
train_loss_cls,124,1764917722.0847995,1.035231113433838
train_loss_cls,125,1764917753.0242276,1.0324903726577759
train_loss_cls,126,1764917784.0309968,1.0338435173034668
train_loss_cls,127,1764917814.9384863,1.03337562084198
train_loss_cls,128,1764917845.9333313,1.0347261428833008
train_loss_cls,129,1764917876.9821608,1.0365445613861084
train_loss_cls,130,1764917907.9244688,1.0356718301773071
train_loss_cls,131,1764917938.8702736,1.035301685333252
train_loss_cls,132,1764917969.791871,1.0309715270996094
train_loss_cls,133,1764918000.7930179,1.0416146516799927
train_loss_cls,134,1764918031.7311583,1.0286977291107178
train_loss_cls,135,1764918062.6113992,1.0368765592575073
train_loss_cls,136,1764918093.604478,1.0293235778808594
train_loss_cls,137,1764918124.577714,1.0394254922866821
train_loss_cls,138,1764918155.4712422,1.0354712009429932
train_loss_cls,139,1764918186.4873269,1.0355690717697144
train_loss_cls,140,1764918217.4481103,1.0330661535263062
train_loss_cls,141,1764918248.42559,1.0441389083862305
train_loss_cls,142,1764918279.3806446,1.032151460647583
train_loss_cls,143,1764918310.383376,1.035007119178772
train_loss_cls,144,1764918341.309731,1.0352306365966797
train_loss_cls,145,1764918372.4058487,1.0327937602996826
train_loss_cls,146,1764918403.399182,1.030555248260498
train_loss_cls,147,1764918434.3986316,1.0289949178695679
train_loss_cls,148,1764918465.4142926,1.0333356857299805
train_loss_cls,149,1764918496.285887,1.0332038402557373
train_loss_cls,150,1764918527.1836734,1.0435153245925903
train_loss_cls,151,1764918558.256991,0.6951644420623779
train_loss_cls,152,1764918589.2852082,0.6074587106704712
train_loss_cls,153,1764918620.3911476,0.5785284638404846
train_loss_cls,154,1764918651.3090732,0.5586746335029602
train_loss_cls,155,1764918682.2309659,0.5343900322914124
train_loss_cls,156,1764918713.1723278,0.5198865532875061
train_loss_cls,157,1764918744.0920875,0.511171817779541
train_loss_cls,158,1764918775.134272,0.4974333941936493
train_loss_cls,159,1764918806.1341844,0.48282280564308167
train_loss_cls,160,1764918837.0446222,0.4795388877391815
train_loss_cls,161,1764918867.9678764,0.4679212272167206
train_loss_cls,162,1764918898.9646225,0.4629702866077423
train_loss_cls,163,1764918930.0054412,0.45434999465942383
train_loss_cls,164,1764918960.967795,0.4488057792186737
train_loss_cls,165,1764918991.9131496,0.444000780582428
train_loss_cls,166,1764919022.8435729,0.4447218179702759
train_loss_cls,167,1764919053.8309007,0.4374389350414276
train_loss_cls,168,1764919084.7833138,0.434552401304245
train_loss_cls,169,1764919115.7510445,0.4310755133628845
train_loss_cls,170,1764919146.731516,0.42526429891586304
train_loss_cls,171,1764919177.6731396,0.42807987332344055
train_loss_cls,172,1764919208.6281703,0.4224468171596527
train_loss_cls,173,1764919239.6035876,0.4222058951854706
train_loss_cls,174,1764919270.5432765,0.41909560561180115
train_loss_cls,175,1764919301.4715052,0.41999387741088867
train_loss_cls,176,1764919332.4030178,0.4188878834247589
train_loss_cls,177,1764919363.3633935,0.4163855314254761
train_loss_cls,178,1764919394.3474314,0.4135901927947998
train_loss_cls,179,1764919425.3679268,0.41125088930130005
train_loss_cls,180,1764919456.272481,0.41587507724761963
train_loss_cls,181,1764919487.211627,0.3271118402481079
train_loss_cls,182,1764919518.2110093,0.3100494146347046
train_loss_cls,183,1764919549.1925719,0.2985406816005707
train_loss_cls,184,1764919580.3184233,0.2925874888896942
train_loss_cls,185,1764919611.3021266,0.29061415791511536
train_loss_cls,186,1764919642.311963,0.2874918282032013
train_loss_cls,187,1764919673.2871327,0.28209954500198364
train_loss_cls,188,1764919704.329362,0.2808091640472412
train_loss_cls,189,1764919735.3104978,0.2823510766029358
train_loss_cls,190,1764919766.2699852,0.2799248695373535
train_loss_cls,191,1764919797.3145413,0.2777494788169861
train_loss_cls,192,1764919828.2797084,0.27223560214042664
train_loss_cls,193,1764919859.2524295,0.27116551995277405
train_loss_cls,194,1764919890.287095,0.271903932094574
train_loss_cls,195,1764919921.3795333,0.2681264877319336
train_loss_cls,196,1764919952.3302367,0.2658149302005768
train_loss_cls,197,1764919983.3605795,0.2640605866909027
train_loss_cls,198,1764920014.5228312,0.2623026669025421
train_loss_cls,199,1764920045.4723155,0.2627755105495453
train_loss_cls,200,1764920076.5618255,0.2611410915851593
train_loss_cls,201,1764920107.6939209,0.2592167258262634
train_loss_cls,202,1764920138.8928008,0.2579086422920227
train_loss_cls,203,1764920170.1500323,0.2574203908443451
train_loss_cls,204,1764920201.3053358,0.2593875825405121
train_loss_cls,205,1764920232.4885578,0.2555468678474426
train_loss_cls,206,1764920263.7356617,0.2543121874332428
train_loss_cls,207,1764920294.7235668,0.25033053755760193
train_loss_cls,208,1764920325.8715851,0.2504470944404602
train_loss_cls,209,1764920357.35695,0.2511471211910248
train_loss_cls,210,1764920388.5021918,0.25041109323501587
train_loss_cls,211,1764920420.1591766,0.2379923164844513
train_loss_cls,212,1764920451.387083,0.23801414668560028
train_loss_cls,213,1764920482.5065389,0.23661769926548004
train_loss_cls,214,1764920513.461316,0.23687146604061127
train_loss_cls,215,1764920544.4290686,0.23701228201389313
train_loss_cls,216,1764920575.2970777,0.2356065809726715
train_loss_cls,217,1764920606.2301607,0.2350343018770218
train_loss_cls,218,1764920637.1672332,0.2357359081506729
train_loss_cls,219,1764920668.2111778,0.23791766166687012
train_loss_cls,220,1764920699.2226794,0.23845697939395905
train_loss_cls,221,1764920730.171912,0.23724088072776794
train_loss_cls,222,1764920761.195143,0.2343202382326126
train_loss_cls,223,1764920792.208089,0.2339031845331192
train_loss_cls,224,1764920823.1812797,0.23324048519134521
train_loss_cls,225,1764920854.1661756,0.23259592056274414
train_loss_cls,226,1764920885.252094,0.23387877643108368
train_loss_cls,227,1764920916.1967375,0.23628121614456177
train_loss_cls,228,1764920947.205256,0.23570866882801056
train_loss_cls,229,1764920978.3649845,0.2350367307662964
train_loss_cls,230,1764921010.169582,0.23496051132678986
train_loss_cls,231,1764921041.2035587,0.23666498064994812
train_loss_cls,232,1764921072.151121,0.23077230155467987
train_loss_cls,233,1764921103.1489506,0.23351000249385834
train_loss_cls,234,1764921134.184558,0.23338930308818817
train_loss_cls,235,1764921165.141198,0.23449136316776276
train_loss_cls,236,1764921196.1468544,0.2354186475276947
train_loss_cls,237,1764921227.1885054,0.23189355432987213
train_loss_cls,238,1764921258.174193,0.2349286526441574
train_loss_cls,239,1764921289.2260733,0.23192471265792847
train_loss_cls,240,1764921322.464503,0.23402439057826996
train_loss_div,1,1764913911.6554918,9.29249382019043
train_loss_div,2,1764913942.6186483,8.052452087402344
train_loss_div,3,1764913973.4609272,7.044441223144531
train_loss_div,4,1764914004.424987,6.3752851486206055
train_loss_div,5,1764914035.2942498,5.914900302886963
train_loss_div,6,1764914066.2238548,5.560426712036133
train_loss_div,7,1764914097.1777303,5.293496608734131
train_loss_div,8,1764914128.2386277,5.104082107543945
train_loss_div,9,1764914159.1748943,4.9176106452941895
train_loss_div,10,1764914190.202635,4.80051326751709
train_loss_div,11,1764914221.1438165,4.69071102142334
train_loss_div,12,1764914252.2070653,4.62393856048584
train_loss_div,13,1764914283.18916,4.544445514678955
train_loss_div,14,1764914314.2067988,4.490608215332031
train_loss_div,15,1764914345.2705138,4.417582988739014
train_loss_div,16,1764914376.2171233,4.3798136711120605
train_loss_div,17,1764914407.0766804,4.330850124359131
train_loss_div,18,1764914438.0552094,4.300833702087402
train_loss_div,19,1764914469.0744383,4.288668632507324
train_loss_div,20,1764914500.0486045,4.234418869018555
train_loss_div,21,1764914531.008155,4.215116500854492
train_loss_div,22,1764914561.9335418,4.205915927886963
train_loss_div,23,1764914592.952833,4.157297134399414
train_loss_div,24,1764914623.9328425,4.165409088134766
train_loss_div,25,1764914654.865614,4.155335903167725
train_loss_div,26,1764914685.7868404,4.118274688720703
train_loss_div,27,1764914716.6657226,4.112962245941162
train_loss_div,28,1764914747.6822505,4.095502853393555
train_loss_div,29,1764914778.7909095,4.07326602935791
train_loss_div,30,1764914809.750794,4.056851387023926
train_loss_div,31,1764914840.7358356,4.053617477416992
train_loss_div,32,1764914871.7145524,4.0315842628479
train_loss_div,33,1764914902.6100733,4.019909858703613
train_loss_div,34,1764914933.596057,4.021095275878906
train_loss_div,35,1764914964.5536053,4.003528118133545
train_loss_div,36,1764914995.4547222,3.9849750995635986
train_loss_div,37,1764915026.3980186,3.991447687149048
train_loss_div,38,1764915057.3489962,3.984137535095215
train_loss_div,39,1764915088.3014197,3.9926645755767822
train_loss_div,40,1764915119.3132854,3.964134693145752
train_loss_div,41,1764915150.3399427,3.954150438308716
train_loss_div,42,1764915181.7169049,3.9568405151367188
train_loss_div,43,1764915213.2250054,3.960516929626465
train_loss_div,44,1764915244.504595,3.980365037918091
train_loss_div,45,1764915275.411183,3.933579444885254
train_loss_div,46,1764915306.2989745,3.9353420734405518
train_loss_div,47,1764915337.4272118,3.927208662033081
train_loss_div,48,1764915368.3598225,3.938065767288208
train_loss_div,49,1764915399.2595801,3.936866283416748
train_loss_div,50,1764915430.201209,3.926358938217163
train_loss_div,51,1764915461.244454,3.9248268604278564
train_loss_div,52,1764915492.2276726,3.9288806915283203
train_loss_div,53,1764915523.131019,3.9143598079681396
train_loss_div,54,1764915554.087203,3.9287211894989014
train_loss_div,55,1764915585.015497,3.911498546600342
train_loss_div,56,1764915616.0346425,3.905611515045166
train_loss_div,57,1764915646.966858,3.914912462234497
train_loss_div,58,1764915677.9489987,3.856858491897583
train_loss_div,59,1764915708.8533719,3.8914029598236084
train_loss_div,60,1764915739.8079588,3.903249502182007
train_loss_div,61,1764915770.7864745,3.8862292766571045
train_loss_div,62,1764915801.6716843,3.870112419128418
train_loss_div,63,1764915832.5746713,3.892359495162964
train_loss_div,64,1764915863.5383189,3.889432191848755
train_loss_div,65,1764915894.5023992,3.8601326942443848
train_loss_div,66,1764915925.4252052,3.8520634174346924
train_loss_div,67,1764915956.2966964,3.887814521789551
train_loss_div,68,1764915987.2493176,3.872570753097534
train_loss_div,69,1764916018.289711,3.884000301361084
train_loss_div,70,1764916049.2339432,3.8539750576019287
train_loss_div,71,1764916080.1533067,3.879972457885742
train_loss_div,72,1764916111.0412915,3.8652589321136475
train_loss_div,73,1764916142.1114364,3.8505496978759766
train_loss_div,74,1764916173.0515418,3.870657444000244
train_loss_div,75,1764916203.9482775,3.843128204345703
train_loss_div,76,1764916234.8075118,3.8474576473236084
train_loss_div,77,1764916265.7007296,3.864168643951416
train_loss_div,78,1764916296.616559,3.844583749771118
train_loss_div,79,1764916327.5829225,3.864882230758667
train_loss_div,80,1764916358.6107159,3.8415591716766357
train_loss_div,81,1764916389.5896382,3.836426258087158
train_loss_div,82,1764916420.6042092,3.851471424102783
train_loss_div,83,1764916451.5823863,3.8523895740509033
train_loss_div,84,1764916482.5591092,3.829991579055786
train_loss_div,85,1764916513.5239766,3.8433890342712402
train_loss_div,86,1764916544.4629397,3.8314945697784424
train_loss_div,87,1764916575.3545818,3.823869466781616
train_loss_div,88,1764916606.2503104,3.8305211067199707
train_loss_div,89,1764916637.1546206,3.8472557067871094
train_loss_div,90,1764916668.0491924,3.8142879009246826
train_loss_div,91,1764916698.9839914,3.848951578140259
train_loss_div,92,1764916729.933247,3.8326897621154785
train_loss_div,93,1764916761.0278673,3.8330562114715576
train_loss_div,94,1764916792.6676931,3.8037824630737305
train_loss_div,95,1764916823.6624265,3.800143003463745
train_loss_div,96,1764916854.684908,3.8380093574523926
train_loss_div,97,1764916885.7341876,3.8267436027526855
train_loss_div,98,1764916916.706851,3.8156862258911133
train_loss_div,99,1764916947.6156693,3.838106632232666
train_loss_div,100,1764916978.5783787,3.8100955486297607
train_loss_div,101,1764917009.5965302,3.804090738296509
train_loss_div,102,1764917040.6764257,3.8159587383270264
train_loss_div,103,1764917071.827352,3.806697130203247
train_loss_div,104,1764917102.6877048,3.8393771648406982
train_loss_div,105,1764917133.6235588,3.8236567974090576
train_loss_div,106,1764917164.579145,3.7935924530029297
train_loss_div,107,1764917195.650567,3.8155295848846436
train_loss_div,108,1764917226.562666,3.824512004852295
train_loss_div,109,1764917257.6160414,3.8250925540924072
train_loss_div,110,1764917288.5480773,3.811652421951294
train_loss_div,111,1764917319.5129793,3.80845308303833
train_loss_div,112,1764917350.44846,3.8027257919311523
train_loss_div,113,1764917381.5838876,3.835688352584839
train_loss_div,114,1764917412.623688,3.797525405883789
train_loss_div,115,1764917443.539108,3.8044931888580322
train_loss_div,116,1764917474.5381234,3.8049259185791016
train_loss_div,117,1764917505.4486644,3.8232226371765137
train_loss_div,118,1764917536.423013,3.789842128753662
train_loss_div,119,1764917567.4115498,3.812931776046753
train_loss_div,120,1764917598.3418238,3.816861391067505
train_loss_div,121,1764917629.3060942,3.8026833534240723
train_loss_div,122,1764917660.2189834,3.7996082305908203
train_loss_div,123,1764917691.1607263,3.813591480255127
train_loss_div,124,1764917722.08481,3.7893030643463135
train_loss_div,125,1764917753.024238,3.776491403579712
train_loss_div,126,1764917784.0310073,3.8005101680755615
train_loss_div,127,1764917814.938497,3.800201177597046
train_loss_div,128,1764917845.9333432,3.811461925506592
train_loss_div,129,1764917876.9821723,3.805185317993164
train_loss_div,130,1764917907.924479,3.804612874984741
train_loss_div,131,1764917938.8702838,3.8061299324035645
train_loss_div,132,1764917969.7918808,3.79415225982666
train_loss_div,133,1764918000.7930276,3.8139779567718506
train_loss_div,134,1764918031.7311692,3.783107280731201
train_loss_div,135,1764918062.6114094,3.814133882522583
train_loss_div,136,1764918093.6044881,3.778629779815674
train_loss_div,137,1764918124.5777245,3.7999022006988525
train_loss_div,138,1764918155.4712524,3.793490171432495
train_loss_div,139,1764918186.4873369,3.806119441986084
train_loss_div,140,1764918217.448121,3.789707660675049
train_loss_div,141,1764918248.4256005,3.7918171882629395
train_loss_div,142,1764918279.380655,3.7823047637939453
train_loss_div,143,1764918310.3833861,3.776249647140503
train_loss_div,144,1764918341.3097413,3.7888224124908447
train_loss_div,145,1764918372.4058588,3.798118829727173
train_loss_div,146,1764918403.3991923,3.788652181625366
train_loss_div,147,1764918434.3986418,3.791811466217041
train_loss_div,148,1764918465.4143023,3.8054704666137695
train_loss_div,149,1764918496.2858973,3.785767078399658
train_loss_div,150,1764918527.1836836,3.809201240539551
train_loss_div,151,1764918558.257001,3.025615930557251
train_loss_div,152,1764918589.2852194,2.801110029220581
train_loss_div,153,1764918620.3911579,2.716582775115967
train_loss_div,154,1764918651.3090832,2.6580915451049805
train_loss_div,155,1764918682.230976,2.6031572818756104
train_loss_div,156,1764918713.1723433,2.5479302406311035
train_loss_div,157,1764918744.0920982,2.5381290912628174
train_loss_div,158,1764918775.1342819,2.505873680114746
train_loss_div,159,1764918806.1341956,2.482464551925659
train_loss_div,160,1764918837.044633,2.4680652618408203
train_loss_div,161,1764918867.9678879,2.4326987266540527
train_loss_div,162,1764918898.9646344,2.4170193672180176
train_loss_div,163,1764918930.0054512,2.403665542602539
train_loss_div,164,1764918960.9678054,2.38106632232666
train_loss_div,165,1764918991.9131594,2.3984148502349854
train_loss_div,166,1764919022.8435826,2.379805088043213
train_loss_div,167,1764919053.8309114,2.3645801544189453
train_loss_div,168,1764919084.783324,2.357515335083008
train_loss_div,169,1764919115.7510548,2.3576951026916504
train_loss_div,170,1764919146.731526,2.3569467067718506
train_loss_div,171,1764919177.6731493,2.3458075523376465
train_loss_div,172,1764919208.6281805,2.3376176357269287
train_loss_div,173,1764919239.603598,2.3293468952178955
train_loss_div,174,1764919270.5432868,2.3419177532196045
train_loss_div,175,1764919301.4715152,2.3354666233062744
train_loss_div,176,1764919332.4030278,2.329116106033325
train_loss_div,177,1764919363.3634036,2.321180820465088
train_loss_div,178,1764919394.347442,2.335353136062622
train_loss_div,179,1764919425.367937,2.3400068283081055
train_loss_div,180,1764919456.272491,2.3331329822540283
train_loss_div,181,1764919487.2116375,2.1007840633392334
train_loss_div,182,1764919518.2110193,2.0332107543945312
train_loss_div,183,1764919549.1925817,2.0044031143188477
train_loss_div,184,1764919580.3184342,1.9972065687179565
train_loss_div,185,1764919611.3021376,1.982737421989441
train_loss_div,186,1764919642.3119733,1.975767731666565
train_loss_div,187,1764919673.287143,1.9591021537780762
train_loss_div,188,1764919704.3293722,1.9595569372177124
train_loss_div,189,1764919735.3105083,1.9598926305770874
train_loss_div,190,1764919766.2699952,1.9563348293304443
train_loss_div,191,1764919797.3145523,1.9508271217346191
train_loss_div,192,1764919828.2797194,1.9407023191452026
train_loss_div,193,1764919859.2524395,1.9401829242706299
train_loss_div,194,1764919890.2871082,1.9373297691345215
train_loss_div,195,1764919921.3795438,1.9236695766448975
train_loss_div,196,1764919952.3302467,1.9148906469345093
train_loss_div,197,1764919983.3605895,1.918148398399353
train_loss_div,198,1764920014.522842,1.9147119522094727
train_loss_div,199,1764920045.4723258,1.9098777770996094
train_loss_div,200,1764920076.5618358,1.9015395641326904
train_loss_div,201,1764920107.693931,1.8946619033813477
train_loss_div,202,1764920138.8928108,1.8920066356658936
train_loss_div,203,1764920170.1500425,1.902217984199524
train_loss_div,204,1764920201.305346,1.8916709423065186
train_loss_div,205,1764920232.4885676,1.8892254829406738
train_loss_div,206,1764920263.7356725,1.8914828300476074
train_loss_div,207,1764920294.723577,1.8853487968444824
train_loss_div,208,1764920325.8715954,1.8801815509796143
train_loss_div,209,1764920357.3569605,1.8840025663375854
train_loss_div,210,1764920388.5022023,1.8854538202285767
train_loss_div,211,1764920420.1591864,1.848099708557129
train_loss_div,212,1764920451.387094,1.8462055921554565
train_loss_div,213,1764920482.5065494,1.8337903022766113
train_loss_div,214,1764920513.4613261,1.8348737955093384
train_loss_div,215,1764920544.4290795,1.8364226818084717
train_loss_div,216,1764920575.2970877,1.8356683254241943
train_loss_div,217,1764920606.2301748,1.8364015817642212
train_loss_div,218,1764920637.1672435,1.826655387878418
train_loss_div,219,1764920668.2111876,1.8381342887878418
train_loss_div,220,1764920699.2226896,1.8390164375305176
train_loss_div,221,1764920730.1719232,1.827647089958191
train_loss_div,222,1764920761.195153,1.8318853378295898
train_loss_div,223,1764920792.2080994,1.8282880783081055
train_loss_div,224,1764920823.1812901,1.8214348554611206
train_loss_div,225,1764920854.1661854,1.839523434638977
train_loss_div,226,1764920885.2521048,1.8312252759933472
train_loss_div,227,1764920916.1967697,1.835310935974121
train_loss_div,228,1764920947.2052658,1.827762484550476
train_loss_div,229,1764920978.3649948,1.835139513015747
train_loss_div,230,1764921010.1695955,1.824315071105957
train_loss_div,231,1764921041.2035687,1.8241066932678223
train_loss_div,232,1764921072.1511312,1.826467752456665
train_loss_div,233,1764921103.1489606,1.830687165260315
train_loss_div,234,1764921134.1845684,1.8229821920394897
train_loss_div,235,1764921165.1412082,1.8242329359054565
train_loss_div,236,1764921196.146865,1.8266620635986328
train_loss_div,237,1764921227.1885154,1.8241727352142334
train_loss_div,238,1764921258.174203,1.8279907703399658
train_loss_div,239,1764921289.2260833,1.8256391286849976
train_loss_div,240,1764921322.464513,1.8263784646987915
train_loss_kd,1,1764913911.6555016,17.997026443481445
train_loss_kd,2,1764913942.6186585,16.328458786010742
train_loss_kd,3,1764913973.460937,14.483803749084473
train_loss_kd,4,1764914004.4249997,12.495344161987305
train_loss_kd,5,1764914035.2942607,11.345842361450195
train_loss_kd,6,1764914066.2238653,10.584200859069824
train_loss_kd,7,1764914097.1777403,9.960944175720215
train_loss_kd,8,1764914128.238638,9.574969291687012
train_loss_kd,9,1764914159.174904,9.247093200683594
train_loss_kd,10,1764914190.2026446,8.997602462768555
train_loss_kd,11,1764914221.1438265,8.795339584350586
train_loss_kd,12,1764914252.2070746,8.63825798034668
train_loss_kd,13,1764914283.1891696,8.489830017089844
train_loss_kd,14,1764914314.2068088,8.366752624511719
train_loss_kd,15,1764914345.2705235,8.243242263793945
train_loss_kd,16,1764914376.217134,8.14598560333252
train_loss_kd,17,1764914407.0766902,8.031143188476562
train_loss_kd,18,1764914438.0552197,7.939063549041748
train_loss_kd,19,1764914469.074449,7.880056381225586
train_loss_kd,20,1764914500.0486162,7.795567035675049
train_loss_kd,21,1764914531.0081651,7.731470108032227
train_loss_kd,22,1764914561.9335515,7.697299003601074
train_loss_kd,23,1764914592.9528427,7.647979736328125
train_loss_kd,24,1764914623.932852,7.6188249588012695
train_loss_kd,25,1764914654.8656235,7.587316989898682
train_loss_kd,26,1764914685.7868505,7.553710460662842
train_loss_kd,27,1764914716.6657326,7.524666786193848
train_loss_kd,28,1764914747.68226,7.4837965965271
train_loss_kd,29,1764914778.7909195,7.437963962554932
train_loss_kd,30,1764914809.7508047,7.410327434539795
train_loss_kd,31,1764914840.7358456,7.408902645111084
train_loss_kd,32,1764914871.714562,7.378826141357422
train_loss_kd,33,1764914902.610083,7.359203338623047
train_loss_kd,34,1764914933.5960667,7.339641571044922
train_loss_kd,35,1764914964.5536149,7.302166938781738
train_loss_kd,36,1764914995.4547322,7.296095848083496
train_loss_kd,37,1764915026.3980284,7.255190849304199
train_loss_kd,38,1764915057.349006,7.280479431152344
train_loss_kd,39,1764915088.3014297,7.261420249938965
train_loss_kd,40,1764915119.3132951,7.24557638168335
train_loss_kd,41,1764915150.3399525,7.235093593597412
train_loss_kd,42,1764915181.7169147,7.215445518493652
train_loss_kd,43,1764915213.2250154,7.210466384887695
train_loss_kd,44,1764915244.5046046,7.212876796722412
train_loss_kd,45,1764915275.4111931,7.181423664093018
train_loss_kd,46,1764915306.2989845,7.177124977111816
train_loss_kd,47,1764915337.4272215,7.164366722106934
train_loss_kd,48,1764915368.3598323,7.152583122253418
train_loss_kd,49,1764915399.259591,7.155910968780518
train_loss_kd,50,1764915430.201219,7.137031078338623
train_loss_kd,51,1764915461.244464,7.127727508544922
train_loss_kd,52,1764915492.2276826,7.127030372619629
train_loss_kd,53,1764915523.1310287,7.111161231994629
train_loss_kd,54,1764915554.0872126,7.11346960067749
train_loss_kd,55,1764915585.015507,7.111245155334473
train_loss_kd,56,1764915616.0346522,7.101978778839111
train_loss_kd,57,1764915646.9668677,7.085958480834961
train_loss_kd,58,1764915677.9490085,7.070427894592285
train_loss_kd,59,1764915708.8533816,7.055530548095703
train_loss_kd,60,1764915739.807969,7.070797443389893
train_loss_kd,61,1764915770.7864842,7.046680450439453
train_loss_kd,62,1764915801.6716943,7.033418655395508
train_loss_kd,63,1764915832.574681,7.0533318519592285
train_loss_kd,64,1764915863.5383286,7.042505264282227
train_loss_kd,65,1764915894.5024092,7.0359954833984375
train_loss_kd,66,1764915925.4252155,7.025325775146484
train_loss_kd,67,1764915956.296706,7.043095588684082
train_loss_kd,68,1764915987.2493272,7.017945289611816
train_loss_kd,69,1764916018.2897208,7.037224292755127
train_loss_kd,70,1764916049.2339537,7.007274627685547
train_loss_kd,71,1764916080.153316,7.011130332946777
train_loss_kd,72,1764916111.0413015,7.024097442626953
train_loss_kd,73,1764916142.1114464,6.992247104644775
train_loss_kd,74,1764916173.0515516,7.006301403045654
train_loss_kd,75,1764916203.9482877,6.985220432281494
train_loss_kd,76,1764916234.8075218,7.003945350646973
train_loss_kd,77,1764916265.7007391,6.990079402923584
train_loss_kd,78,1764916296.616569,6.9927802085876465
train_loss_kd,79,1764916327.5829325,6.988129615783691
train_loss_kd,80,1764916358.6107256,6.989256858825684
train_loss_kd,81,1764916389.5896478,6.992453575134277
train_loss_kd,82,1764916420.6042192,6.972533226013184
train_loss_kd,83,1764916451.5823958,6.991155624389648
train_loss_kd,84,1764916482.5591185,6.984900951385498
train_loss_kd,85,1764916513.5239863,6.969773292541504
train_loss_kd,86,1764916544.4629507,6.9729228019714355
train_loss_kd,87,1764916575.3545911,6.965115547180176
train_loss_kd,88,1764916606.2503202,6.967738628387451
train_loss_kd,89,1764916637.1546304,6.981080055236816
train_loss_kd,90,1764916668.0492034,6.953017234802246
train_loss_kd,91,1764916698.9840014,6.9516496658325195
train_loss_kd,92,1764916729.9332566,6.941871166229248
train_loss_kd,93,1764916761.0278773,6.9478020668029785
train_loss_kd,94,1764916792.6677027,6.950747013092041
train_loss_kd,95,1764916823.662437,6.9259490966796875
train_loss_kd,96,1764916854.6849177,6.945338249206543
train_loss_kd,97,1764916885.734197,6.952974796295166
train_loss_kd,98,1764916916.706861,6.936739921569824
train_loss_kd,99,1764916947.6156793,6.945910930633545
train_loss_kd,100,1764916978.5783887,6.930764675140381
train_loss_kd,101,1764917009.5965407,6.934479713439941
train_loss_kd,102,1764917040.6764376,6.935153961181641
train_loss_kd,103,1764917071.8273625,6.918120861053467
train_loss_kd,104,1764917102.6877162,6.924383163452148
train_loss_kd,105,1764917133.6235683,6.941829204559326
train_loss_kd,106,1764917164.579155,6.91871452331543
train_loss_kd,107,1764917195.6505773,6.918237686157227
train_loss_kd,108,1764917226.562676,6.910092830657959
train_loss_kd,109,1764917257.616051,6.917291641235352
train_loss_kd,110,1764917288.5480871,6.915358066558838
train_loss_kd,111,1764917319.51299,6.90538215637207
train_loss_kd,112,1764917350.4484708,6.898379802703857
train_loss_kd,113,1764917381.5838974,6.907851696014404
train_loss_kd,114,1764917412.6236982,6.89911413192749
train_loss_kd,115,1764917443.5391178,6.882289886474609
train_loss_kd,116,1764917474.5381343,6.891952037811279
train_loss_kd,117,1764917505.4486754,6.89841890335083
train_loss_kd,118,1764917536.4230227,6.886847019195557
train_loss_kd,119,1764917567.4115603,6.904325008392334
train_loss_kd,120,1764917598.3418334,6.902868747711182
train_loss_kd,121,1764917629.3061037,6.892731189727783
train_loss_kd,122,1764917660.2189934,6.897617340087891
train_loss_kd,123,1764917691.1607373,6.8865861892700195
train_loss_kd,124,1764917722.08482,6.887969493865967
train_loss_kd,125,1764917753.0242488,6.873203277587891
train_loss_kd,126,1764917784.031017,6.876748561859131
train_loss_kd,127,1764917814.938507,6.895563125610352
train_loss_kd,128,1764917845.933353,6.896349906921387
train_loss_kd,129,1764917876.9821818,6.893904685974121
train_loss_kd,130,1764917907.9244885,6.884787082672119
train_loss_kd,131,1764917938.8702936,6.883974075317383
train_loss_kd,132,1764917969.7918906,6.880467414855957
train_loss_kd,133,1764918000.7930374,6.89218807220459
train_loss_kd,134,1764918031.7311788,6.8672637939453125
train_loss_kd,135,1764918062.611419,6.891297340393066
train_loss_kd,136,1764918093.6044974,6.871273040771484
train_loss_kd,137,1764918124.577734,6.884079933166504
train_loss_kd,138,1764918155.471263,6.884893894195557
train_loss_kd,139,1764918186.4873464,6.881946086883545
train_loss_kd,140,1764918217.4481308,6.881560325622559
train_loss_kd,141,1764918248.42561,6.895445346832275
train_loss_kd,142,1764918279.3806646,6.87738561630249
train_loss_kd,143,1764918310.3833964,6.879351615905762
train_loss_kd,144,1764918341.3097785,6.87178897857666
train_loss_kd,145,1764918372.4058683,6.879152774810791
train_loss_kd,146,1764918403.3992019,6.8644280433654785
train_loss_kd,147,1764918434.3986516,6.86965799331665
train_loss_kd,148,1764918465.414312,6.873364448547363
train_loss_kd,149,1764918496.285907,6.864243030548096
train_loss_kd,150,1764918527.1836934,6.890179634094238
train_loss_kd,151,1764918558.2570107,6.023350715637207
train_loss_kd,152,1764918589.2852287,5.556443691253662
train_loss_kd,153,1764918620.3911674,5.334207534790039
train_loss_kd,154,1764918651.3090925,5.240029811859131
train_loss_kd,155,1764918682.2309878,5.175588607788086
train_loss_kd,156,1764918713.1723576,5.123244762420654
train_loss_kd,157,1764918744.092108,5.07875919342041
train_loss_kd,158,1764918775.1342914,5.0371856689453125
train_loss_kd,159,1764918806.1342049,4.9804558753967285
train_loss_kd,160,1764918837.0446424,4.927215099334717
train_loss_kd,161,1764918867.9678977,4.875657558441162
train_loss_kd,162,1764918898.9646442,4.826657295227051
train_loss_kd,163,1764918930.005461,4.789057731628418
train_loss_kd,164,1764918960.9678154,4.758897304534912
train_loss_kd,165,1764918991.913169,4.730155944824219
train_loss_kd,166,1764919022.8435926,4.71916389465332
train_loss_kd,167,1764919053.8309221,4.7045488357543945
train_loss_kd,168,1764919084.7833335,4.685652732849121
train_loss_kd,169,1764919115.7510643,4.673190116882324
train_loss_kd,170,1764919146.7315354,4.664251327514648
train_loss_kd,171,1764919177.6731586,4.6540374755859375
train_loss_kd,172,1764919208.6281903,4.638433456420898
train_loss_kd,173,1764919239.6036077,4.637958526611328
train_loss_kd,174,1764919270.5432966,4.630398750305176
train_loss_kd,175,1764919301.4715247,4.613337516784668
train_loss_kd,176,1764919332.4030368,4.612119674682617
train_loss_kd,177,1764919363.3634133,4.60643196105957
train_loss_kd,178,1764919394.3474514,4.60062313079834
train_loss_kd,179,1764919425.3679469,4.589802265167236
train_loss_kd,180,1764919456.2725005,4.5907769203186035
train_loss_kd,181,1764919487.2116473,4.292118549346924
train_loss_kd,182,1764919518.21103,4.136011600494385
train_loss_kd,183,1764919549.192592,4.087087154388428
train_loss_kd,184,1764919580.3184435,4.0750555992126465
train_loss_kd,185,1764919611.3021474,4.0810370445251465
train_loss_kd,186,1764919642.3119829,4.078899383544922
train_loss_kd,187,1764919673.2871525,4.066076755523682
train_loss_kd,188,1764919704.329382,4.034899711608887
train_loss_kd,189,1764919735.310518,3.9927988052368164
train_loss_kd,190,1764919766.2700047,3.949882984161377
train_loss_kd,191,1764919797.314562,3.9108433723449707
train_loss_kd,192,1764919828.279729,3.8836705684661865
train_loss_kd,193,1764919859.252449,3.8739616870880127
train_loss_kd,194,1764919890.2871206,3.8805618286132812
train_loss_kd,195,1764919921.379555,3.8824048042297363
train_loss_kd,196,1764919952.3302562,3.885059356689453
train_loss_kd,197,1764919983.3606017,3.8869667053222656
train_loss_kd,198,1764920014.5228522,3.8787524700164795
train_loss_kd,199,1764920045.4723353,3.8706376552581787
train_loss_kd,200,1764920076.5618455,3.8578855991363525
train_loss_kd,201,1764920107.6939414,3.8505125045776367
train_loss_kd,202,1764920138.8928201,3.8376166820526123
train_loss_kd,203,1764920170.1500523,3.8323347568511963
train_loss_kd,204,1764920201.3053555,3.8375277519226074
train_loss_kd,205,1764920232.4885771,3.828946828842163
train_loss_kd,206,1764920263.7356827,3.8215909004211426
train_loss_kd,207,1764920294.7235878,3.81152081489563
train_loss_kd,208,1764920325.871605,3.803680896759033
train_loss_kd,209,1764920357.356971,3.7944023609161377
train_loss_kd,210,1764920388.502212,3.7906572818756104
train_loss_kd,211,1764920420.1591964,3.713303565979004
train_loss_kd,212,1764920451.387104,3.7167952060699463
train_loss_kd,213,1764920482.5065587,3.7415003776550293
train_loss_kd,214,1764920513.461336,3.7730307579040527
train_loss_kd,215,1764920544.4290893,3.8033008575439453
train_loss_kd,216,1764920575.297097,3.8254785537719727
train_loss_kd,217,1764920606.2301848,3.8343000411987305
train_loss_kd,218,1764920637.167253,3.834162473678589
train_loss_kd,219,1764920668.2111974,3.8389346599578857
train_loss_kd,220,1764920699.222699,3.8213560581207275
train_loss_kd,221,1764920730.171935,3.805112838745117
train_loss_kd,222,1764920761.1951623,3.7910315990448
train_loss_kd,223,1764920792.208109,3.7796521186828613
train_loss_kd,224,1764920823.1813,3.782550573348999
train_loss_kd,225,1764920854.166195,3.785508394241333
train_loss_kd,226,1764920885.2521138,3.7953295707702637
train_loss_kd,227,1764920916.1967857,3.820361852645874
train_loss_kd,228,1764920947.2052753,3.8383495807647705
train_loss_kd,229,1764920978.3650043,3.8530378341674805
train_loss_kd,230,1764921010.169608,3.8636767864227295
train_loss_kd,231,1764921041.2035785,3.8702425956726074
train_loss_kd,232,1764921072.151141,3.8557040691375732
train_loss_kd,233,1764921103.14897,3.851148843765259
train_loss_kd,234,1764921134.1845791,3.8348867893218994
train_loss_kd,235,1764921165.1412175,3.8136870861053467
train_loss_kd,236,1764921196.1468747,3.800438642501831
train_loss_kd,237,1764921227.1885247,3.783198118209839
train_loss_kd,238,1764921258.1742132,3.7843923568725586
train_loss_kd,239,1764921289.2260928,3.7812917232513428
train_loss_kd,240,1764921322.4645228,3.7939915657043457
