tag,step,wall_time,value
test_acc,1,1767805701.2947292,11.1899995803833
test_acc,1,1767848037.4992964,11.139999389648438
test_acc,2,1767805737.3137627,18.53999900817871
test_acc,2,1767848073.7926915,18.229999542236328
test_acc,3,1767805773.2630916,22.69999885559082
test_acc,3,1767848110.1977983,23.119998931884766
test_acc,4,1767805809.1452107,29.25
test_acc,4,1767848146.617159,34.47999954223633
test_acc,5,1767805845.112694,37.790000915527344
test_acc,5,1767848183.0354357,37.099998474121094
test_acc,6,1767805881.03911,39.099998474121094
test_acc,6,1767848219.491941,42.52000045776367
test_acc,7,1767805917.162869,41.959999084472656
test_acc,7,1767848255.923156,43.52000045776367
test_acc,8,1767805953.267555,45.98999786376953
test_acc,8,1767848292.3689337,45.13999938964844
test_acc,9,1767805989.3002791,49.09000015258789
test_acc,9,1767848328.7614357,44.09000015258789
test_acc,10,1767806025.3231938,49.66999816894531
test_acc,10,1767848365.1226816,48.369998931884766
test_acc,11,1767806061.4386756,48.54999923706055
test_acc,11,1767848401.526352,46.37999725341797
test_acc,12,1767806097.5940228,48.79999923706055
test_acc,12,1767848437.9501405,49.39999771118164
test_acc,13,1767806133.6809149,51.84000015258789
test_acc,13,1767848474.3501685,41.779998779296875
test_acc,14,1767806169.759944,51.43000030517578
test_acc,14,1767848510.6834686,53.97999954223633
test_acc,15,1767806205.7915123,48.73999786376953
test_acc,15,1767848547.1433458,52.02000045776367
test_acc,16,1767806241.718232,51.71999740600586
test_acc,16,1767848583.62203,53.72999954223633
test_acc,17,1767806277.9002628,53.28999710083008
test_acc,17,1767848620.0938609,51.11000061035156
test_acc,18,1767806313.9183428,49.34000015258789
test_acc,18,1767848656.5936391,50.81999969482422
test_acc,19,1767806349.995153,51.94999694824219
test_acc,19,1767848693.0524747,55.18000030517578
test_acc,20,1767806385.917201,51.47999954223633
test_acc,20,1767848729.4154966,54.52000045776367
test_acc,21,1767806422.0330243,54.63999938964844
test_acc,21,1767848765.9082844,53.119998931884766
test_acc,22,1767806458.2275681,55.5099983215332
test_acc,22,1767848802.3244054,56.32999801635742
test_acc,23,1767806494.3304405,52.23999786376953
test_acc,23,1767848838.814669,56.189998626708984
test_acc,24,1767806530.3031065,51.369998931884766
test_acc,24,1767848875.2306626,52.97999954223633
test_acc,25,1767806566.4478214,56.81999969482422
test_acc,25,1767848911.782266,53.0099983215332
test_acc,26,1767806602.505567,55.71999740600586
test_acc,26,1767848948.208724,52.52000045776367
test_acc,27,1767806638.6017554,51.79999923706055
test_acc,27,1767848984.656007,52.19999694824219
test_acc,28,1767806674.5734587,55.189998626708984
test_acc,28,1767849021.1370323,51.96999740600586
test_acc,29,1767806710.7042985,53.0
test_acc,29,1767849057.4811778,53.8599967956543
test_acc,30,1767806746.8759072,54.8599967956543
test_acc,30,1767849093.9496477,53.7599983215332
test_acc,31,1767806782.7540474,53.369998931884766
test_acc,31,1767849130.3867285,51.619998931884766
test_acc,32,1767806818.769976,52.18000030517578
test_acc,32,1767849166.7226887,51.52000045776367
test_acc,33,1767806854.5926876,52.34000015258789
test_acc,33,1767849203.104978,54.09000015258789
test_acc,34,1767806890.50256,52.63999938964844
test_acc,34,1767849239.4890468,56.73999786376953
test_acc,35,1767806926.4091306,54.06999969482422
test_acc,35,1767849276.144649,55.03999710083008
test_acc,36,1767806962.2185493,52.78999710083008
test_acc,36,1767849312.5591233,53.7599983215332
test_acc,37,1767806998.2559092,55.25
test_acc,37,1767849348.9789257,54.689998626708984
test_acc,38,1767807034.4296286,53.72999954223633
test_acc,38,1767849385.406149,53.65999984741211
test_acc,39,1767807070.5993237,52.44999694824219
test_acc,39,1767849421.7676456,56.31999969482422
test_acc,40,1767807106.5410452,57.849998474121094
test_acc,40,1767849458.0562181,51.349998474121094
test_acc,41,1767807142.6211302,52.75
test_acc,41,1767849494.539822,55.689998626708984
test_acc,42,1767807178.6566792,55.029998779296875
test_acc,42,1767849531.0585048,54.82999801635742
test_acc,43,1767807214.5178287,58.23999786376953
test_acc,43,1767849567.420644,53.0
test_acc,44,1767807250.4567914,46.75
test_acc,44,1767849603.9665077,51.709999084472656
test_acc,45,1767807286.3725586,56.46999740600586
test_acc,45,1767849640.4031663,56.94999694824219
test_acc,46,1767807322.2575295,56.369998931884766
test_acc,46,1767849676.7939289,53.16999816894531
test_acc,47,1767807358.2189991,49.13999938964844
test_acc,47,1767849713.210635,57.06999969482422
test_acc,48,1767807394.3276846,56.84000015258789
test_acc,48,1767849749.6382935,49.79999923706055
test_acc,49,1767807430.4765937,53.13999938964844
test_acc,49,1767849786.104109,56.94999694824219
test_acc,50,1767807466.7648203,52.869998931884766
test_acc,50,1767849822.5749626,56.02000045776367
test_acc,51,1767807503.131789,55.28999710083008
test_acc,51,1767849859.037199,54.44999694824219
test_acc,52,1767807539.4560158,52.30999755859375
test_acc,52,1767849895.539437,53.77000045776367
test_acc,53,1767807575.658849,56.84000015258789
test_acc,53,1767849932.013435,51.13999938964844
test_acc,54,1767807611.8811395,56.91999816894531
test_acc,54,1767849968.4790149,54.2599983215332
test_acc,55,1767807648.4011486,56.959999084472656
test_acc,55,1767850004.9889317,58.06999969482422
test_acc,56,1767807684.758264,53.72999954223633
test_acc,56,1767850041.4364214,56.55999755859375
test_acc,57,1767807720.9754996,57.43000030517578
test_acc,57,1767850077.8596804,54.97999954223633
test_acc,58,1767807757.2838914,56.31999969482422
test_acc,58,1767850114.3109846,54.82999801635742
test_acc,59,1767807793.2415018,56.97999954223633
test_acc,59,1767850150.5861206,56.63999938964844
test_acc,60,1767807829.048123,58.099998474121094
test_acc,60,1767850186.9121072,56.46999740600586
test_acc,61,1767807864.9520502,56.779998779296875
test_acc,61,1767850223.871824,56.32999801635742
test_acc,62,1767807900.885107,56.94999694824219
test_acc,62,1767850260.1291633,52.849998474121094
test_acc,63,1767807936.8154857,52.97999954223633
test_acc,63,1767850296.5114756,57.48999786376953
test_acc,64,1767807972.8067508,54.14999771118164
test_acc,64,1767850332.8924763,53.88999938964844
test_acc,65,1767808008.8425126,55.09000015258789
test_acc,65,1767850369.148937,55.66999816894531
test_acc,66,1767808044.997408,58.82999801635742
test_acc,66,1767850405.568637,55.32999801635742
test_acc,67,1767808081.2973413,55.529998779296875
test_acc,67,1767850441.9196749,56.43000030517578
test_acc,68,1767808117.7422905,52.47999954223633
test_acc,68,1767850478.2634914,54.5
test_acc,69,1767808154.142524,53.55999755859375
test_acc,69,1767850514.6403246,54.91999816894531
test_acc,70,1767808190.3295133,54.75
test_acc,70,1767850550.9990447,55.21999740600586
test_acc,71,1767808226.794298,48.87999725341797
test_acc,71,1767850587.3598685,57.44999694824219
test_acc,72,1767808263.057164,55.41999816894531
test_acc,72,1767850623.6941075,50.94999694824219
test_acc,73,1767808299.3606358,53.96999740600586
test_acc,73,1767850659.9814973,54.80999755859375
test_acc,74,1767808335.5971303,53.63999938964844
test_acc,74,1767850696.3011825,56.689998626708984
test_acc,75,1767808371.9603236,58.22999954223633
test_acc,75,1767850732.5453148,58.1099967956543
test_acc,76,1767808408.6028457,55.05999755859375
test_acc,76,1767850769.2830434,49.86000061035156
test_acc,77,1767808445.1267803,54.39999771118164
test_acc,77,1767850805.875572,56.80999755859375
test_acc,78,1767808482.1706872,58.19999694824219
test_acc,78,1767850842.9778976,57.62999725341797
test_acc,79,1767808518.5978472,57.769996643066406
test_acc,79,1767850879.663484,57.46999740600586
test_acc,80,1767808554.7890415,56.64999771118164
test_acc,80,1767850916.0465014,53.06999969482422
test_acc,81,1767808590.8209562,53.529998779296875
test_acc,81,1767850952.4468336,57.16999816894531
test_acc,82,1767808626.7569866,59.21999740600586
test_acc,82,1767850988.7363782,54.41999816894531
test_acc,83,1767808662.7203877,55.82999801635742
test_acc,83,1767851025.0877764,56.369998931884766
test_acc,84,1767808698.6022372,56.209999084472656
test_acc,84,1767851061.3687751,56.68000030517578
test_acc,85,1767808734.6168535,56.81999969482422
test_acc,85,1767851097.6574945,56.03999710083008
test_acc,86,1767808770.609323,54.31999969482422
test_acc,86,1767851134.0522215,57.93000030517578
test_acc,87,1767808806.4897873,57.05999755859375
test_acc,87,1767851170.4636812,56.09000015258789
test_acc,88,1767808842.4461677,52.82999801635742
test_acc,88,1767851206.8139036,55.31999969482422
test_acc,89,1767808878.3825157,56.189998626708984
test_acc,89,1767851243.076616,55.04999923706055
test_acc,90,1767808914.4075968,56.96999740600586
test_acc,90,1767851279.459686,58.689998626708984
test_acc,91,1767808950.518871,58.959999084472656
test_acc,91,1767851315.876377,51.18000030517578
test_acc,92,1767808986.4787147,53.37999725341797
test_acc,92,1767851352.2141285,56.79999923706055
test_acc,93,1767809022.304641,55.93000030517578
test_acc,93,1767851388.692298,59.269996643066406
test_acc,94,1767809058.242157,57.779998779296875
test_acc,94,1767851425.058596,55.98999786376953
test_acc,95,1767809094.1809742,55.959999084472656
test_acc,95,1767851461.3771424,60.369998931884766
test_acc,96,1767809129.98605,55.21999740600586
test_acc,96,1767851497.8447337,57.93000030517578
test_acc,97,1767809166.0260367,58.779998779296875
test_acc,97,1767851534.3155758,54.90999984741211
test_acc,98,1767809202.0902789,56.52000045776367
test_acc,98,1767851570.7496583,56.84000015258789
test_acc,99,1767809238.0302718,56.79999923706055
test_acc,99,1767851607.214011,58.25
test_acc,100,1767809274.0389233,57.57999801635742
test_acc,100,1767851643.469932,60.529998779296875
test_acc,101,1767809310.3459363,56.65999984741211
test_acc,101,1767851679.7354703,58.40999984741211
test_acc,102,1767809346.451577,54.75
test_acc,102,1767851716.0422723,54.119998931884766
test_acc,103,1767851752.3335702,58.81999969482422
test_acc,104,1767851788.6091022,59.59000015258789
test_acc,105,1767851824.9874966,56.869998931884766
test_acc,106,1767851861.4047484,57.68000030517578
test_acc,107,1767851897.7441437,51.09000015258789
test_acc,108,1767851934.1482458,57.78999710083008
test_acc,109,1767851970.4369495,58.41999816894531
test_acc,110,1767852006.7857475,58.0
test_acc,111,1767852043.2826598,58.46999740600586
test_acc,112,1767852079.698227,57.73999786376953
test_acc,113,1767852116.046655,58.349998474121094
test_acc,114,1767852152.429146,52.869998931884766
test_acc,115,1767852188.7573671,54.29999923706055
test_acc,116,1767852225.0265632,55.689998626708984
test_acc,117,1767852261.3137596,56.349998474121094
test_acc,118,1767852297.7245212,57.04999923706055
test_acc,119,1767852334.1822064,57.55999755859375
test_acc,120,1767852370.4739952,56.869998931884766
test_acc,121,1767852406.7533216,57.75
test_acc,122,1767852443.0542355,54.0
test_acc,123,1767852479.4435883,58.62999725341797
test_acc,124,1767852515.6974869,55.03999710083008
test_acc,125,1767852551.9278748,57.209999084472656
test_acc,126,1767852588.419562,54.2599983215332
test_acc,127,1767852624.7586687,55.32999801635742
test_acc,128,1767852661.0649428,57.04999923706055
test_acc,129,1767852697.393136,58.34000015258789
test_acc,130,1767852733.7933621,57.53999710083008
test_acc,131,1767852770.139096,57.68000030517578
test_acc,132,1767852806.4032226,55.779998779296875
test_acc,133,1767852842.7599769,60.3599967956543
test_acc,134,1767852879.1005874,57.599998474121094
test_acc,135,1767852915.5075264,56.75
test_acc,136,1767852951.8478832,54.96999740600586
test_acc,137,1767852988.2068262,59.459999084472656
test_acc,138,1767853024.517652,56.68000030517578
test_acc,139,1767853060.909944,56.96999740600586
test_acc,140,1767853097.2816088,57.099998474121094
test_acc,141,1767853133.6096847,60.099998474121094
test_acc,142,1767853169.9962702,58.63999938964844
test_acc,143,1767853206.2930968,56.19999694824219
test_acc,144,1767853242.5222492,58.16999816894531
test_acc,145,1767853278.8225443,60.13999938964844
test_acc,146,1767853315.2201998,56.64999771118164
test_acc,147,1767853351.5256608,58.56999969482422
test_acc,148,1767853387.8560345,56.8599967956543
test_acc,149,1767853424.1093476,58.06999969482422
test_acc,150,1767853460.4838362,55.119998931884766
test_acc,151,1767853496.8315563,71.02999877929688
test_acc,152,1767853533.163825,71.93000030517578
test_acc,153,1767853569.498944,72.15999603271484
test_acc,154,1767853605.865104,72.44999694824219
test_acc,155,1767853642.1683025,72.38999938964844
test_acc,156,1767853678.6096647,72.55999755859375
test_acc,157,1767853714.8777676,72.75
test_acc,158,1767853751.2464437,73.00999450683594
test_acc,159,1767853787.7026126,72.69999694824219
test_acc,160,1767853824.130412,71.93999481201172
test_acc,161,1767853860.4175222,71.9000015258789
test_acc,162,1767853896.6781292,72.5999984741211
test_acc,163,1767853932.924157,72.22000122070312
test_acc,164,1767853969.163162,72.30999755859375
test_acc,165,1767854005.6363206,72.55999755859375
test_acc,166,1767854042.0561361,71.56999969482422
test_acc,167,1767854078.4554026,72.22000122070312
test_acc,168,1767854114.9324005,71.68000030517578
test_acc,169,1767854151.2596662,71.12999725341797
test_acc,170,1767854187.6492965,71.65999603271484
test_acc,171,1767854224.0540478,71.2699966430664
test_acc,172,1767854260.5198731,71.86000061035156
test_acc,173,1767854296.8203695,70.79000091552734
test_acc,174,1767854333.1116722,70.18000030517578
test_acc,175,1767854369.520346,70.81999969482422
test_acc,176,1767854406.0884976,70.54999542236328
test_acc,177,1767854442.66777,71.13999938964844
test_acc,178,1767854479.2183065,71.00999450683594
test_acc,179,1767854515.7911294,71.30999755859375
test_acc,180,1767854552.2427983,71.08000183105469
test_acc,181,1767854588.8527803,74.3499984741211
test_acc,182,1767854625.3019195,74.43000030517578
test_acc,183,1767854661.746815,74.62999725341797
test_acc,184,1767854698.081805,74.4000015258789
test_acc,185,1767854734.4440846,74.68999481201172
test_acc,186,1767854770.736275,74.5199966430664
test_acc,187,1767854807.10157,74.45999908447266
test_acc,188,1767854843.389367,74.55999755859375
test_acc,189,1767854879.8353462,74.50999450683594
test_acc,190,1767854916.396181,74.36000061035156
test_acc,191,1767854952.8921456,74.55999755859375
test_acc,192,1767854989.5259857,74.72999572753906
test_acc,193,1767855026.1454682,74.58999633789062
test_acc,194,1767855062.7306926,74.2699966430664
test_acc,195,1767855099.0803542,74.36000061035156
test_acc,196,1767855135.463241,74.33999633789062
test_acc,197,1767855171.697259,74.38999938964844
test_acc,198,1767855207.95219,74.08000183105469
test_acc,199,1767855244.2333083,74.18000030517578
test_acc,200,1767855282.8163257,74.18000030517578
test_acc,201,1767855324.0544407,74.62999725341797
test_acc,202,1767855360.3153436,74.33999633789062
test_acc,203,1767855396.5728269,74.3499984741211
test_acc,204,1767855432.829943,74.30999755859375
test_acc,205,1767855469.1401227,74.25999450683594
test_acc,206,1767855505.3288457,74.30999755859375
test_acc,207,1767855541.5390441,74.12999725341797
test_acc,208,1767855577.8414593,74.06999969482422
test_acc,209,1767855614.2218952,74.37999725341797
test_acc,210,1767855650.5239758,74.08000183105469
test_acc,211,1767855686.9200196,74.31999969482422
test_acc,212,1767855723.1783414,74.22000122070312
test_acc,213,1767855759.5282037,74.48999786376953
test_acc,214,1767855795.8457232,74.47999572753906
test_acc,215,1767855832.240772,74.61000061035156
test_acc,216,1767855868.5383818,74.22000122070312
test_acc,217,1767855904.8438067,74.37999725341797
test_acc,218,1767855941.0787868,74.37999725341797
test_acc,219,1767855977.601711,74.37999725341797
test_acc,220,1767856013.9712996,74.0999984741211
test_acc,221,1767856050.2230124,74.55999755859375
test_acc,222,1767856086.4958522,74.38999938964844
test_acc,223,1767856122.7015,74.25999450683594
test_acc,224,1767856158.994425,74.47000122070312
test_acc,225,1767856195.2765198,74.55999755859375
test_acc,226,1767856231.6171904,74.6500015258789
test_acc,227,1767856267.8420203,74.44999694824219
test_acc,228,1767856304.0513494,74.47999572753906
test_acc,229,1767856340.3986309,74.08000183105469
test_acc,230,1767856376.7337546,74.48999786376953
test_acc,231,1767856412.918331,74.43999481201172
test_acc,232,1767856449.2887437,74.5199966430664
test_acc,233,1767856485.6580973,74.31999969482422
test_acc,234,1767856522.0700011,74.3499984741211
test_acc,235,1767856558.429893,74.37999725341797
test_acc,236,1767856594.763779,74.43000030517578
test_acc,237,1767856631.206604,74.33999633789062
test_acc,238,1767856667.6944,74.41999816894531
test_acc,239,1767856704.0215251,74.5199966430664
test_acc,240,1767856740.3956864,74.5199966430664
test_acc_top5,1,1767805701.294984,34.95000076293945
test_acc_top5,1,1767848037.499637,34.23999786376953
test_acc_top5,2,1767805737.3140268,47.57999801635742
test_acc_top5,2,1767848073.7929227,45.869998931884766
test_acc_top5,3,1767805773.263365,52.37999725341797
test_acc_top5,3,1767848110.1980886,53.279998779296875
test_acc_top5,4,1767805809.1454263,62.459999084472656
test_acc_top5,4,1767848146.617387,68.36000061035156
test_acc_top5,5,1767805845.1129012,71.29000091552734
test_acc_top5,5,1767848183.0356834,70.45999908447266
test_acc_top5,6,1767805881.0393476,71.27999877929688
test_acc_top5,6,1767848219.4922292,75.4000015258789
test_acc_top5,7,1767805917.1631563,73.75999450683594
test_acc_top5,7,1767848255.9233768,76.65999603271484
test_acc_top5,8,1767805953.2677593,77.54999542236328
test_acc_top5,8,1767848292.3692496,77.66999816894531
test_acc_top5,9,1767805989.3005195,79.7699966430664
test_acc_top5,9,1767848328.7616794,77.0199966430664
test_acc_top5,10,1767806025.323473,80.86000061035156
test_acc_top5,10,1767848365.122912,79.44999694824219
test_acc_top5,11,1767806061.438887,80.29000091552734
test_acc_top5,11,1767848401.526605,79.31999969482422
test_acc_top5,12,1767806097.5943239,79.13999938964844
test_acc_top5,12,1767848437.9504025,80.06999969482422
test_acc_top5,13,1767806133.6811678,82.25999450683594
test_acc_top5,13,1767848474.3504102,73.65999603271484
test_acc_top5,14,1767806169.76026,81.4000015258789
test_acc_top5,14,1767848510.6837156,83.12999725341797
test_acc_top5,15,1767806205.7917259,79.68999481201172
test_acc_top5,15,1767848547.1436093,82.50999450683594
test_acc_top5,16,1767806241.7184496,81.75
test_acc_top5,16,1767848583.6222868,83.15999603271484
test_acc_top5,17,1767806277.9004905,82.66999816894531
test_acc_top5,17,1767848620.0940983,80.86000061035156
test_acc_top5,18,1767806313.9185874,78.77999877929688
test_acc_top5,18,1767848656.5938778,82.0
test_acc_top5,19,1767806349.995361,80.7699966430664
test_acc_top5,19,1767848693.0527186,83.47999572753906
test_acc_top5,20,1767806385.9174466,81.50999450683594
test_acc_top5,20,1767848729.4157581,83.87999725341797
test_acc_top5,21,1767806422.033342,83.38999938964844
test_acc_top5,21,1767848765.9085927,82.65999603271484
test_acc_top5,22,1767806458.2278194,83.5999984741211
test_acc_top5,22,1767848802.3246481,84.1500015258789
test_acc_top5,23,1767806494.3306615,81.72999572753906
test_acc_top5,23,1767848838.8149185,84.54000091552734
test_acc_top5,24,1767806530.3033504,80.8699951171875
test_acc_top5,24,1767848875.2308772,81.80999755859375
test_acc_top5,25,1767806566.4481304,83.48999786376953
test_acc_top5,25,1767848911.782523,83.05999755859375
test_acc_top5,26,1767806602.5058603,84.5199966430664
test_acc_top5,26,1767848948.2089398,82.15999603271484
test_acc_top5,27,1767806638.6020045,81.23999786376953
test_acc_top5,27,1767848984.6562564,81.30999755859375
test_acc_top5,28,1767806674.5737522,84.38999938964844
test_acc_top5,28,1767849021.137316,80.81999969482422
test_acc_top5,29,1767806710.7045665,82.63999938964844
test_acc_top5,29,1767849057.4814188,82.47000122070312
test_acc_top5,30,1767806746.876154,83.47000122070312
test_acc_top5,30,1767849093.9499426,83.27999877929688
test_acc_top5,31,1767806782.7542777,82.75999450683594
test_acc_top5,31,1767849130.386993,80.1500015258789
test_acc_top5,32,1767806818.7702389,80.86000061035156
test_acc_top5,32,1767849166.7228887,80.94999694824219
test_acc_top5,33,1767806854.5929768,81.61000061035156
test_acc_top5,33,1767849203.1052213,82.93999481201172
test_acc_top5,34,1767806890.5028071,81.62999725341797
test_acc_top5,34,1767849239.4893382,85.25999450683594
test_acc_top5,35,1767806926.4093368,83.31999969482422
test_acc_top5,35,1767849276.144901,82.86000061035156
test_acc_top5,36,1767806962.2187607,82.45999908447266
test_acc_top5,36,1767849312.5593479,82.66999816894531
test_acc_top5,37,1767806998.2561371,83.33999633789062
test_acc_top5,37,1767849348.9791768,82.63999938964844
test_acc_top5,38,1767807034.429847,82.20999908447266
test_acc_top5,38,1767849385.4063761,82.68999481201172
test_acc_top5,39,1767807070.5996766,82.72999572753906
test_acc_top5,39,1767849421.7678711,84.55999755859375
test_acc_top5,40,1767807106.5413098,84.68000030517578
test_acc_top5,40,1767849458.0564926,78.97000122070312
test_acc_top5,41,1767807142.6213732,83.45999908447266
test_acc_top5,41,1767849494.5400386,84.5199966430664
test_acc_top5,42,1767807178.6569037,83.4000015258789
test_acc_top5,42,1767849531.0587113,83.80999755859375
test_acc_top5,43,1767807214.5180423,85.50999450683594
test_acc_top5,43,1767849567.4208517,81.43999481201172
test_acc_top5,44,1767807250.4571335,77.54000091552734
test_acc_top5,44,1767849603.966721,81.75999450683594
test_acc_top5,45,1767807286.3727932,84.47000122070312
test_acc_top5,45,1767849640.4033756,84.58999633789062
test_acc_top5,46,1767807322.2578251,83.72999572753906
test_acc_top5,46,1767849676.7942195,82.40999603271484
test_acc_top5,47,1767807358.2193313,79.94999694824219
test_acc_top5,47,1767849713.210873,84.90999603271484
test_acc_top5,48,1767807394.327911,85.5199966430664
test_acc_top5,48,1767849749.6385624,79.75999450683594
test_acc_top5,49,1767807430.4768052,82.83999633789062
test_acc_top5,49,1767849786.1043725,85.47999572753906
test_acc_top5,50,1767807466.765052,82.86000061035156
test_acc_top5,50,1767849822.575218,84.68999481201172
test_acc_top5,51,1767807503.132039,82.6500015258789
test_acc_top5,51,1767849859.0374448,82.18999481201172
test_acc_top5,52,1767807539.456277,80.97000122070312
test_acc_top5,52,1767849895.5396628,81.43999481201172
test_acc_top5,53,1767807575.6590788,84.87999725341797
test_acc_top5,53,1767849932.0136528,82.12999725341797
test_acc_top5,54,1767807611.8813941,84.83999633789062
test_acc_top5,54,1767849968.4792962,82.48999786376953
test_acc_top5,55,1767807648.4013786,85.08999633789062
test_acc_top5,55,1767850004.9891906,84.47000122070312
test_acc_top5,56,1767807684.758544,82.05999755859375
test_acc_top5,56,1767850041.4366786,83.77999877929688
test_acc_top5,57,1767807720.9757116,85.45999908447266
test_acc_top5,57,1767850077.859921,83.82999420166016
test_acc_top5,58,1767807757.2841601,83.20999908447266
test_acc_top5,58,1767850114.3112411,83.50999450683594
test_acc_top5,59,1767807793.2417204,84.56999969482422
test_acc_top5,59,1767850150.586331,84.30999755859375
test_acc_top5,60,1767807829.048411,85.9000015258789
test_acc_top5,60,1767850186.912318,84.88999938964844
test_acc_top5,61,1767807864.9522943,84.47999572753906
test_acc_top5,61,1767850223.8720996,84.8499984741211
test_acc_top5,62,1767807900.8853207,84.20999908447266
test_acc_top5,62,1767850260.1293626,81.30999755859375
test_acc_top5,63,1767807936.8157291,82.0199966430664
test_acc_top5,63,1767850296.5117,84.79999542236328
test_acc_top5,64,1767807972.8069563,82.5
test_acc_top5,64,1767850332.8926976,83.22999572753906
test_acc_top5,65,1767808008.8426278,84.12999725341797
test_acc_top5,65,1767850369.1491761,83.41999816894531
test_acc_top5,66,1767808044.9976773,85.62999725341797
test_acc_top5,66,1767850405.5688632,83.66999816894531
test_acc_top5,67,1767808081.2976801,83.79000091552734
test_acc_top5,67,1767850441.9199202,84.36000061035156
test_acc_top5,68,1767808117.7424948,81.07999420166016
test_acc_top5,68,1767850478.2636995,82.00999450683594
test_acc_top5,69,1767808154.142731,82.54999542236328
test_acc_top5,69,1767850514.6405244,83.16999816894531
test_acc_top5,70,1767808190.3297122,83.75999450683594
test_acc_top5,70,1767850550.9992836,82.80999755859375
test_acc_top5,71,1767808226.7945116,77.44999694824219
test_acc_top5,71,1767850587.3601038,85.32999420166016
test_acc_top5,72,1767808263.0574226,83.62999725341797
test_acc_top5,72,1767850623.6943192,79.73999786376953
test_acc_top5,73,1767808299.3608556,82.7699966430664
test_acc_top5,73,1767850659.9817407,82.77999877929688
test_acc_top5,74,1767808335.5973356,82.43999481201172
test_acc_top5,74,1767850696.3014219,85.23999786376953
test_acc_top5,75,1767808371.9605346,85.08999633789062
test_acc_top5,75,1767850732.545524,85.11000061035156
test_acc_top5,76,1767808408.6031203,83.56999969482422
test_acc_top5,76,1767850769.2833,80.47000122070312
test_acc_top5,77,1767808445.1272018,82.73999786376953
test_acc_top5,77,1767850805.875773,84.44999694824219
test_acc_top5,78,1767808482.170895,85.12999725341797
test_acc_top5,78,1767850842.9781487,84.8699951171875
test_acc_top5,79,1767808518.598138,85.6500015258789
test_acc_top5,79,1767850879.6637754,84.93999481201172
test_acc_top5,80,1767808554.789282,84.5199966430664
test_acc_top5,80,1767850916.046702,82.32999420166016
test_acc_top5,81,1767808590.821236,82.79999542236328
test_acc_top5,81,1767850952.4470365,85.82999420166016
test_acc_top5,82,1767808626.7572508,86.13999938964844
test_acc_top5,82,1767850988.7365775,82.68000030517578
test_acc_top5,83,1767808662.7206297,84.1199951171875
test_acc_top5,83,1767851025.0879824,84.11000061035156
test_acc_top5,84,1767808698.6024637,83.54999542236328
test_acc_top5,84,1767851061.3690045,84.54999542236328
test_acc_top5,85,1767808734.6171248,85.69999694824219
test_acc_top5,85,1767851097.6577642,84.52999877929688
test_acc_top5,86,1767808770.6095283,83.32999420166016
test_acc_top5,86,1767851134.0524633,85.00999450683594
test_acc_top5,87,1767808806.4900265,84.63999938964844
test_acc_top5,87,1767851170.46391,83.22000122070312
test_acc_top5,88,1767808842.4463906,81.63999938964844
test_acc_top5,88,1767851206.8142104,83.5999984741211
test_acc_top5,89,1767808878.382717,83.80999755859375
test_acc_top5,89,1767851243.0768445,84.81999969482422
test_acc_top5,90,1767808914.4077997,84.9000015258789
test_acc_top5,90,1767851279.459914,85.47000122070312
test_acc_top5,91,1767808950.5191348,85.69999694824219
test_acc_top5,91,1767851315.876575,79.11000061035156
test_acc_top5,92,1767808986.478955,82.4000015258789
test_acc_top5,92,1767851352.2143266,84.22000122070312
test_acc_top5,93,1767809022.3049152,84.82999420166016
test_acc_top5,93,1767851388.6924982,85.00999450683594
test_acc_top5,94,1767809058.2423646,84.8699951171875
test_acc_top5,94,1767851425.0588388,84.5999984741211
test_acc_top5,95,1767809094.1812615,84.06999969482422
test_acc_top5,95,1767851461.37738,86.5
test_acc_top5,96,1767809129.9863927,83.05999755859375
test_acc_top5,96,1767851497.844932,85.11000061035156
test_acc_top5,97,1767809166.026287,85.97000122070312
test_acc_top5,97,1767851534.315782,83.52999877929688
test_acc_top5,98,1767809202.090481,84.3699951171875
test_acc_top5,98,1767851570.749921,84.54000091552734
test_acc_top5,99,1767809238.0305142,84.3699951171875
test_acc_top5,99,1767851607.2143464,85.36000061035156
test_acc_top5,100,1767809274.0391693,84.8499984741211
test_acc_top5,100,1767851643.4701595,86.58999633789062
test_acc_top5,101,1767809310.346176,84.95999908447266
test_acc_top5,101,1767851679.735764,85.50999450683594
test_acc_top5,102,1767809346.4518278,82.20999908447266
test_acc_top5,102,1767851716.0425444,82.88999938964844
test_acc_top5,103,1767851752.3337903,85.81999969482422
test_acc_top5,104,1767851788.6093035,86.1500015258789
test_acc_top5,105,1767851824.9877043,84.5199966430664
test_acc_top5,106,1767851861.4049888,84.83999633789062
test_acc_top5,107,1767851897.7443929,81.43000030517578
test_acc_top5,108,1767851934.1484485,83.91999816894531
test_acc_top5,109,1767851970.4371877,86.36000061035156
test_acc_top5,110,1767852006.7859519,85.57999420166016
test_acc_top5,111,1767852043.2829516,85.63999938964844
test_acc_top5,112,1767852079.6984346,86.33999633789062
test_acc_top5,113,1767852116.046925,85.83999633789062
test_acc_top5,114,1767852152.4293528,81.56999969482422
test_acc_top5,115,1767852188.7576118,80.79999542236328
test_acc_top5,116,1767852225.0267615,84.50999450683594
test_acc_top5,117,1767852261.314012,83.20999908447266
test_acc_top5,118,1767852297.7247596,85.1500015258789
test_acc_top5,119,1767852334.1824484,84.05999755859375
test_acc_top5,120,1767852370.474307,84.43000030517578
test_acc_top5,121,1767852406.7535667,85.18999481201172
test_acc_top5,122,1767852443.054435,83.13999938964844
test_acc_top5,123,1767852479.4438329,85.07999420166016
test_acc_top5,124,1767852515.697727,84.54000091552734
test_acc_top5,125,1767852551.9281425,85.0199966430664
test_acc_top5,126,1767852588.419771,84.0199966430664
test_acc_top5,127,1767852624.7588778,83.87999725341797
test_acc_top5,128,1767852661.065416,84.72000122070312
test_acc_top5,129,1767852697.3933818,85.5199966430664
test_acc_top5,130,1767852733.793604,84.63999938964844
test_acc_top5,131,1767852770.139366,84.43000030517578
test_acc_top5,132,1767852806.4034321,84.70999908447266
test_acc_top5,133,1767852842.7602417,86.18999481201172
test_acc_top5,134,1767852879.1007967,84.72000122070312
test_acc_top5,135,1767852915.507766,84.87999725341797
test_acc_top5,136,1767852951.8481038,82.75
test_acc_top5,137,1767852988.2070909,86.79999542236328
test_acc_top5,138,1767853024.5178509,84.98999786376953
test_acc_top5,139,1767853060.9101915,84.3699951171875
test_acc_top5,140,1767853097.281825,84.30999755859375
test_acc_top5,141,1767853133.609918,86.77999877929688
test_acc_top5,142,1767853169.9965005,86.11000061035156
test_acc_top5,143,1767853206.2933161,83.22000122070312
test_acc_top5,144,1767853242.5224497,85.68000030517578
test_acc_top5,145,1767853278.8227603,86.43000030517578
test_acc_top5,146,1767853315.2204404,85.00999450683594
test_acc_top5,147,1767853351.5258687,85.0
test_acc_top5,148,1767853387.8562825,85.29000091552734
test_acc_top5,149,1767853424.109552,85.4000015258789
test_acc_top5,150,1767853460.4840424,82.73999786376953
test_acc_top5,151,1767853496.831801,92.29000091552734
test_acc_top5,152,1767853533.1640806,92.6199951171875
test_acc_top5,153,1767853569.4993227,92.80999755859375
test_acc_top5,154,1767853605.8653042,92.86000061035156
test_acc_top5,155,1767853642.1685448,92.82999420166016
test_acc_top5,156,1767853678.6098745,93.22000122070312
test_acc_top5,157,1767853714.878025,93.00999450683594
test_acc_top5,158,1767853751.2466886,92.91999816894531
test_acc_top5,159,1767853787.7028868,92.93999481201172
test_acc_top5,160,1767853824.1306558,92.57999420166016
test_acc_top5,161,1767853860.4177337,92.7699966430664
test_acc_top5,162,1767853896.6783257,92.5199966430664
test_acc_top5,163,1767853932.9243555,92.8499984741211
test_acc_top5,164,1767853969.16341,92.75999450683594
test_acc_top5,165,1767854005.6365848,92.81999969482422
test_acc_top5,166,1767854042.0563364,92.25999450683594
test_acc_top5,167,1767854078.4556367,92.40999603271484
test_acc_top5,168,1767854114.9326067,92.31999969482422
test_acc_top5,169,1767854151.259867,92.25
test_acc_top5,170,1767854187.6494942,92.3499984741211
test_acc_top5,171,1767854224.0543296,92.33999633789062
test_acc_top5,172,1767854260.5202038,92.12999725341797
test_acc_top5,173,1767854296.8205788,91.68999481201172
test_acc_top5,174,1767854333.111975,91.95999908447266
test_acc_top5,175,1767854369.5206065,92.07999420166016
test_acc_top5,176,1767854406.0887406,91.91999816894531
test_acc_top5,177,1767854442.6679707,92.04000091552734
test_acc_top5,178,1767854479.2186003,92.15999603271484
test_acc_top5,179,1767854515.7914162,92.23999786376953
test_acc_top5,180,1767854552.2430363,92.0999984741211
test_acc_top5,181,1767854588.8530145,93.16999816894531
test_acc_top5,182,1767854625.3023036,93.0999984741211
test_acc_top5,183,1767854661.747025,93.18999481201172
test_acc_top5,184,1767854698.0820153,93.25
test_acc_top5,185,1767854734.4443688,93.16999816894531
test_acc_top5,186,1767854770.73652,93.29999542236328
test_acc_top5,187,1767854807.101787,93.32999420166016
test_acc_top5,188,1767854843.3895671,93.23999786376953
test_acc_top5,189,1767854879.835644,93.3499984741211
test_acc_top5,190,1767854916.396395,93.19999694824219
test_acc_top5,191,1767854952.8924947,93.1199951171875
test_acc_top5,192,1767854989.5263028,93.14999389648438
test_acc_top5,193,1767855026.1456876,93.18999481201172
test_acc_top5,194,1767855062.730908,93.3499984741211
test_acc_top5,195,1767855099.0806031,93.16999816894531
test_acc_top5,196,1767855135.46345,93.04999542236328
test_acc_top5,197,1767855171.69748,93.11000061035156
test_acc_top5,198,1767855207.9524271,93.06999969482422
test_acc_top5,199,1767855244.2335236,93.22000122070312
test_acc_top5,200,1767855282.8165421,93.15999603271484
test_acc_top5,201,1767855324.054688,93.2699966430664
test_acc_top5,202,1767855360.315606,93.18000030517578
test_acc_top5,203,1767855396.5730834,93.22000122070312
test_acc_top5,204,1767855432.8302205,93.12999725341797
test_acc_top5,205,1767855469.1403835,93.1199951171875
test_acc_top5,206,1767855505.3291595,93.18000030517578
test_acc_top5,207,1767855541.539298,93.1199951171875
test_acc_top5,208,1767855577.841703,92.86000061035156
test_acc_top5,209,1767855614.2222073,93.06999969482422
test_acc_top5,210,1767855650.5242238,92.88999938964844
test_acc_top5,211,1767855686.9202893,93.07999420166016
test_acc_top5,212,1767855723.1785457,93.00999450683594
test_acc_top5,213,1767855759.5284035,93.08999633789062
test_acc_top5,214,1767855795.8459616,93.02999877929688
test_acc_top5,215,1767855832.240975,93.0199966430664
test_acc_top5,216,1767855868.5386035,93.02999877929688
test_acc_top5,217,1767855904.8440084,93.0999984741211
test_acc_top5,218,1767855941.0790145,93.0199966430664
test_acc_top5,219,1767855977.6019208,93.0199966430664
test_acc_top5,220,1767856013.9715486,93.04999542236328
test_acc_top5,221,1767856050.2232602,92.93999481201172
test_acc_top5,222,1767856086.4960964,93.0
test_acc_top5,223,1767856122.7017689,93.12999725341797
test_acc_top5,224,1767856158.9946878,93.0999984741211
test_acc_top5,225,1767856195.2767642,93.04999542236328
test_acc_top5,226,1767856231.6174319,92.93000030517578
test_acc_top5,227,1767856267.8422902,93.05999755859375
test_acc_top5,228,1767856304.0515888,93.13999938964844
test_acc_top5,229,1767856340.3988304,93.02999877929688
test_acc_top5,230,1767856376.7340226,93.1199951171875
test_acc_top5,231,1767856412.918567,93.18999481201172
test_acc_top5,232,1767856449.288943,93.13999938964844
test_acc_top5,233,1767856485.6583095,93.12999725341797
test_acc_top5,234,1767856522.0702329,93.12999725341797
test_acc_top5,235,1767856558.4301832,92.97000122070312
test_acc_top5,236,1767856594.7639852,93.22999572753906
test_acc_top5,237,1767856631.2068632,93.22999572753906
test_acc_top5,238,1767856667.694608,93.02999877929688
test_acc_top5,239,1767856704.021763,93.0999984741211
test_acc_top5,240,1767856740.395929,93.20999908447266
test_loss,1,1767805701.29481,3.7141289710998535
test_loss,1,1767848037.4993994,3.746917247772217
test_loss,2,1767805737.3138554,3.2649190425872803
test_loss,2,1767848073.7927842,3.327191114425659
test_loss,3,1767805773.2631917,3.3116657733917236
test_loss,3,1767848110.19789,3.17872953414917
test_loss,4,1767805809.1452875,2.7239937782287598
test_loss,4,1767848146.6172357,2.4801154136657715
test_loss,5,1767805845.112766,2.3684723377227783
test_loss,5,1767848183.0355198,2.4010417461395264
test_loss,6,1767805881.0391817,2.4085283279418945
test_loss,6,1767848219.4920225,2.1575348377227783
test_loss,7,1767805917.162943,2.2730765342712402
test_loss,7,1767848255.9232237,2.1071369647979736
test_loss,8,1767805953.2676263,2.0485076904296875
test_loss,8,1767848292.3690279,2.0466713905334473
test_loss,9,1767805989.30036,1.914818525314331
test_loss,9,1767848328.7615168,2.1367461681365967
test_loss,10,1767806025.3232732,1.8650315999984741
test_loss,10,1767848365.122756,1.982726812362671
test_loss,11,1767806061.4387467,1.9219502210617065
test_loss,11,1767848401.5264356,2.0300393104553223
test_loss,12,1767806097.5941217,1.9078487157821655
test_loss,12,1767848437.9502256,1.884495496749878
test_loss,13,1767806133.6809876,1.8140461444854736
test_loss,13,1767848474.3502564,2.4601244926452637
test_loss,14,1767806169.760031,1.7911076545715332
test_loss,14,1767848510.683548,1.6911594867706299
test_loss,15,1767806205.7915843,1.9458720684051514
test_loss,15,1767848547.1434398,1.7415679693222046
test_loss,16,1767806241.7183049,1.8448683023452759
test_loss,16,1767848583.622147,1.7094485759735107
test_loss,17,1767806277.9003372,1.7311655282974243
test_loss,17,1767848620.093935,1.8428277969360352
test_loss,18,1767806313.9184234,1.9869132041931152
test_loss,18,1767848656.5937147,1.8566310405731201
test_loss,19,1767806349.9952266,1.8258236646652222
test_loss,19,1767848693.0525577,1.6692332029342651
test_loss,20,1767806385.9172819,1.83311128616333
test_loss,20,1767848729.415585,1.6779133081436157
test_loss,21,1767806422.0331826,1.6818296909332275
test_loss,21,1767848765.908388,1.7608129978179932
test_loss,22,1767806458.2276492,1.6690399646759033
test_loss,22,1767848802.3244867,1.627846598625183
test_loss,23,1767806494.330512,1.7982553243637085
test_loss,23,1767848838.8147511,1.6029958724975586
test_loss,24,1767806530.3031864,1.8808454275131226
test_loss,24,1767848875.2307367,1.762542486190796
test_loss,25,1767806566.447903,1.6581248044967651
test_loss,25,1767848911.7823546,1.7246121168136597
test_loss,26,1767806602.5056477,1.6817426681518555
test_loss,26,1767848948.208797,1.7960004806518555
test_loss,27,1767806638.6018324,1.838147759437561
test_loss,27,1767848984.6561038,1.8197044134140015
test_loss,28,1767806674.573539,1.6492323875427246
test_loss,28,1767849021.1371422,1.8386056423187256
test_loss,29,1767806710.7043805,1.767895221710205
test_loss,29,1767849057.4812582,1.761715292930603
test_loss,30,1767806746.8759813,1.712624430656433
test_loss,30,1767849093.9497287,1.7307322025299072
test_loss,31,1767806782.754145,1.7519601583480835
test_loss,31,1767849130.386808,1.9318767786026
test_loss,32,1767806818.7700498,1.8109172582626343
test_loss,32,1767849166.7227643,1.8816286325454712
test_loss,33,1767806854.5927682,1.8767324686050415
test_loss,33,1767849203.1050835,1.7465506792068481
test_loss,34,1767806890.5026422,1.8082019090652466
test_loss,34,1767849239.4891703,1.5573904514312744
test_loss,35,1767806926.409202,1.7212337255477905
test_loss,35,1767849276.1447346,1.6982084512710571
test_loss,36,1767806962.2186227,1.8049386739730835
test_loss,36,1767849312.5592086,1.761966347694397
test_loss,37,1767806998.2559836,1.7223880290985107
test_loss,37,1767849348.979004,1.7118197679519653
test_loss,38,1767807034.4297028,1.759777307510376
test_loss,38,1767849385.4062352,1.748426079750061
test_loss,39,1767807070.5994124,1.8097491264343262
test_loss,39,1767849421.7677205,1.6010514497756958
test_loss,40,1767807106.5411472,1.5844972133636475
test_loss,40,1767849458.0563023,1.96597158908844
test_loss,41,1767807142.6212096,1.8224313259124756
test_loss,41,1767849494.5399065,1.6195714473724365
test_loss,42,1767807178.6567519,1.7346690893173218
test_loss,42,1767849531.0585797,1.69766104221344
test_loss,43,1767807214.5179129,1.5320059061050415
test_loss,43,1767849567.420719,1.825852632522583
test_loss,44,1767807250.4568794,2.083873748779297
test_loss,44,1767849603.966588,1.846549153327942
test_loss,45,1767807286.3726327,1.6416901350021362
test_loss,45,1767849640.4032407,1.5826950073242188
test_loss,46,1767807322.2576191,1.6271605491638184
test_loss,46,1767849676.7940109,1.7755805253982544
test_loss,47,1767807358.2191148,2.015158176422119
test_loss,47,1767849713.2107217,1.6101963520050049
test_loss,48,1767807394.3277586,1.5651816129684448
test_loss,48,1767849749.6383755,2.0513150691986084
test_loss,49,1767807430.4766672,1.8136789798736572
test_loss,49,1767849786.1041949,1.573496699333191
test_loss,50,1767807466.7648926,1.8175994157791138
test_loss,50,1767849822.575038,1.6532304286956787
test_loss,51,1767807503.1318712,1.7557275295257568
test_loss,51,1767849859.0372841,1.762435793876648
test_loss,52,1767807539.4561172,1.908502221107483
test_loss,52,1767849895.5395234,1.7743406295776367
test_loss,53,1767807575.6589217,1.6111747026443481
test_loss,53,1767849932.013511,1.9203753471374512
test_loss,54,1767807611.8812232,1.5994489192962646
test_loss,54,1767849968.4791303,1.7436578273773193
test_loss,55,1767807648.4012241,1.575161337852478
test_loss,55,1767850004.9890094,1.5932642221450806
test_loss,56,1767807684.758343,1.803564190864563
test_loss,56,1767850041.4365072,1.6657687425613403
test_loss,57,1767807720.9755707,1.5810294151306152
test_loss,57,1767850077.859756,1.7015626430511475
test_loss,58,1767807757.283968,1.7007954120635986
test_loss,58,1767850114.311082,1.782289743423462
test_loss,59,1767807793.2415762,1.6511043310165405
test_loss,59,1767850150.5861914,1.6316249370574951
test_loss,60,1767807829.0482018,1.53555428981781
test_loss,60,1767850186.91218,1.6279547214508057
test_loss,61,1767807864.9521585,1.6587791442871094
test_loss,61,1767850223.8719044,1.608996033668518
test_loss,62,1767807900.8851814,1.6408721208572388
test_loss,62,1767850260.1292336,1.8425991535186768
test_loss,63,1767807936.8155656,1.813538908958435
test_loss,63,1767850296.5115476,1.5974715948104858
test_loss,64,1767807972.8068237,1.7687302827835083
test_loss,64,1767850332.89255,1.7714821100234985
test_loss,65,1767808008.8425786,1.691178560256958
test_loss,65,1767850369.1490157,1.71651029586792
test_loss,66,1767808044.9974892,1.5452297925949097
test_loss,66,1767850405.5687087,1.6954020261764526
test_loss,67,1767808081.2974265,1.6770832538604736
test_loss,67,1767850441.9197536,1.659372329711914
test_loss,68,1767808117.742362,1.91209077835083
test_loss,68,1767850478.263562,1.799063801765442
test_loss,69,1767808154.1425989,1.8434662818908691
test_loss,69,1767850514.6403964,1.733919620513916
test_loss,70,1767808190.329589,1.7061567306518555
test_loss,70,1767850550.9991422,1.7250685691833496
test_loss,71,1767808226.7943726,2.052964210510254
test_loss,71,1767850587.359939,1.5655326843261719
test_loss,72,1767808263.0572498,1.6718182563781738
test_loss,72,1767850623.694179,1.9551522731781006
test_loss,73,1767808299.3607116,1.7636487483978271
test_loss,73,1767850659.9815757,1.7158969640731812
test_loss,74,1767808335.5972035,1.7784624099731445
test_loss,74,1767850696.3012607,1.6000151634216309
test_loss,75,1767808371.9604,1.5677249431610107
test_loss,75,1767850732.5453863,1.5479909181594849
test_loss,76,1767808408.602926,1.7404675483703613
test_loss,76,1767850769.283151,1.9830107688903809
test_loss,77,1767808445.1268585,1.7902103662490845
test_loss,77,1767850805.875644,1.6583575010299683
test_loss,78,1767808482.1707647,1.5681686401367188
test_loss,78,1767850842.9779701,1.605745792388916
test_loss,79,1767808518.5979276,1.5933314561843872
test_loss,79,1767850879.6635733,1.5799847841262817
test_loss,80,1767808554.7891512,1.6620540618896484
test_loss,80,1767850916.0465732,1.8556756973266602
test_loss,81,1767808590.8210278,1.7436732053756714
test_loss,81,1767850952.4469054,1.6017110347747803
test_loss,82,1767808626.7570908,1.5236320495605469
test_loss,82,1767850988.7364507,1.8777351379394531
test_loss,83,1767808662.7204654,1.6581919193267822
test_loss,83,1767851025.087847,1.6631016731262207
test_loss,84,1767808698.6023135,1.6565213203430176
test_loss,84,1767851061.3688476,1.6105971336364746
test_loss,85,1767808734.6169317,1.6331593990325928
test_loss,85,1767851097.657577,1.7048757076263428
test_loss,86,1767808770.6093965,1.7436009645462036
test_loss,86,1767851134.0523052,1.5860627889633179
test_loss,87,1767808806.4898744,1.6273225545883179
test_loss,87,1767851170.463754,1.6773539781570435
test_loss,88,1767808842.4462407,1.8109867572784424
test_loss,88,1767851206.8139832,1.7051254510879517
test_loss,89,1767808878.3825865,1.693220615386963
test_loss,89,1767851243.0766892,1.6782617568969727
test_loss,90,1767808914.407668,1.6332489252090454
test_loss,90,1767851279.4597585,1.5564141273498535
test_loss,91,1767808950.5189528,1.522346019744873
test_loss,91,1767851315.8764484,1.9683232307434082
test_loss,92,1767808986.4787943,1.782119631767273
test_loss,92,1767851352.2141995,1.6310373544692993
test_loss,93,1767809022.304723,1.6628437042236328
test_loss,93,1767851388.6923707,1.523572325706482
test_loss,94,1767809058.2422311,1.6125884056091309
test_loss,94,1767851425.058675,1.6474303007125854
test_loss,95,1767809094.1810865,1.7080737352371216
test_loss,95,1767851461.3772213,1.4514001607894897
test_loss,96,1767809129.9861786,1.7140079736709595
test_loss,96,1767851497.844804,1.5784940719604492
test_loss,97,1767809166.0261528,1.5540440082550049
test_loss,97,1767851534.315647,1.7245231866836548
test_loss,98,1767809202.0903525,1.7001911401748657
test_loss,98,1767851570.74974,1.6269804239273071
test_loss,99,1767809238.0303564,1.6253923177719116
test_loss,99,1767851607.214131,1.5641696453094482
test_loss,100,1767809274.0389977,1.593930959701538
test_loss,100,1767851643.470004,1.4461612701416016
test_loss,101,1767809310.3460102,1.6750116348266602
test_loss,101,1767851679.7355487,1.584184169769287
test_loss,102,1767809346.4516518,1.7532838582992554
test_loss,102,1767851716.0423503,1.748654842376709
test_loss,103,1767851752.3336434,1.5224426984786987
test_loss,104,1767851788.6091735,1.5210736989974976
test_loss,105,1767851824.9875684,1.6589635610580444
test_loss,106,1767851861.404827,1.5822161436080933
test_loss,107,1767851897.744222,1.847182273864746
test_loss,108,1767851934.1483195,1.61412513256073
test_loss,109,1767851970.4370215,1.5042425394058228
test_loss,110,1767852006.785819,1.5662329196929932
test_loss,111,1767852043.2827516,1.5369614362716675
test_loss,112,1767852079.6982994,1.5751937627792358
test_loss,113,1767852116.0467365,1.535408854484558
test_loss,114,1767852152.4292245,1.8701221942901611
test_loss,115,1767852188.7574492,1.819743275642395
test_loss,116,1767852225.0266345,1.718906283378601
test_loss,117,1767852261.313837,1.674649953842163
test_loss,118,1767852297.7246027,1.608221173286438
test_loss,119,1767852334.1822896,1.6321468353271484
test_loss,120,1767852370.4741101,1.6601511240005493
test_loss,121,1767852406.7534068,1.5975836515426636
test_loss,122,1767852443.054308,1.7654523849487305
test_loss,123,1767852479.4436734,1.5777053833007812
test_loss,124,1767852515.6975632,1.7293909788131714
test_loss,125,1767852551.9279573,1.57835853099823
test_loss,126,1767852588.419637,1.697716236114502
test_loss,127,1767852624.758742,1.7014694213867188
test_loss,128,1767852661.0650363,1.6128737926483154
test_loss,129,1767852697.393213,1.5823966264724731
test_loss,130,1767852733.7934408,1.5709071159362793
test_loss,131,1767852770.1391764,1.611088514328003
test_loss,132,1767852806.4032948,1.682102084159851
test_loss,133,1767852842.7600787,1.4944021701812744
test_loss,134,1767852879.1006596,1.5844252109527588
test_loss,135,1767852915.5076056,1.632370948791504
test_loss,136,1767852951.8479526,1.7312668561935425
test_loss,137,1767852988.2069092,1.523884892463684
test_loss,138,1767853024.5177238,1.6227874755859375
test_loss,139,1767853060.9100158,1.6110343933105469
test_loss,140,1767853097.2816796,1.6381980180740356
test_loss,141,1767853133.6097584,1.4971272945404053
test_loss,142,1767853169.9963434,1.5651293992996216
test_loss,143,1767853206.2931693,1.6920251846313477
test_loss,144,1767853242.5223224,1.5679078102111816
test_loss,145,1767853278.8226173,1.4620000123977661
test_loss,146,1767853315.2202828,1.614550232887268
test_loss,147,1767853351.5257313,1.5449917316436768
test_loss,148,1767853387.8561547,1.586926817893982
test_loss,149,1767853424.1094205,1.5789494514465332
test_loss,150,1767853460.4839082,1.7104767560958862
test_loss,151,1767853496.8316398,1.0311415195465088
test_loss,152,1767853533.1639054,0.9956721067428589
test_loss,153,1767853569.4990234,0.9867008328437805
test_loss,154,1767853605.8651757,0.9850354194641113
test_loss,155,1767853642.1683855,0.989832878112793
test_loss,156,1767853678.6097362,0.9821385741233826
test_loss,157,1767853714.877857,0.9899713397026062
test_loss,158,1767853751.2465227,0.9890727400779724
test_loss,159,1767853787.7026906,0.9975853562355042
test_loss,160,1767853824.1304898,1.0100250244140625
test_loss,161,1767853860.417596,1.0316834449768066
test_loss,162,1767853896.6782005,1.0112075805664062
test_loss,163,1767853932.9242287,1.0173697471618652
test_loss,164,1767853969.16324,1.0261362791061401
test_loss,165,1767854005.6364,1.0047575235366821
test_loss,166,1767854042.056208,1.055390477180481
test_loss,167,1767854078.4554791,1.0336594581604004
test_loss,168,1767854114.9324715,1.0518300533294678
test_loss,169,1767854151.259738,1.073630928993225
test_loss,170,1767854187.6493683,1.0517208576202393
test_loss,171,1767854224.0541613,1.0746287107467651
test_loss,172,1767854260.5199447,1.0605217218399048
test_loss,173,1767854296.8204434,1.1044487953186035
test_loss,174,1767854333.1117556,1.1308484077453613
test_loss,175,1767854369.5204253,1.1235426664352417
test_loss,176,1767854406.0885673,1.0968703031539917
test_loss,177,1767854442.667841,1.0901674032211304
test_loss,178,1767854479.2184396,1.1182252168655396
test_loss,179,1767854515.7912176,1.0891274213790894
test_loss,180,1767854552.2428782,1.0872468948364258
test_loss,181,1767854588.8528514,0.9736775755882263
test_loss,182,1767854625.3020058,0.9825376272201538
test_loss,183,1767854661.746888,0.9750058054924011
test_loss,184,1767854698.081884,0.9843769073486328
test_loss,185,1767854734.444175,0.9782952666282654
test_loss,186,1767854770.7363546,0.9801110029220581
test_loss,187,1767854807.1016395,0.989145815372467
test_loss,188,1767854843.3894384,0.9864017367362976
test_loss,189,1767854879.835431,0.986833930015564
test_loss,190,1767854916.3962584,0.9904640316963196
test_loss,191,1767854952.8922355,0.9945226907730103
test_loss,192,1767854989.526134,0.9909155368804932
test_loss,193,1767855026.145549,0.9953577518463135
test_loss,194,1767855062.7307684,0.9890499114990234
test_loss,195,1767855099.0804334,0.9924810528755188
test_loss,196,1767855135.4633136,0.9985984563827515
test_loss,197,1767855171.697333,1.0020111799240112
test_loss,198,1767855207.9522674,1.0023168325424194
test_loss,199,1767855244.2333791,1.0059013366699219
test_loss,200,1767855282.8163984,1.010117530822754
test_loss,201,1767855324.0545244,1.0004459619522095
test_loss,202,1767855360.315423,1.0079292058944702
test_loss,203,1767855396.5729036,1.010388731956482
test_loss,204,1767855432.8300223,1.016493320465088
test_loss,205,1767855469.1402009,1.0161648988723755
test_loss,206,1767855505.3289247,1.0039304494857788
test_loss,207,1767855541.5391493,1.0182477235794067
test_loss,208,1767855577.841542,1.0222941637039185
test_loss,209,1767855614.2219672,1.0157287120819092
test_loss,210,1767855650.5240474,1.0246827602386475
test_loss,211,1767855686.9201295,1.018604040145874
test_loss,212,1767855723.1784174,1.018011212348938
test_loss,213,1767855759.5282762,1.012047529220581
test_loss,214,1767855795.845797,1.0155109167099
test_loss,215,1767855832.2408442,1.0091298818588257
test_loss,216,1767855868.5384538,1.0233975648880005
test_loss,217,1767855904.8438776,1.0108096599578857
test_loss,218,1767855941.078858,1.0168033838272095
test_loss,219,1767855977.601784,1.0161314010620117
test_loss,220,1767856013.9713833,1.0167696475982666
test_loss,221,1767856050.223127,1.0151679515838623
test_loss,222,1767856086.4959245,1.0185747146606445
test_loss,223,1767856122.701579,1.0159908533096313
test_loss,224,1767856158.9945076,1.0119975805282593
test_loss,225,1767856195.276603,1.0152140855789185
test_loss,226,1767856231.6172667,1.0087988376617432
test_loss,227,1767856267.8421283,1.0104143619537354
test_loss,228,1767856304.0514266,1.0144318342208862
test_loss,229,1767856340.3987026,1.0179275274276733
test_loss,230,1767856376.7338524,1.0118722915649414
test_loss,231,1767856412.91841,1.0174323320388794
test_loss,232,1767856449.2888155,1.0140823125839233
test_loss,233,1767856485.6581728,1.0189152956008911
test_loss,234,1767856522.0700967,1.0219091176986694
test_loss,235,1767856558.4299707,1.0176645517349243
test_loss,236,1767856594.763849,1.0118743181228638
test_loss,237,1767856631.2066834,1.0204883813858032
test_loss,238,1767856667.6944711,1.0221672058105469
test_loss,239,1767856704.021605,1.0104386806488037
test_loss,240,1767856740.3957646,1.0161020755767822
train_acc,1,1767805698.7691882,6.915999889373779
train_acc,1,1767848035.0405693,6.579999923706055
train_acc,2,1767805734.9006345,14.711999893188477
train_acc,2,1767848071.315491,13.925999641418457
train_acc,3,1767805770.9207306,23.139999389648438
train_acc,3,1767848107.7322884,22.24199867248535
train_acc,4,1767805806.7335625,30.581998825073242
train_acc,4,1767848144.1441638,30.461999893188477
train_acc,5,1767805842.5829012,37.0099983215332
train_acc,5,1767848180.561284,37.30799865722656
train_acc,6,1767805878.666051,41.736000061035156
train_acc,6,1767848217.0043826,41.827999114990234
train_acc,7,1767805914.6711185,45.62199783325195
train_acc,7,1767848253.4375713,45.685997009277344
train_acc,8,1767805950.8054423,48.667999267578125
train_acc,8,1767848289.885253,48.47200012207031
train_acc,9,1767805986.8858097,50.29399871826172
train_acc,9,1767848326.296041,50.10599899291992
train_acc,10,1767806022.8688462,51.823997497558594
train_acc,10,1767848362.6813552,52.301998138427734
train_acc,11,1767806058.9915316,53.68000030517578
train_acc,11,1767848399.066829,53.459999084472656
train_acc,12,1767806095.0862017,54.77000045776367
train_acc,12,1767848435.5094783,54.402000427246094
train_acc,13,1767806131.2455068,55.84599685668945
train_acc,13,1767848471.9339037,55.54999923706055
train_acc,14,1767806167.3260446,56.27000045776367
train_acc,14,1767848508.3060513,56.24199676513672
train_acc,15,1767806203.3137362,56.69199752807617
train_acc,15,1767848544.6529934,56.935997009277344
train_acc,16,1767806239.3763416,57.29800033569336
train_acc,16,1767848581.1529078,57.38999938964844
train_acc,17,1767806275.431989,57.944000244140625
train_acc,17,1767848617.6219504,58.04199981689453
train_acc,18,1767806311.5239785,58.667999267578125
train_acc,18,1767848654.0702472,58.41600036621094
train_acc,19,1767806347.5228553,58.55799865722656
train_acc,19,1767848690.5525906,58.795997619628906
train_acc,20,1767806383.5558214,59.04999923706055
train_acc,20,1767848727.0701532,59.141998291015625
train_acc,21,1767806419.5757008,59.48999786376953
train_acc,21,1767848763.4666374,59.42799758911133
train_acc,22,1767806455.7051725,59.33399963378906
train_acc,22,1767848799.8620753,59.90399932861328
train_acc,23,1767806491.889902,59.98999786376953
train_acc,23,1767848836.3213534,60.163997650146484
train_acc,24,1767806527.8753111,60.26599884033203
train_acc,24,1767848872.7666054,60.029998779296875
train_acc,25,1767806563.992147,60.46799850463867
train_acc,25,1767848909.199736,60.16600036621094
train_acc,26,1767806600.1453574,60.84000015258789
train_acc,26,1767848945.8051145,60.58799743652344
train_acc,27,1767806636.0846145,60.94199752807617
train_acc,27,1767848982.2149851,60.917999267578125
train_acc,28,1767806672.1903255,61.22999954223633
train_acc,28,1767849018.662223,61.06399917602539
train_acc,29,1767806708.232853,61.321998596191406
train_acc,29,1767849055.0943549,61.263999938964844
train_acc,30,1767806744.3716683,61.715999603271484
train_acc,30,1767849091.48092,61.513999938964844
train_acc,31,1767806780.3415005,61.52399826049805
train_acc,31,1767849127.9074826,61.933998107910156
train_acc,32,1767806816.3273249,61.77199935913086
train_acc,32,1767849164.3611917,61.6719970703125
train_acc,33,1767806852.2710984,61.74799728393555
train_acc,33,1767849200.681102,61.663997650146484
train_acc,34,1767806888.0731306,61.986000061035156
train_acc,34,1767849237.0607052,62.19599914550781
train_acc,35,1767806924.0166185,61.90399932861328
train_acc,35,1767849273.6652932,62.163997650146484
train_acc,36,1767806959.8971596,62.1719970703125
train_acc,36,1767849310.0798604,62.163997650146484
train_acc,37,1767806995.7975483,62.03999710083008
train_acc,37,1767849346.5333977,62.36199951171875
train_acc,38,1767807032.033864,62.18199920654297
train_acc,38,1767849382.9695294,62.49599838256836
train_acc,39,1767807068.1328185,62.29199981689453
train_acc,39,1767849419.357717,62.4119987487793
train_acc,40,1767807104.150594,62.4219970703125
train_acc,40,1767849455.6607728,62.34000015258789
train_acc,41,1767807140.2386727,62.61399841308594
train_acc,41,1767849492.0209522,62.715999603271484
train_acc,42,1767807176.2403154,62.619998931884766
train_acc,42,1767849528.5881987,62.71799850463867
train_acc,43,1767807212.137908,62.694000244140625
train_acc,43,1767849565.0243955,62.663997650146484
train_acc,44,1767807248.0126135,62.817996978759766
train_acc,44,1767849601.399608,63.067996978759766
train_acc,45,1767807283.9549205,62.667999267578125
train_acc,45,1767849637.9226232,62.84000015258789
train_acc,46,1767807319.8384542,62.77799987792969
train_acc,46,1767849674.3626564,63.03799819946289
train_acc,47,1767807355.7873464,62.89799880981445
train_acc,47,1767849710.7352126,63.21399688720703
train_acc,48,1767807391.9101622,63.26599884033203
train_acc,48,1767849747.1747897,63.01199722290039
train_acc,49,1767807427.9654622,63.37199783325195
train_acc,49,1767849783.5420003,62.9839973449707
train_acc,50,1767807464.311331,62.865997314453125
train_acc,50,1767849820.1174269,63.375999450683594
train_acc,51,1767807500.5922298,62.89399719238281
train_acc,51,1767849856.584426,63.097999572753906
train_acc,52,1767807536.9217024,63.323997497558594
train_acc,52,1767849893.1089373,63.62399673461914
train_acc,53,1767807573.2437668,63.321998596191406
train_acc,53,1767849929.5206106,63.61199951171875
train_acc,54,1767807609.471933,63.42799758911133
train_acc,54,1767849966.0585542,63.61800003051758
train_acc,55,1767807645.79028,63.685997009277344
train_acc,55,1767850002.5210948,63.455997467041016
train_acc,56,1767807682.2117093,63.58799743652344
train_acc,56,1767850038.9941995,63.269996643066406
train_acc,57,1767807718.4910464,63.61800003051758
train_acc,57,1767850075.351847,63.727996826171875
train_acc,58,1767807754.7829533,63.63999938964844
train_acc,58,1767850111.8502455,63.65399932861328
train_acc,59,1767807790.8794096,63.52399826049805
train_acc,59,1767850148.1626325,63.625999450683594
train_acc,60,1767807826.7004898,63.66599655151367
train_acc,60,1767850184.4844537,63.96999740600586
train_acc,61,1767807862.5529122,63.88399887084961
train_acc,61,1767850221.4609966,63.85799789428711
train_acc,62,1767807898.4218802,63.80799865722656
train_acc,62,1767850257.7542727,63.545997619628906
train_acc,63,1767807934.3424728,63.779998779296875
train_acc,63,1767850294.0669525,64.34400177001953
train_acc,64,1767807970.3444328,63.641998291015625
train_acc,64,1767850330.4068744,63.60599899291992
train_acc,65,1767808006.329028,63.84199905395508
train_acc,65,1767850366.7457392,63.99599838256836
train_acc,66,1767808042.4066706,63.87199783325195
train_acc,66,1767850403.0693133,63.91599655151367
train_acc,67,1767808078.8208954,64.0219955444336
train_acc,67,1767850439.410811,63.86399841308594
train_acc,68,1767808115.163193,63.80799865722656
train_acc,68,1767850475.7675998,63.98999786376953
train_acc,69,1767808151.6065588,63.935997009277344
train_acc,69,1767850512.1905649,63.89999771118164
train_acc,70,1767808187.9266174,63.78399658203125
train_acc,70,1767850548.4803822,64.0219955444336
train_acc,71,1767808224.2764814,64.1259994506836
train_acc,71,1767850584.88471,64.02400207519531
train_acc,72,1767808260.6010985,64.1780014038086
train_acc,72,1767850621.239956,64.21199798583984
train_acc,73,1767808296.9014192,64.11599731445312
train_acc,73,1767850657.588534,64.23199462890625
train_acc,74,1767808333.1666448,64.36799621582031
train_acc,74,1767850693.921491,64.05599975585938
train_acc,75,1767808369.571549,63.78399658203125
train_acc,75,1767850730.1299584,64.07599639892578
train_acc,76,1767808406.0957913,64.27400207519531
train_acc,76,1767850766.8372235,63.70800018310547
train_acc,77,1767808442.7014449,64.08799743652344
train_acc,77,1767850803.4459891,64.20399475097656
train_acc,78,1767808479.2426693,64.48999786376953
train_acc,78,1767850840.1724827,64.26599884033203
train_acc,79,1767808516.1734378,64.31399536132812
train_acc,79,1767850877.223287,64.42599487304688
train_acc,80,1767808552.4468646,64.2179946899414
train_acc,80,1767850913.5729363,64.39399719238281
train_acc,81,1767808588.4243157,64.01799774169922
train_acc,81,1767850949.9725559,63.96799850463867
train_acc,82,1767808624.3612607,64.29199981689453
train_acc,82,1767850986.329202,64.3699951171875
train_acc,83,1767808660.2909462,64.18999481201172
train_acc,83,1767851022.621223,64.36799621582031
train_acc,84,1767808696.22289,64.30999755859375
train_acc,84,1767851058.94346,64.18399810791016
train_acc,85,1767808732.157211,64.5219955444336
train_acc,85,1767851095.2376707,64.4959945678711
train_acc,86,1767808768.1173413,64.31800079345703
train_acc,86,1767851131.6120875,64.45800018310547
train_acc,87,1767808804.0963068,64.64599609375
train_acc,87,1767851168.036917,64.53800201416016
train_acc,88,1767808839.9659474,64.56399536132812
train_acc,88,1767851204.339718,64.40399932861328
train_acc,89,1767808875.9393675,64.52799987792969
train_acc,89,1767851240.688784,64.38600158691406
train_acc,90,1767808911.8779054,64.47200012207031
train_acc,90,1767851277.0843213,64.40599822998047
train_acc,91,1767808948.1586187,64.53399658203125
train_acc,91,1767851313.388993,64.4020004272461
train_acc,92,1767808984.0446916,64.37999725341797
train_acc,92,1767851349.762483,64.56800079345703
train_acc,93,1767809020.0098617,64.5459976196289
train_acc,93,1767851386.1055665,64.33599853515625
train_acc,94,1767809055.865008,64.43199920654297
train_acc,94,1767851422.66961,64.38800048828125
train_acc,95,1767809091.6560235,64.65799713134766
train_acc,95,1767851458.9605844,64.65999603271484
train_acc,96,1767809127.574674,64.59400177001953
train_acc,96,1767851495.3318405,64.43799591064453
train_acc,97,1767809163.4816437,64.67399597167969
train_acc,97,1767851531.786237,64.54999542236328
train_acc,98,1767809199.6823971,64.80999755859375
train_acc,98,1767851568.2802827,65.04399871826172
train_acc,99,1767809235.7091143,64.72000122070312
train_acc,99,1767851604.6636603,64.33000183105469
train_acc,100,1767809271.59404,64.39599609375
train_acc,100,1767851641.072858,64.81199645996094
train_acc,101,1767809307.8666148,64.96199798583984
train_acc,101,1767851677.3064556,64.8479995727539
train_acc,102,1767809344.0162613,64.552001953125
train_acc,102,1767851713.5807557,64.76599884033203
train_acc,103,1767809380.063972,65.00599670410156
train_acc,103,1767851749.9313655,64.58399963378906
train_acc,104,1767851786.2104902,64.7239990234375
train_acc,105,1767851822.4933794,64.91999816894531
train_acc,106,1767851858.9163594,64.58000183105469
train_acc,107,1767851895.2905846,64.5219955444336
train_acc,108,1767851931.6400907,64.51599884033203
train_acc,109,1767851968.044721,64.85800170898438
train_acc,110,1767852004.305348,64.70999908447266
train_acc,111,1767852040.7637281,64.79199981689453
train_acc,112,1767852077.2058296,64.97799682617188
train_acc,113,1767852113.595682,65.05400085449219
train_acc,114,1767852149.997623,65.11799621582031
train_acc,115,1767852186.3324327,64.85199737548828
train_acc,116,1767852222.6180432,65.09600067138672
train_acc,117,1767852258.928703,64.76799774169922
train_acc,118,1767852295.2399416,65.13999938964844
train_acc,119,1767852331.6567473,64.98600006103516
train_acc,120,1767852368.116622,64.84199523925781
train_acc,121,1767852404.3621385,65.052001953125
train_acc,122,1767852440.6441314,65.06600189208984
train_acc,123,1767852476.9693465,64.93599700927734
train_acc,124,1767852513.2763689,64.81199645996094
train_acc,125,1767852549.5571969,64.88600158691406
train_acc,126,1767852585.875777,64.87999725341797
train_acc,127,1767852622.3251154,65.16199493408203
train_acc,128,1767852658.61017,65.08399963378906
train_acc,129,1767852694.9367557,64.98600006103516
train_acc,130,1767852731.2856166,64.93999481201172
train_acc,131,1767852767.6658363,65.17399597167969
train_acc,132,1767852803.9869418,65.12799835205078
train_acc,133,1767852840.333316,64.99800109863281
train_acc,134,1767852876.6466064,65.26200103759766
train_acc,135,1767852913.0182238,65.3499984741211
train_acc,136,1767852949.4230394,65.44200134277344
train_acc,137,1767852985.7109776,65.30599975585938
train_acc,138,1767853022.078275,65.09600067138672
train_acc,139,1767853058.4619582,65.3759994506836
train_acc,140,1767853094.82503,64.95999908447266
train_acc,141,1767853131.1467466,65.44400024414062
train_acc,142,1767853167.4945176,65.33399963378906
train_acc,143,1767853203.8804173,65.30599975585938
train_acc,144,1767853240.1949694,65.06800079345703
train_acc,145,1767853276.4325013,65.29000091552734
train_acc,146,1767853312.704469,65.31999969482422
train_acc,147,1767853349.1522102,65.27400207519531
train_acc,148,1767853385.4156938,65.197998046875
train_acc,149,1767853421.6899216,65.47000122070312
train_acc,150,1767853457.9828222,65.36399841308594
train_acc,151,1767853494.310516,75.23999786376953
train_acc,152,1767853530.7573175,77.73600006103516
train_acc,153,1767853567.0963786,78.87200164794922
train_acc,154,1767853603.3856144,79.26200103759766
train_acc,155,1767853639.7499752,80.1240005493164
train_acc,156,1767853676.0828283,80.80799865722656
train_acc,157,1767853712.5021167,81.13600158691406
train_acc,158,1767853748.8251996,81.36399841308594
train_acc,159,1767853785.2668357,81.80599975585938
train_acc,160,1767853821.6860774,82.19999694824219
train_acc,161,1767853858.0319047,82.3740005493164
train_acc,162,1767853894.2978966,82.88399505615234
train_acc,163,1767853930.5622344,82.63399505615234
train_acc,164,1767853966.8117378,82.94400024414062
train_acc,165,1767854003.110702,83.06800079345703
train_acc,166,1767854039.4935596,83.0979995727539
train_acc,167,1767854076.0149076,83.36199951171875
train_acc,168,1767854112.3997192,83.2179946899414
train_acc,169,1767854148.766855,83.5739974975586
train_acc,170,1767854185.1074755,83.75799560546875
train_acc,171,1767854221.5336359,83.70600128173828
train_acc,172,1767854257.9967875,83.73400115966797
train_acc,173,1767854294.3750992,83.60199737548828
train_acc,174,1767854330.6784737,83.79399871826172
train_acc,175,1767854367.0778651,83.5739974975586
train_acc,176,1767854403.6587994,83.86000061035156
train_acc,177,1767854440.1527467,83.76399993896484
train_acc,178,1767854476.7972856,83.60599517822266
train_acc,179,1767854513.2995932,83.697998046875
train_acc,180,1767854549.8527281,83.9679946899414
train_acc,181,1767854586.3711114,87.24800109863281
train_acc,182,1767854622.854216,88.22599792480469
train_acc,183,1767854659.2353795,88.83599853515625
train_acc,184,1767854695.6319098,88.83399963378906
train_acc,185,1767854731.9763224,89.08399963378906
train_acc,186,1767854768.3309677,89.14199829101562
train_acc,187,1767854804.6495383,89.13399505615234
train_acc,188,1767854840.9271922,89.40599822998047
train_acc,189,1767854877.3699622,89.60399627685547
train_acc,190,1767854913.959727,89.46199798583984
train_acc,191,1767854950.531815,89.88599395751953
train_acc,192,1767854987.0579233,89.88399505615234
train_acc,193,1767855023.7113326,89.93999481201172
train_acc,194,1767855060.212864,89.98799896240234
train_acc,195,1767855096.6111662,89.97200012207031
train_acc,196,1767855132.9894137,90.36799621582031
train_acc,197,1767855169.3374426,90.26599884033203
train_acc,198,1767855205.5478482,90.41600036621094
train_acc,199,1767855241.7795298,90.45399475097656
train_acc,200,1767855280.0538332,90.61799621582031
train_acc,201,1767855321.5761743,90.63199615478516
train_acc,202,1767855357.9364913,90.54000091552734
train_acc,203,1767855394.2001019,90.56599426269531
train_acc,204,1767855430.4179738,90.78799438476562
train_acc,205,1767855466.6658723,90.75199890136719
train_acc,206,1767855502.996409,90.88999938964844
train_acc,207,1767855539.0997374,90.96399688720703
train_acc,208,1767855575.4308884,90.88599395751953
train_acc,209,1767855611.7751212,90.7760009765625
train_acc,210,1767855648.0864952,91.03199768066406
train_acc,211,1767855684.4049692,91.3479995727539
train_acc,212,1767855720.7777023,91.45600128173828
train_acc,213,1767855757.045157,91.61399841308594
train_acc,214,1767855793.3809302,91.54399871826172
train_acc,215,1767855829.7503412,91.43799591064453
train_acc,216,1767855866.072975,91.53399658203125
train_acc,217,1767855902.4153574,91.86799621582031
train_acc,218,1767855938.685599,91.53399658203125
train_acc,219,1767855975.040211,91.60799407958984
train_acc,220,1767856011.4164135,91.79199981689453
train_acc,221,1767856047.8212497,91.61199951171875
train_acc,222,1767856084.0317128,91.81199645996094
train_acc,223,1767856120.3223214,91.77999877929688
train_acc,224,1767856156.5154822,91.77399444580078
train_acc,225,1767856192.8458395,91.80199432373047
train_acc,226,1767856229.133652,91.81599426269531
train_acc,227,1767856265.4282813,91.64999389648438
train_acc,228,1767856301.698401,91.85599517822266
train_acc,229,1767856337.8778627,91.85399627685547
train_acc,230,1767856374.2536952,91.88599395751953
train_acc,231,1767856410.5633976,91.81800079345703
train_acc,232,1767856446.796863,91.69200134277344
train_acc,233,1767856483.231767,91.73199462890625
train_acc,234,1767856519.664926,91.85199737548828
train_acc,235,1767856555.9895215,91.7699966430664
train_acc,236,1767856592.315231,91.9020004272461
train_acc,237,1767856628.6744127,91.61199951171875
train_acc,238,1767856665.258001,91.8239974975586
train_acc,239,1767856701.595473,91.97200012207031
train_acc,240,1767856737.8595088,91.80999755859375
train_loss,1,1767805698.7692764,21.666160583496094
train_loss,1,1767848035.0406587,21.67487907409668
train_loss,2,1767805734.9007158,19.361713409423828
train_loss,2,1767848071.3155925,19.334440231323242
train_loss,3,1767805770.920812,17.026737213134766
train_loss,3,1767848107.7323868,17.082908630371094
train_loss,4,1767805806.7336442,14.794172286987305
train_loss,4,1767848144.1442485,14.837180137634277
train_loss,5,1767805842.5829794,13.274263381958008
train_loss,5,1767848180.5613656,13.289608001708984
train_loss,6,1767805878.6665416,12.337078094482422
train_loss,6,1767848217.0044665,12.33187198638916
train_loss,7,1767805914.6711917,11.541502952575684
train_loss,7,1767848253.4376466,11.579724311828613
train_loss,8,1767805950.8055282,10.81710433959961
train_loss,8,1767848289.8853376,10.879265785217285
train_loss,9,1767805986.8859036,10.374576568603516
train_loss,9,1767848326.2961574,10.42705249786377
train_loss,10,1767806022.8689177,10.021028518676758
train_loss,10,1767848362.6814446,10.069748878479004
train_loss,11,1767806058.9916172,9.707846641540527
train_loss,11,1767848399.0669143,9.776394844055176
train_loss,12,1767806095.0862927,9.459019660949707
train_loss,12,1767848435.509561,9.529332160949707
train_loss,13,1767806131.245594,9.274670600891113
train_loss,13,1767848471.9339886,9.335684776306152
train_loss,14,1767806167.3261423,9.096994400024414
train_loss,14,1767848508.3061597,9.150788307189941
train_loss,15,1767806203.3138185,8.99190902709961
train_loss,15,1767848544.653102,8.987881660461426
train_loss,16,1767806239.376424,8.853422164916992
train_loss,16,1767848581.1530015,8.873504638671875
train_loss,17,1767806275.4320996,8.743794441223145
train_loss,17,1767848617.6220326,8.76990032196045
train_loss,18,1767806311.524089,8.629679679870605
train_loss,18,1767848654.0703309,8.659632682800293
train_loss,19,1767806347.5229337,8.59605884552002
train_loss,19,1767848690.5526774,8.581478118896484
train_loss,20,1767806383.5558944,8.516871452331543
train_loss,20,1767848727.0702336,8.517532348632812
train_loss,21,1767806419.5757809,8.448195457458496
train_loss,21,1767848763.4667196,8.451375007629395
train_loss,22,1767806455.7052603,8.414581298828125
train_loss,22,1767848799.8621714,8.399065971374512
train_loss,23,1767806491.8899806,8.343358993530273
train_loss,23,1767848836.3214297,8.344206809997559
train_loss,24,1767806527.8753839,8.319759368896484
train_loss,24,1767848872.7666962,8.296895980834961
train_loss,25,1767806563.9922366,8.25920295715332
train_loss,25,1767848909.1998208,8.266895294189453
train_loss,26,1767806600.1454456,8.21921157836914
train_loss,26,1767848945.805199,8.232491493225098
train_loss,27,1767806636.0846877,8.165230751037598
train_loss,27,1767848982.2150836,8.188276290893555
train_loss,28,1767806672.1904109,8.140621185302734
train_loss,28,1767849018.6623085,8.143885612487793
train_loss,29,1767806708.232932,8.1157865524292
train_loss,29,1767849055.0944567,8.11412525177002
train_loss,30,1767806744.3717422,8.074695587158203
train_loss,30,1767849091.480994,8.083499908447266
train_loss,31,1767806780.341579,8.069039344787598
train_loss,31,1767849127.9075658,8.049378395080566
train_loss,32,1767806816.327405,8.038498878479004
train_loss,32,1767849164.3612757,8.031376838684082
train_loss,33,1767806852.2711844,8.033722877502441
train_loss,33,1767849200.6811728,8.026921272277832
train_loss,34,1767806888.0732017,8.001795768737793
train_loss,34,1767849237.0607877,8.004399299621582
train_loss,35,1767806924.0167003,8.01137924194336
train_loss,35,1767849273.6653898,7.9823689460754395
train_loss,36,1767806959.8972368,7.955078601837158
train_loss,36,1767849310.079944,7.968677520751953
train_loss,37,1767806995.7976286,7.9639105796813965
train_loss,37,1767849346.5334811,7.933104515075684
train_loss,38,1767807032.0339408,7.936311721801758
train_loss,38,1767849382.96963,7.91021203994751
train_loss,39,1767807068.1329145,7.8999505043029785
train_loss,39,1767849419.3578124,7.9192070960998535
train_loss,40,1767807104.150669,7.892423152923584
train_loss,40,1767849455.6608477,7.903942584991455
train_loss,41,1767807140.238752,7.880751609802246
train_loss,41,1767849492.021038,7.895356178283691
train_loss,42,1767807176.2403934,7.865760803222656
train_loss,42,1767849528.5882823,7.873130798339844
train_loss,43,1767807212.1379857,7.857776165008545
train_loss,43,1767849565.0244675,7.869859218597412
train_loss,44,1767807248.0126898,7.847651958465576
train_loss,44,1767849601.399698,7.839598655700684
train_loss,45,1767807283.9550004,7.850481986999512
train_loss,45,1767849637.9227087,7.8302106857299805
train_loss,46,1767807319.8385322,7.839818954467773
train_loss,46,1767849674.3627415,7.825295925140381
train_loss,47,1767807355.7874274,7.8286051750183105
train_loss,47,1767849710.735309,7.804074287414551
train_loss,48,1767807391.9102418,7.798677921295166
train_loss,48,1767849747.1748743,7.7986979484558105
train_loss,49,1767807427.9655473,7.787869453430176
train_loss,49,1767849783.542417,7.79856014251709
train_loss,50,1767807464.3114142,7.803769588470459
train_loss,50,1767849820.1175065,7.768103122711182
train_loss,51,1767807500.5923176,7.803907871246338
train_loss,51,1767849856.5845106,7.775857925415039
train_loss,52,1767807536.9217913,7.758017063140869
train_loss,52,1767849893.1090283,7.750204086303711
train_loss,53,1767807573.243854,7.751497745513916
train_loss,53,1767849929.5206861,7.741983890533447
train_loss,54,1767807609.4720075,7.747677803039551
train_loss,54,1767849966.0586467,7.743610858917236
train_loss,55,1767807645.790358,7.73810338973999
train_loss,55,1767850002.5211778,7.732489109039307
train_loss,56,1767807682.2117887,7.716870307922363
train_loss,56,1767850038.9942758,7.73982572555542
train_loss,57,1767807718.4916255,7.715847969055176
train_loss,57,1767850075.3519316,7.703679084777832
train_loss,58,1767807754.783041,7.7226481437683105
train_loss,58,1767850111.8503418,7.70778226852417
train_loss,59,1767807790.8794866,7.72212028503418
train_loss,59,1767850148.1627264,7.717928886413574
train_loss,60,1767807826.7005625,7.701148986816406
train_loss,60,1767850184.4845285,7.696212291717529
train_loss,61,1767807862.5529914,7.685372829437256
train_loss,61,1767850221.4614549,7.698313236236572
train_loss,62,1767807898.4219646,7.705390930175781
train_loss,62,1767850257.7543573,7.699826717376709
train_loss,63,1767807934.3425586,7.687990188598633
train_loss,63,1767850294.0670288,7.658050537109375
train_loss,64,1767807970.3445158,7.691738128662109
train_loss,64,1767850330.406959,7.693309307098389
train_loss,65,1767808006.3291306,7.677541732788086
train_loss,65,1767850366.7458327,7.664986610412598
train_loss,66,1767808042.4067595,7.670690536499023
train_loss,66,1767850403.0693896,7.656278610229492
train_loss,67,1767808078.8209689,7.661281585693359
train_loss,67,1767850439.4108922,7.6639084815979
train_loss,68,1767808115.1632822,7.641743183135986
train_loss,68,1767850475.7676961,7.6496663093566895
train_loss,69,1767808151.6066463,7.656353950500488
train_loss,69,1767850512.1906517,7.6428422927856445
train_loss,70,1767808187.9267013,7.66377067565918
train_loss,70,1767850548.4804695,7.632883071899414
train_loss,71,1767808224.2765665,7.6270670890808105
train_loss,71,1767850584.8848033,7.629063129425049
train_loss,72,1767808260.6011803,7.625999450683594
train_loss,72,1767850621.2400413,7.630470275878906
train_loss,73,1767808296.9015079,7.620212078094482
train_loss,73,1767850657.5886085,7.620431900024414
train_loss,74,1767808333.166725,7.616566181182861
train_loss,74,1767850693.9215827,7.632444381713867
train_loss,75,1767808369.5716374,7.6314263343811035
train_loss,75,1767850730.1300406,7.615091323852539
train_loss,76,1767808406.095868,7.600027561187744
train_loss,76,1767850766.837297,7.618435382843018
train_loss,77,1767808442.7015235,7.611754417419434
train_loss,77,1767850803.4465826,7.627289295196533
train_loss,78,1767808479.242757,7.615667819976807
train_loss,78,1767850840.1725743,7.616528511047363
train_loss,79,1767808516.1735165,7.612420558929443
train_loss,79,1767850877.2233608,7.6030402183532715
train_loss,80,1767808552.446945,7.599427700042725
train_loss,80,1767850913.5730252,7.584426403045654
train_loss,81,1767808588.4243903,7.614111423492432
train_loss,81,1767850949.9726393,7.61821174621582
train_loss,82,1767808624.3613386,7.592063903808594
train_loss,82,1767850986.3292947,7.580400466918945
train_loss,83,1767808660.2910275,7.596989631652832
train_loss,83,1767851022.621297,7.583251953125
train_loss,84,1767808696.2229683,7.583117485046387
train_loss,84,1767851058.9435544,7.57851505279541
train_loss,85,1767808732.1572964,7.560331344604492
train_loss,85,1767851095.2377584,7.572625160217285
train_loss,86,1767808768.1174214,7.582310676574707
train_loss,86,1767851131.6121593,7.574937343597412
train_loss,87,1767808804.0963788,7.552399635314941
train_loss,87,1767851168.0370002,7.56423282623291
train_loss,88,1767808839.9660242,7.565709590911865
train_loss,88,1767851204.3398006,7.562950134277344
train_loss,89,1767808875.939457,7.565601348876953
train_loss,89,1767851240.6888568,7.563721656799316
train_loss,90,1767808911.8779771,7.555678844451904
train_loss,90,1767851277.0844142,7.565976619720459
train_loss,91,1767808948.1586952,7.546877861022949
train_loss,91,1767851313.3891034,7.55607795715332
train_loss,92,1767808984.0447702,7.552644729614258
train_loss,92,1767851349.7625778,7.541365623474121
train_loss,93,1767809020.0099347,7.5400238037109375
train_loss,93,1767851386.1056392,7.546169281005859
train_loss,94,1767809055.8654103,7.517913341522217
train_loss,94,1767851422.6697023,7.548348426818848
train_loss,95,1767809091.6561303,7.528651237487793
train_loss,95,1767851458.9606748,7.542107105255127
train_loss,96,1767809127.5747502,7.541297435760498
train_loss,96,1767851495.331916,7.549358367919922
train_loss,97,1767809163.4817243,7.5389862060546875
train_loss,97,1767851531.786334,7.539249420166016
train_loss,98,1767809199.6824837,7.52692985534668
train_loss,98,1767851568.2803655,7.506436347961426
train_loss,99,1767809235.7091925,7.513591766357422
train_loss,99,1767851604.6637356,7.539463996887207
train_loss,100,1767809271.594143,7.528271675109863
train_loss,100,1767851641.072938,7.534317970275879
train_loss,101,1767809307.8667002,7.511497497558594
train_loss,101,1767851677.3065505,7.502839088439941
train_loss,102,1767809344.0163472,7.531660556793213
train_loss,102,1767851713.5808392,7.512338638305664
train_loss,103,1767809380.0640476,7.504090785980225
train_loss,103,1767851749.9314485,7.513311862945557
train_loss,104,1767851786.210574,7.514031887054443
train_loss,105,1767851822.493474,7.503176212310791
train_loss,106,1767851858.916431,7.518848419189453
train_loss,107,1767851895.2906752,7.530426025390625
train_loss,108,1767851931.6401787,7.520010948181152
train_loss,109,1767851968.0447953,7.49404764175415
train_loss,110,1767852004.3054314,7.494264602661133
train_loss,111,1767852040.7638288,7.4884934425354
train_loss,112,1767852077.2059178,7.492905616760254
train_loss,113,1767852113.5957646,7.486773490905762
train_loss,114,1767852149.9977055,7.478723526000977
train_loss,115,1767852186.3325179,7.4760026931762695
train_loss,116,1767852222.6181505,7.463625907897949
train_loss,117,1767852258.9287872,7.494109630584717
train_loss,118,1767852295.2400243,7.471412658691406
train_loss,119,1767852331.6568224,7.464580535888672
train_loss,120,1767852368.1167092,7.481567859649658
train_loss,121,1767852404.3622222,7.456526756286621
train_loss,122,1767852440.6442044,7.442953586578369
train_loss,123,1767852476.9694326,7.4594855308532715
train_loss,124,1767852513.276465,7.473748207092285
train_loss,125,1767852549.557277,7.473567008972168
train_loss,126,1767852585.8758483,7.46539831161499
train_loss,127,1767852622.3251967,7.460275650024414
train_loss,128,1767852658.6102612,7.445627689361572
train_loss,129,1767852694.9368348,7.46206521987915
train_loss,130,1767852731.2856972,7.4478864669799805
train_loss,131,1767852767.6659307,7.447264194488525
train_loss,132,1767852803.9870217,7.4434404373168945
train_loss,133,1767852840.3334103,7.4521379470825195
train_loss,134,1767852876.646688,7.432607173919678
train_loss,135,1767852913.0183096,7.426783561706543
train_loss,136,1767852949.423149,7.4241509437561035
train_loss,137,1767852985.7110846,7.412660121917725
train_loss,138,1767853022.078357,7.434364318847656
train_loss,139,1767853058.4620316,7.412509441375732
train_loss,140,1767853094.8251402,7.450197696685791
train_loss,141,1767853131.1468306,7.407980918884277
train_loss,142,1767853167.4946024,7.41657018661499
train_loss,143,1767853203.880511,7.409219741821289
train_loss,144,1767853240.1950533,7.432200908660889
train_loss,145,1767853276.432573,7.431904315948486
train_loss,146,1767853312.704552,7.415327072143555
train_loss,147,1767853349.1522934,7.4105963706970215
train_loss,148,1767853385.4157865,7.421220302581787
train_loss,149,1767853421.6899936,7.39808464050293
train_loss,150,1767853457.9829135,7.419618129730225
train_loss,151,1767853494.310596,6.371914386749268
train_loss,152,1767853530.7573905,5.88422966003418
train_loss,153,1767853567.0964704,5.630434513092041
train_loss,154,1767853603.3856983,5.494917869567871
train_loss,155,1767853639.7500803,5.383649826049805
train_loss,156,1767853676.0829186,5.289392948150635
train_loss,157,1767853712.502198,5.213948726654053
train_loss,158,1767853748.825282,5.158481121063232
train_loss,159,1767853785.2669084,5.112738609313965
train_loss,160,1767853821.6861675,5.070578575134277
train_loss,161,1767853858.0319884,5.033123970031738
train_loss,162,1767853894.2979758,4.9811601638793945
train_loss,163,1767853930.5623171,4.9708075523376465
train_loss,164,1767853966.8118293,4.946895599365234
train_loss,165,1767854003.110776,4.925044059753418
train_loss,166,1767854039.493646,4.913557052612305
train_loss,167,1767854076.0149975,4.883321285247803
train_loss,168,1767854112.399802,4.8759565353393555
train_loss,169,1767854148.7669437,4.864690780639648
train_loss,170,1767854185.1075578,4.8484883308410645
train_loss,171,1767854221.5337193,4.8407745361328125
train_loss,172,1767854257.9968708,4.839507102966309
train_loss,173,1767854294.375201,4.850040912628174
train_loss,174,1767854330.6785574,4.839669227600098
train_loss,175,1767854367.0779376,4.835840225219727
train_loss,176,1767854403.6588883,4.83717155456543
train_loss,177,1767854440.1528368,4.8236775398254395
train_loss,178,1767854476.7973702,4.843770980834961
train_loss,179,1767854513.2996807,4.839519023895264
train_loss,180,1767854549.8528137,4.827022552490234
train_loss,181,1767854586.371204,4.512402534484863
train_loss,182,1767854622.85429,4.35849666595459
train_loss,183,1767854659.235463,4.283343315124512
train_loss,184,1767854695.631999,4.248322010040283
train_loss,185,1767854731.9763968,4.216277122497559
train_loss,186,1767854768.3310516,4.197165012359619
train_loss,187,1767854804.6496286,4.183197498321533
train_loss,188,1767854840.9272726,4.1575703620910645
train_loss,189,1767854877.370043,4.136736869812012
train_loss,190,1767854913.959818,4.13972282409668
train_loss,191,1767854950.5318983,4.113668918609619
train_loss,192,1767854987.0579965,4.099554538726807
train_loss,193,1767855023.711424,4.092460632324219
train_loss,194,1767855060.2129562,4.086923599243164
train_loss,195,1767855096.6112435,4.082273960113525
train_loss,196,1767855132.9894972,4.061789512634277
train_loss,197,1767855169.3375251,4.064566612243652
train_loss,198,1767855205.5479283,4.056503772735596
train_loss,199,1767855241.7796218,4.042795658111572
train_loss,200,1767855280.0539255,4.028682708740234
train_loss,201,1767855321.5762591,4.026043891906738
train_loss,202,1767855357.9365742,4.021675109863281
train_loss,203,1767855394.2001894,4.017292022705078
train_loss,204,1767855430.4180825,4.01047420501709
train_loss,205,1767855466.6659467,3.9944117069244385
train_loss,206,1767855502.9964976,3.986276626586914
train_loss,207,1767855539.0998173,3.9842326641082764
train_loss,208,1767855575.4309614,3.984102249145508
train_loss,209,1767855611.7752008,3.9872045516967773
train_loss,210,1767855648.0865848,3.9676148891448975
train_loss,211,1767855684.4050436,3.9389760494232178
train_loss,212,1767855720.777795,3.922978401184082
train_loss,213,1767855757.045245,3.9073636531829834
train_loss,214,1767855793.3810127,3.9074459075927734
train_loss,215,1767855829.750426,3.9080288410186768
train_loss,216,1767855866.0730834,3.9104433059692383
train_loss,217,1767855902.4154456,3.8903939723968506
train_loss,218,1767855938.6856723,3.9015488624572754
train_loss,219,1767855975.0402925,3.8990509510040283
train_loss,220,1767856011.4164944,3.894859790802002
train_loss,221,1767856047.8213298,3.893749952316284
train_loss,222,1767856084.031796,3.893467903137207
train_loss,223,1767856120.3224037,3.892148494720459
train_loss,224,1767856156.5155573,3.891597032546997
train_loss,225,1767856192.845939,3.885645866394043
train_loss,226,1767856229.133741,3.8870081901550293
train_loss,227,1767856265.4283638,3.888172149658203
train_loss,228,1767856301.6984746,3.87630295753479
train_loss,229,1767856337.8779438,3.8762147426605225
train_loss,230,1767856374.2537742,3.87595272064209
train_loss,231,1767856410.5634813,3.8890671730041504
train_loss,232,1767856446.796952,3.8835642337799072
train_loss,233,1767856483.231849,3.887369155883789
train_loss,234,1767856519.6650062,3.8820056915283203
train_loss,235,1767856555.9896185,3.8784282207489014
train_loss,236,1767856592.315315,3.8769848346710205
train_loss,237,1767856628.6744952,3.8828372955322266
train_loss,238,1767856665.2580998,3.874577045440674
train_loss,239,1767856701.5955546,3.8708808422088623
train_loss,240,1767856737.8596017,3.8730111122131348
train_loss_cls,1,1767805698.7692914,4.057950973510742
train_loss_cls,1,1767848035.040674,4.075123310089111
train_loss_cls,2,1767805734.9007294,3.5064356327056885
train_loss_cls,2,1767848071.31561,3.5520780086517334
train_loss_cls,3,1767805770.9208252,3.021913528442383
train_loss_cls,3,1767848107.732404,3.085503339767456
train_loss_cls,4,1767805806.7336588,2.6451377868652344
train_loss_cls,4,1767848144.144266,2.653550624847412
train_loss_cls,5,1767805842.5829933,2.3540666103363037
train_loss_cls,5,1767848180.561379,2.3459532260894775
train_loss_cls,6,1767805878.6665576,2.1417973041534424
train_loss_cls,6,1767848217.0044806,2.1367275714874268
train_loss_cls,7,1767805914.671206,1.984208583831787
train_loss_cls,7,1767848253.4376605,1.9885108470916748
train_loss_cls,8,1767805950.8055432,1.869736671447754
train_loss_cls,8,1767848289.8853526,1.8699672222137451
train_loss_cls,9,1767805986.885917,1.7870047092437744
train_loss_cls,9,1767848326.2961736,1.794258952140808
train_loss_cls,10,1767806022.868931,1.7204062938690186
train_loss_cls,10,1767848362.681461,1.7222084999084473
train_loss_cls,11,1767806058.9916322,1.6606377363204956
train_loss_cls,11,1767848399.0669293,1.6713600158691406
train_loss_cls,12,1767806095.0863094,1.6223666667938232
train_loss_cls,12,1767848435.509575,1.6308151483535767
train_loss_cls,13,1767806131.245609,1.583665132522583
train_loss_cls,13,1767848471.9340034,1.5979623794555664
train_loss_cls,14,1767806167.3261561,1.5621514320373535
train_loss_cls,14,1767848508.306174,1.5654183626174927
train_loss_cls,15,1767806203.3138323,1.5445072650909424
train_loss_cls,15,1767848544.653121,1.5340555906295776
train_loss_cls,16,1767806239.3764384,1.520208477973938
train_loss_cls,16,1767848581.1530178,1.5173224210739136
train_loss_cls,17,1767806275.4321163,1.4991998672485352
train_loss_cls,17,1767848617.622049,1.4990648031234741
train_loss_cls,18,1767806311.5241098,1.4719732999801636
train_loss_cls,18,1767848654.0703464,1.4781711101531982
train_loss_cls,19,1767806347.5229475,1.4796383380889893
train_loss_cls,19,1767848690.5526912,1.4631905555725098
train_loss_cls,20,1767806383.5559075,1.4576960802078247
train_loss_cls,20,1767848727.0702486,1.4498741626739502
train_loss_cls,21,1767806419.5757952,1.4397718906402588
train_loss_cls,21,1767848763.4667344,1.4445720911026
train_loss_cls,22,1767806455.7052767,1.44253671169281
train_loss_cls,22,1767848799.8621893,1.423087239265442
train_loss_cls,23,1767806491.889994,1.4196218252182007
train_loss_cls,23,1767848836.3214438,1.415262222290039
train_loss_cls,24,1767806527.875397,1.4198461771011353
train_loss_cls,24,1767848872.7667127,1.4118973016738892
train_loss_cls,25,1767806563.992254,1.4066740274429321
train_loss_cls,25,1767848909.1998353,1.4080134630203247
train_loss_cls,26,1767806600.1454625,1.3954113721847534
train_loss_cls,26,1767848945.8052142,1.3993473052978516
train_loss_cls,27,1767806636.0847008,1.3820968866348267
train_loss_cls,27,1767848982.2151053,1.3913586139678955
train_loss_cls,28,1767806672.1904259,1.379142165184021
train_loss_cls,28,1767849018.6623247,1.3819698095321655
train_loss_cls,29,1767806708.2329454,1.3768577575683594
train_loss_cls,29,1767849055.0944808,1.3774935007095337
train_loss_cls,30,1767806744.371756,1.366138219833374
train_loss_cls,30,1767849091.481008,1.3636881113052368
train_loss_cls,31,1767806780.3415928,1.3682680130004883
train_loss_cls,31,1767849127.907582,1.357364296913147
train_loss_cls,32,1767806816.3274186,1.3589717149734497
train_loss_cls,32,1767849164.36129,1.358495831489563
train_loss_cls,33,1767806852.2712002,1.3562872409820557
train_loss_cls,33,1767849200.6811876,1.3583749532699585
train_loss_cls,34,1767806888.0732157,1.3503021001815796
train_loss_cls,34,1767849237.0608022,1.3507282733917236
train_loss_cls,35,1767806924.016714,1.3610193729400635
train_loss_cls,35,1767849273.6654074,1.3437283039093018
train_loss_cls,36,1767806959.897251,1.3364261388778687
train_loss_cls,36,1767849310.079958,1.3445600271224976
train_loss_cls,37,1767806995.7976432,1.3478258848190308
train_loss_cls,37,1767849346.5335019,1.3337311744689941
train_loss_cls,38,1767807032.0339546,1.3381129503250122
train_loss_cls,38,1767849382.9696467,1.330753207206726
train_loss_cls,39,1767807068.1329339,1.3266370296478271
train_loss_cls,39,1767849419.3578277,1.3361825942993164
train_loss_cls,40,1767807104.150683,1.3313595056533813
train_loss_cls,40,1767849455.6608617,1.3305323123931885
train_loss_cls,41,1767807140.2387662,1.3257390260696411
train_loss_cls,41,1767849492.0210521,1.3282051086425781
train_loss_cls,42,1767807176.240407,1.3225383758544922
train_loss_cls,42,1767849528.5882967,1.3250333070755005
train_loss_cls,43,1767807212.138,1.3209702968597412
train_loss_cls,43,1767849565.0244823,1.3259822130203247
train_loss_cls,44,1767807248.0127037,1.3162622451782227
train_loss_cls,44,1767849601.399714,1.309317708015442
train_loss_cls,45,1767807283.9550135,1.3197046518325806
train_loss_cls,45,1767849637.9227238,1.3109567165374756
train_loss_cls,46,1767807319.8385468,1.3140257596969604
train_loss_cls,46,1767849674.3627555,1.3109095096588135
train_loss_cls,47,1767807355.7874424,1.314121127128601
train_loss_cls,47,1767849710.7353265,1.30447518825531
train_loss_cls,48,1767807391.910256,1.3040610551834106
train_loss_cls,48,1767849747.1748888,1.3082901239395142
train_loss_cls,49,1767807427.9655626,1.3049241304397583
train_loss_cls,49,1767849783.542434,1.309779167175293
train_loss_cls,50,1767807464.311431,1.3131362199783325
train_loss_cls,50,1767849820.1175222,1.2948023080825806
train_loss_cls,51,1767807500.5923333,1.3167247772216797
train_loss_cls,51,1767849856.584525,1.304174542427063
train_loss_cls,52,1767807536.9218063,1.299710988998413
train_loss_cls,52,1767849893.109044,1.2914905548095703
train_loss_cls,53,1767807573.2438703,1.3006651401519775
train_loss_cls,53,1767849929.5207002,1.2898892164230347
train_loss_cls,54,1767807609.472021,1.2945493459701538
train_loss_cls,54,1767849966.0586624,1.2914379835128784
train_loss_cls,55,1767807645.7903752,1.2933241128921509
train_loss_cls,55,1767850002.521192,1.2926180362701416
train_loss_cls,56,1767807682.211802,1.2899399995803833
train_loss_cls,56,1767850038.9942913,1.2977646589279175
train_loss_cls,57,1767807718.4916408,1.291148066520691
train_loss_cls,57,1767850075.3519456,1.282956838607788
train_loss_cls,58,1767807754.7830803,1.294012427330017
train_loss_cls,58,1767850111.8503592,1.2846416234970093
train_loss_cls,59,1767807790.8794997,1.2889938354492188
train_loss_cls,59,1767850148.162742,1.286773681640625
train_loss_cls,60,1767807826.7005768,1.2841293811798096
train_loss_cls,60,1767850184.484543,1.2820208072662354
train_loss_cls,61,1767807862.5530052,1.280173420906067
train_loss_cls,61,1767850221.4614725,1.2814701795578003
train_loss_cls,62,1767807898.42198,1.2902367115020752
train_loss_cls,62,1767850257.754371,1.2860785722732544
train_loss_cls,63,1767807934.342574,1.2860652208328247
train_loss_cls,63,1767850294.0670433,1.269784927368164
train_loss_cls,64,1767807970.3445363,1.2897592782974243
train_loss_cls,64,1767850330.4069731,1.2921866178512573
train_loss_cls,65,1767808006.3291454,1.2817118167877197
train_loss_cls,65,1767850366.7458644,1.275901198387146
train_loss_cls,66,1767808042.4067755,1.2808846235275269
train_loss_cls,66,1767850403.0694036,1.2749580144882202
train_loss_cls,67,1767808078.8209841,1.2775331735610962
train_loss_cls,67,1767850439.4109066,1.2796878814697266
train_loss_cls,68,1767808115.163299,1.2738133668899536
train_loss_cls,68,1767850475.7677128,1.2730348110198975
train_loss_cls,69,1767808151.606661,1.2797393798828125
train_loss_cls,69,1767850512.1906655,1.2734111547470093
train_loss_cls,70,1767808187.9267166,1.2825343608856201
train_loss_cls,70,1767850548.480484,1.2702521085739136
train_loss_cls,71,1767808224.27658,1.2679078578948975
train_loss_cls,71,1767850584.8848193,1.2687640190124512
train_loss_cls,72,1767808260.6011949,1.265397071838379
train_loss_cls,72,1767850621.2400868,1.2677315473556519
train_loss_cls,73,1767808296.9015262,1.2709165811538696
train_loss_cls,73,1767850657.5886233,1.2650747299194336
train_loss_cls,74,1767808333.1667385,1.2694987058639526
train_loss_cls,74,1767850693.921598,1.2757220268249512
train_loss_cls,75,1767808369.5716527,1.275484323501587
train_loss_cls,75,1767850730.1300764,1.2658182382583618
train_loss_cls,76,1767808406.0958815,1.2621210813522339
train_loss_cls,76,1767850766.8373108,1.2724804878234863
train_loss_cls,77,1767808442.7015395,1.2655055522918701
train_loss_cls,77,1767850803.4466016,1.2701867818832397
train_loss_cls,78,1767808479.2427728,1.2675756216049194
train_loss_cls,78,1767850840.1725895,1.2679029703140259
train_loss_cls,79,1767808516.173532,1.268591284751892
train_loss_cls,79,1767850877.2233758,1.2621171474456787
train_loss_cls,80,1767808552.44696,1.2657057046890259
train_loss_cls,80,1767850913.5730407,1.258515477180481
train_loss_cls,81,1767808588.4244041,1.265714406967163
train_loss_cls,81,1767850949.9726534,1.2739741802215576
train_loss_cls,82,1767808624.361352,1.2615294456481934
train_loss_cls,82,1767850986.3293118,1.2571731805801392
train_loss_cls,83,1767808660.2910433,1.2675305604934692
train_loss_cls,83,1767851022.6213121,1.2594245672225952
train_loss_cls,84,1767808696.2229824,1.261734127998352
train_loss_cls,84,1767851058.94357,1.2567843198776245
train_loss_cls,85,1767808732.1573129,1.2555769681930542
train_loss_cls,85,1767851095.2377744,1.253702998161316
train_loss_cls,86,1767808768.1174352,1.263047695159912
train_loss_cls,86,1767851131.6121733,1.2597463130950928
train_loss_cls,87,1767808804.0963924,1.2524373531341553
train_loss_cls,87,1767851168.037014,1.2530022859573364
train_loss_cls,88,1767808839.9660375,1.2570797204971313
train_loss_cls,88,1767851204.3398154,1.2565258741378784
train_loss_cls,89,1767808875.939471,1.2579847574234009
train_loss_cls,89,1767851240.6888707,1.2554200887680054
train_loss_cls,90,1767808911.8779905,1.2562586069107056
train_loss_cls,90,1767851277.0844336,1.2564839124679565
train_loss_cls,91,1767808948.158709,1.2490779161453247
train_loss_cls,91,1767851313.3891225,1.2536156177520752
train_loss_cls,92,1767808984.0447853,1.2553558349609375
train_loss_cls,92,1767851349.7625937,1.250327229499817
train_loss_cls,93,1767809020.0099485,1.2536392211914062
train_loss_cls,93,1767851386.1056542,1.2554386854171753
train_loss_cls,94,1767809055.865426,1.2464627027511597
train_loss_cls,94,1767851422.6697176,1.255103588104248
train_loss_cls,95,1767809091.6561465,1.2484230995178223
train_loss_cls,95,1767851458.9606905,1.2446579933166504
train_loss_cls,96,1767809127.574765,1.2548803091049194
train_loss_cls,96,1767851495.3319309,1.2525385618209839
train_loss_cls,97,1767809163.4817398,1.2537734508514404
train_loss_cls,97,1767851531.7863517,1.2518569231033325
train_loss_cls,98,1767809199.6824992,1.2486293315887451
train_loss_cls,98,1767851568.2803805,1.243202567100525
train_loss_cls,99,1767809235.7092059,1.2426129579544067
train_loss_cls,99,1767851604.6637497,1.2520722150802612
train_loss_cls,100,1767809271.59416,1.2508903741836548
train_loss_cls,100,1767851641.0729516,1.2468308210372925
train_loss_cls,101,1767809307.8667154,1.2424858808517456
train_loss_cls,101,1767851677.3065684,1.2355467081069946
train_loss_cls,102,1767809344.016363,1.2500874996185303
train_loss_cls,102,1767851713.5808532,1.2450311183929443
train_loss_cls,103,1767809380.0644877,1.2429778575897217
train_loss_cls,103,1767851749.9314635,1.2472779750823975
train_loss_cls,104,1767851786.2105882,1.2490595579147339
train_loss_cls,105,1767851822.493494,1.2409263849258423
train_loss_cls,106,1767851858.9164455,1.252487301826477
train_loss_cls,107,1767851895.2906911,1.2515102624893188
train_loss_cls,108,1767851931.6401951,1.2465324401855469
train_loss_cls,109,1767851968.0448098,1.2376772165298462
train_loss_cls,110,1767852004.3054454,1.2426097393035889
train_loss_cls,111,1767852040.7638462,1.2389769554138184
train_loss_cls,112,1767852077.2059336,1.2404756546020508
train_loss_cls,113,1767852113.5957785,1.2396742105484009
train_loss_cls,114,1767852149.9977195,1.2367337942123413
train_loss_cls,115,1767852186.332532,1.237781286239624
train_loss_cls,116,1767852222.6181679,1.232134461402893
train_loss_cls,117,1767852258.9288013,1.2483526468276978
train_loss_cls,118,1767852295.2400382,1.2348881959915161
train_loss_cls,119,1767852331.6568365,1.2329500913619995
train_loss_cls,120,1767852368.1167233,1.2389599084854126
train_loss_cls,121,1767852404.3622355,1.2325242757797241
train_loss_cls,122,1767852440.6442184,1.22898530960083
train_loss_cls,123,1767852476.9694464,1.23794424533844
train_loss_cls,124,1767852513.276481,1.2397929430007935
train_loss_cls,125,1767852549.557291,1.2377207279205322
train_loss_cls,126,1767852585.8758621,1.236419677734375
train_loss_cls,127,1767852622.3252127,1.2342618703842163
train_loss_cls,128,1767852658.6102781,1.2312021255493164
train_loss_cls,129,1767852694.9368494,1.2346898317337036
train_loss_cls,130,1767852731.2857118,1.2334271669387817
train_loss_cls,131,1767852767.6659448,1.2291775941848755
train_loss_cls,132,1767852803.9870377,1.231191635131836
train_loss_cls,133,1767852840.333427,1.2377173900604248
train_loss_cls,134,1767852876.6467016,1.2240480184555054
train_loss_cls,135,1767852913.0183234,1.2255562543869019
train_loss_cls,136,1767852949.4231648,1.2282562255859375
train_loss_cls,137,1767852985.7111044,1.2244681119918823
train_loss_cls,138,1767853022.078371,1.2348881959915161
train_loss_cls,139,1767853058.4620457,1.2236673831939697
train_loss_cls,140,1767853094.8251548,1.2364829778671265
train_loss_cls,141,1767853131.1468441,1.2213093042373657
train_loss_cls,142,1767853167.4946165,1.2281280755996704
train_loss_cls,143,1767853203.8805282,1.2260210514068604
train_loss_cls,144,1767853240.195562,1.2298539876937866
train_loss_cls,145,1767853276.4325871,1.224478840827942
train_loss_cls,146,1767853312.7045658,1.2241909503936768
train_loss_cls,147,1767853349.1523068,1.2253934144973755
train_loss_cls,148,1767853385.4158027,1.2261414527893066
train_loss_cls,149,1767853421.6900082,1.2192803621292114
train_loss_cls,150,1767853457.9829292,1.2316193580627441
train_loss_cls,151,1767853494.3106093,0.8668105006217957
train_loss_cls,152,1767853530.7574043,0.7733935713768005
train_loss_cls,153,1767853567.0964859,0.7292836308479309
train_loss_cls,154,1767853603.385712,0.7093212604522705
train_loss_cls,155,1767853639.7500985,0.6866448521614075
train_loss_cls,156,1767853676.0829346,0.6625607013702393
train_loss_cls,157,1767853712.5022118,0.647148072719574
train_loss_cls,158,1767853748.8252969,0.635527491569519
train_loss_cls,159,1767853785.2669225,0.6267424821853638
train_loss_cls,160,1767853821.6861832,0.6152773499488831
train_loss_cls,161,1767853858.032003,0.6076522469520569
train_loss_cls,162,1767853894.2979906,0.592512309551239
train_loss_cls,163,1767853930.562331,0.5914254784584045
train_loss_cls,164,1767853966.8118443,0.5867564678192139
train_loss_cls,165,1767854003.1107905,0.5794359445571899
train_loss_cls,166,1767854039.4936595,0.5778641104698181
train_loss_cls,167,1767854076.015013,0.5686457753181458
train_loss_cls,168,1767854112.399815,0.5703303217887878
train_loss_cls,169,1767854148.7669585,0.5651750564575195
train_loss_cls,170,1767854185.1075723,0.5578039884567261
train_loss_cls,171,1767854221.5337327,0.5582684278488159
train_loss_cls,172,1767854257.9968863,0.5589202046394348
train_loss_cls,173,1767854294.3752184,0.5630505084991455
train_loss_cls,174,1767854330.678571,0.5575946569442749
train_loss_cls,175,1767854367.077951,0.5579794049263
train_loss_cls,176,1767854403.6589034,0.5585752725601196
train_loss_cls,177,1767854440.1528523,0.5512055158615112
train_loss_cls,178,1767854476.7973864,0.5600697994232178
train_loss_cls,179,1767854513.299696,0.5553082823753357
train_loss_cls,180,1767854549.8528275,0.5510852932929993
train_loss_cls,181,1767854586.3712199,0.4477252960205078
train_loss_cls,182,1767854622.854304,0.4179222285747528
train_loss_cls,183,1767854659.2354772,0.4010978937149048
train_loss_cls,184,1767854695.6320143,0.39618292450904846
train_loss_cls,185,1767854731.9764102,0.3917023539543152
train_loss_cls,186,1767854768.3311367,0.3868696093559265
train_loss_cls,187,1767854804.6496434,0.38383808732032776
train_loss_cls,188,1767854840.927287,0.3745194971561432
train_loss_cls,189,1767854877.3701208,0.3696764409542084
train_loss_cls,190,1767854913.9598331,0.37324509024620056
train_loss_cls,191,1767854950.5319118,0.36396899819374084
train_loss_cls,192,1767854987.0580115,0.36206570267677307
train_loss_cls,193,1767855023.7114396,0.3595907986164093
train_loss_cls,194,1767855060.2129743,0.3594186007976532
train_loss_cls,195,1767855096.6112578,0.357010155916214
train_loss_cls,196,1767855132.9895117,0.3487092852592468
train_loss_cls,197,1767855169.3375394,0.35150864720344543
train_loss_cls,198,1767855205.5479438,0.34837955236434937
train_loss_cls,199,1767855241.779637,0.34625178575515747
train_loss_cls,200,1767855280.0539389,0.3394711911678314
train_loss_cls,201,1767855321.5762763,0.34069398045539856
train_loss_cls,202,1767855357.9365883,0.339191198348999
train_loss_cls,203,1767855394.2002046,0.33765479922294617
train_loss_cls,204,1767855430.4181025,0.3350493311882019
train_loss_cls,205,1767855466.6659613,0.3308069705963135
train_loss_cls,206,1767855502.9965124,0.32917138934135437
train_loss_cls,207,1767855539.099831,0.3283594250679016
train_loss_cls,208,1767855575.4309752,0.3293222188949585
train_loss_cls,209,1767855611.7752144,0.3304368555545807
train_loss_cls,210,1767855648.0865996,0.3225002884864807
train_loss_cls,211,1767855684.40508,0.3150779604911804
train_loss_cls,212,1767855720.777814,0.31084758043289185
train_loss_cls,213,1767855757.0452597,0.3052860200405121
train_loss_cls,214,1767855793.3810263,0.3088025748729706
train_loss_cls,215,1767855829.7504416,0.3094848394393921
train_loss_cls,216,1767855866.0731008,0.31115877628326416
train_loss_cls,217,1767855902.415465,0.29998543858528137
train_loss_cls,218,1767855938.685686,0.30740559101104736
train_loss_cls,219,1767855975.0403059,0.3050835132598877
train_loss_cls,220,1767856011.4165077,0.30337977409362793
train_loss_cls,221,1767856047.8213453,0.3041304349899292
train_loss_cls,222,1767856084.0318103,0.3057483732700348
train_loss_cls,223,1767856120.3224173,0.30370354652404785
train_loss_cls,224,1767856156.515571,0.3041127026081085
train_loss_cls,225,1767856192.845954,0.301003098487854
train_loss_cls,226,1767856229.133756,0.30218300223350525
train_loss_cls,227,1767856265.4283779,0.3051961660385132
train_loss_cls,228,1767856301.698489,0.2995658218860626
train_loss_cls,229,1767856337.877957,0.2985619604587555
train_loss_cls,230,1767856374.253788,0.2993849217891693
train_loss_cls,231,1767856410.5634964,0.3044482171535492
train_loss_cls,232,1767856446.7969682,0.30150073766708374
train_loss_cls,233,1767856483.2318623,0.30473852157592773
train_loss_cls,234,1767856519.6650207,0.300491064786911
train_loss_cls,235,1767856555.9896333,0.29942047595977783
train_loss_cls,236,1767856592.3153286,0.29769086837768555
train_loss_cls,237,1767856628.6745088,0.30192193388938904
train_loss_cls,238,1767856665.2581158,0.2988051474094391
train_loss_cls,239,1767856701.595568,0.29704609513282776
train_loss_cls,240,1767856737.8596165,0.2995971143245697
train_loss_div,1,1767805698.7693024,0.0
train_loss_div,1,1767848035.0406854,0.0
train_loss_div,2,1767805734.9007397,0.0
train_loss_div,2,1767848071.3156238,0.0
train_loss_div,3,1767805770.9208357,0.0
train_loss_div,3,1767848107.7324183,0.0
train_loss_div,4,1767805806.7336707,0.0
train_loss_div,4,1767848144.1442797,0.0
train_loss_div,5,1767805842.5830038,0.0
train_loss_div,5,1767848180.561391,0.0
train_loss_div,6,1767805878.6665688,0.0
train_loss_div,6,1767848217.0044916,0.0
train_loss_div,7,1767805914.6712167,0.0
train_loss_div,7,1767848253.4376712,0.0
train_loss_div,8,1767805950.8055534,0.0
train_loss_div,8,1767848289.8853633,0.0
train_loss_div,9,1767805986.8859277,0.0
train_loss_div,9,1767848326.2961843,0.0
train_loss_div,10,1767806022.8689413,0.0
train_loss_div,10,1767848362.681473,0.0
train_loss_div,11,1767806058.9916427,0.0
train_loss_div,11,1767848399.0669415,0.0
train_loss_div,12,1767806095.0863228,0.0
train_loss_div,12,1767848435.5095854,0.0
train_loss_div,13,1767806131.2456195,0.0
train_loss_div,13,1767848471.9340158,0.0
train_loss_div,14,1767806167.3261666,0.0
train_loss_div,14,1767848508.3061848,0.0
train_loss_div,15,1767806203.3138576,0.0
train_loss_div,15,1767848544.6531348,0.0
train_loss_div,16,1767806239.3764489,0.0
train_loss_div,16,1767848581.1530297,0.0
train_loss_div,17,1767806275.432128,0.0
train_loss_div,17,1767848617.622123,0.0
train_loss_div,18,1767806311.524124,0.0
train_loss_div,18,1767848654.0703573,0.0
train_loss_div,19,1767806347.522958,0.0
train_loss_div,19,1767848690.5527027,0.0
train_loss_div,20,1767806383.5559185,0.0
train_loss_div,20,1767848727.0702596,0.0
train_loss_div,21,1767806419.575806,0.0
train_loss_div,21,1767848763.4667459,0.0
train_loss_div,22,1767806455.7052903,0.0
train_loss_div,22,1767848799.862203,0.0
train_loss_div,23,1767806491.8900042,0.0
train_loss_div,23,1767848836.3214543,0.0
train_loss_div,24,1767806527.8754075,0.0
train_loss_div,24,1767848872.7667236,0.0
train_loss_div,25,1767806563.9922674,0.0
train_loss_div,25,1767848909.1998472,0.0
train_loss_div,26,1767806600.1454754,0.0
train_loss_div,26,1767848945.805226,0.0
train_loss_div,27,1767806636.0847118,0.0
train_loss_div,27,1767848982.215118,0.0
train_loss_div,28,1767806672.1904364,0.0
train_loss_div,28,1767849018.6623368,0.0
train_loss_div,29,1767806708.232956,0.0
train_loss_div,29,1767849055.0944974,0.0
train_loss_div,30,1767806744.3717663,0.0
train_loss_div,30,1767849091.4810183,0.0
train_loss_div,31,1767806780.3416033,0.0
train_loss_div,31,1767849127.9075935,0.0
train_loss_div,32,1767806816.3274288,0.0
train_loss_div,32,1767849164.3613012,0.0
train_loss_div,33,1767806852.2712116,0.0
train_loss_div,33,1767849200.6811986,0.0
train_loss_div,34,1767806888.0732262,0.0
train_loss_div,34,1767849237.0608127,0.0
train_loss_div,35,1767806924.0167248,0.0
train_loss_div,35,1767849273.6654215,0.0
train_loss_div,36,1767806959.8972614,0.0
train_loss_div,36,1767849310.0799685,0.0
train_loss_div,37,1767806995.7976537,0.0
train_loss_div,37,1767849346.5335195,0.0
train_loss_div,38,1767807032.0339653,0.0
train_loss_div,38,1767849382.9696584,0.0
train_loss_div,39,1767807068.1329498,0.0
train_loss_div,39,1767849419.357849,0.0
train_loss_div,40,1767807104.1506934,0.0
train_loss_div,40,1767849455.6608722,0.0
train_loss_div,41,1767807140.238777,0.0
train_loss_div,41,1767849492.0215206,0.0
train_loss_div,42,1767807176.2404175,0.0
train_loss_div,42,1767849528.5883071,0.0
train_loss_div,43,1767807212.1380112,0.0
train_loss_div,43,1767849565.024493,0.0
train_loss_div,44,1767807248.012715,0.0
train_loss_div,44,1767849601.3997247,0.0
train_loss_div,45,1767807283.9550242,0.0
train_loss_div,45,1767849637.9227352,0.0
train_loss_div,46,1767807319.8385575,0.0
train_loss_div,46,1767849674.362766,0.0
train_loss_div,47,1767807355.7874527,0.0
train_loss_div,47,1767849710.7353404,0.0
train_loss_div,48,1767807391.9102666,0.0
train_loss_div,48,1767849747.1748998,0.0
train_loss_div,49,1767807427.9655733,0.0
train_loss_div,49,1767849783.542445,0.0
train_loss_div,50,1767807464.3114445,0.0
train_loss_div,50,1767849820.1175337,0.0
train_loss_div,51,1767807500.5923452,0.0
train_loss_div,51,1767849856.5845358,0.0
train_loss_div,52,1767807536.921817,0.0
train_loss_div,52,1767849893.1090775,0.0
train_loss_div,53,1767807573.2438812,0.0
train_loss_div,53,1767849929.5207107,0.0
train_loss_div,54,1767807609.4720316,0.0
train_loss_div,54,1767849966.0586731,0.0
train_loss_div,55,1767807645.7903914,0.0
train_loss_div,55,1767850002.521203,0.0
train_loss_div,56,1767807682.2118132,0.0
train_loss_div,56,1767850038.994302,0.0
train_loss_div,57,1767807718.4916513,0.0
train_loss_div,57,1767850075.3519561,0.0
train_loss_div,58,1767807754.7830958,0.0
train_loss_div,58,1767850111.850373,0.0
train_loss_div,59,1767807790.87951,0.0
train_loss_div,59,1767850148.162754,0.0
train_loss_div,60,1767807826.7005873,0.0
train_loss_div,60,1767850184.4845538,0.0
train_loss_div,61,1767807862.553016,0.0
train_loss_div,61,1767850221.461484,0.0
train_loss_div,62,1767807898.4219902,0.0
train_loss_div,62,1767850257.7543817,0.0
train_loss_div,63,1767807934.342584,0.0
train_loss_div,63,1767850294.0670772,0.0
train_loss_div,64,1767807970.3445547,0.0
train_loss_div,64,1767850330.4069836,0.0
train_loss_div,65,1767808006.329156,0.0
train_loss_div,65,1767850366.7458766,0.0
train_loss_div,66,1767808042.4067886,0.0
train_loss_div,66,1767850403.0694153,0.0
train_loss_div,67,1767808078.8209949,0.0
train_loss_div,67,1767850439.4109175,0.0
train_loss_div,68,1767808115.1633127,0.0
train_loss_div,68,1767850475.7677264,0.0
train_loss_div,69,1767808151.6066716,0.0
train_loss_div,69,1767850512.1906765,0.0
train_loss_div,70,1767808187.926727,0.0
train_loss_div,70,1767850548.4804945,0.0
train_loss_div,71,1767808224.2765906,0.0
train_loss_div,71,1767850584.88483,0.0
train_loss_div,72,1767808260.6012053,0.0
train_loss_div,72,1767850621.2401056,0.0
train_loss_div,73,1767808296.90154,0.0
train_loss_div,73,1767850657.5886338,0.0
train_loss_div,74,1767808333.1667495,0.0
train_loss_div,74,1767850693.921609,0.0
train_loss_div,75,1767808369.5716634,0.0
train_loss_div,75,1767850730.1300948,0.0
train_loss_div,76,1767808406.095892,0.0
train_loss_div,76,1767850766.8373215,0.0
train_loss_div,77,1767808442.7015505,0.0
train_loss_div,77,1767850803.446613,0.0
train_loss_div,78,1767808479.242784,0.0
train_loss_div,78,1767850840.172601,0.0
train_loss_div,79,1767808516.1735427,0.0
train_loss_div,79,1767850877.2233865,0.0
train_loss_div,80,1767808552.4469705,0.0
train_loss_div,80,1767850913.5730515,0.0
train_loss_div,81,1767808588.4244153,0.0
train_loss_div,81,1767850949.972664,0.0
train_loss_div,82,1767808624.3613622,0.0
train_loss_div,82,1767850986.329326,0.0
train_loss_div,83,1767808660.2910538,0.0
train_loss_div,83,1767851022.6213238,0.0
train_loss_div,84,1767808696.222993,0.0
train_loss_div,84,1767851058.9435816,0.0
train_loss_div,85,1767808732.1573238,0.0
train_loss_div,85,1767851095.237785,0.0
train_loss_div,86,1767808768.1174457,0.0
train_loss_div,86,1767851131.612184,0.0
train_loss_div,87,1767808804.096403,0.0
train_loss_div,87,1767851168.0370247,0.0
train_loss_div,88,1767808839.9660478,0.0
train_loss_div,88,1767851204.3398263,0.0
train_loss_div,89,1767808875.9394815,0.0
train_loss_div,89,1767851240.6888816,0.0
train_loss_div,90,1767808911.8780012,0.0
train_loss_div,90,1767851277.0844493,0.0
train_loss_div,91,1767808948.1587195,0.0
train_loss_div,91,1767851313.3891363,0.0
train_loss_div,92,1767808984.0447958,0.0
train_loss_div,92,1767851349.7626045,0.0
train_loss_div,93,1767809020.009959,0.0
train_loss_div,93,1767851386.1056662,0.0
train_loss_div,94,1767809055.8654373,0.0
train_loss_div,94,1767851422.6697295,0.0
train_loss_div,95,1767809091.6561573,0.0
train_loss_div,95,1767851458.9607024,0.0
train_loss_div,96,1767809127.5747757,0.0
train_loss_div,96,1767851495.3319418,0.0
train_loss_div,97,1767809163.4817507,0.0
train_loss_div,97,1767851531.7863655,0.0
train_loss_div,98,1767809199.68251,0.0
train_loss_div,98,1767851568.2803924,0.0
train_loss_div,99,1767809235.709216,0.0
train_loss_div,99,1767851604.6637604,0.0
train_loss_div,100,1767809271.5941737,0.0
train_loss_div,100,1767851641.0729632,0.0
train_loss_div,101,1767809307.8667262,0.0
train_loss_div,101,1767851677.3065836,0.0
train_loss_div,102,1767809344.016374,0.0
train_loss_div,102,1767851713.5808647,0.0
train_loss_div,103,1767809380.0645037,0.0
train_loss_div,103,1767851749.9314752,0.0
train_loss_div,104,1767851786.2105992,0.0
train_loss_div,105,1767851822.493511,0.0
train_loss_div,106,1767851858.9164562,0.0
train_loss_div,107,1767851895.2907019,0.0
train_loss_div,108,1767851931.6402068,0.0
train_loss_div,109,1767851968.0448213,0.0
train_loss_div,110,1767852004.3054562,0.0
train_loss_div,111,1767852040.7638597,0.0
train_loss_div,112,1767852077.205944,0.0
train_loss_div,113,1767852113.595789,0.0
train_loss_div,114,1767852149.9977298,0.0
train_loss_div,115,1767852186.3325424,0.0
train_loss_div,116,1767852222.6181817,0.0
train_loss_div,117,1767852258.9288118,0.0
train_loss_div,118,1767852295.2400491,0.0
train_loss_div,119,1767852331.656847,0.0
train_loss_div,120,1767852368.1167338,0.0
train_loss_div,121,1767852404.362246,0.0
train_loss_div,122,1767852440.644229,0.0
train_loss_div,123,1767852476.9694574,0.0
train_loss_div,124,1767852513.2764926,0.0
train_loss_div,125,1767852549.5573015,0.0
train_loss_div,126,1767852585.8758729,0.0
train_loss_div,127,1767852622.3252244,0.0
train_loss_div,128,1767852658.6102917,0.0
train_loss_div,129,1767852694.9368594,0.0
train_loss_div,130,1767852731.2857218,0.0
train_loss_div,131,1767852767.665955,0.0
train_loss_div,132,1767852803.9870486,0.0
train_loss_div,133,1767852840.33344,0.0
train_loss_div,134,1767852876.6467118,0.0
train_loss_div,135,1767852913.0183337,0.0
train_loss_div,136,1767852949.423176,0.0
train_loss_div,137,1767852985.7111156,0.0
train_loss_div,138,1767853022.0783815,0.0
train_loss_div,139,1767853058.4620802,0.0
train_loss_div,140,1767853094.8251657,0.0
train_loss_div,141,1767853131.1468542,0.0
train_loss_div,142,1767853167.494627,0.0
train_loss_div,143,1767853203.8805413,0.0
train_loss_div,144,1767853240.195578,0.0
train_loss_div,145,1767853276.4325979,0.0
train_loss_div,146,1767853312.704576,0.0
train_loss_div,147,1767853349.152317,0.0
train_loss_div,148,1767853385.4158134,0.0
train_loss_div,149,1767853421.6900187,0.0
train_loss_div,150,1767853457.98294,0.0
train_loss_div,151,1767853494.3106198,0.0
train_loss_div,152,1767853530.7574146,0.0
train_loss_div,153,1767853567.096496,0.0
train_loss_div,154,1767853603.3857222,0.0
train_loss_div,155,1767853639.7501128,0.0
train_loss_div,156,1767853676.082945,0.0
train_loss_div,157,1767853712.5022223,0.0
train_loss_div,158,1767853748.8253074,0.0
train_loss_div,159,1767853785.2669332,0.0
train_loss_div,160,1767853821.6861937,0.0
train_loss_div,161,1767853858.0320134,0.0
train_loss_div,162,1767853894.2980008,0.0
train_loss_div,163,1767853930.5623412,0.0
train_loss_div,164,1767853966.811855,0.0
train_loss_div,165,1767854003.1108007,0.0
train_loss_div,166,1767854039.4936693,0.0
train_loss_div,167,1767854076.0150235,0.0
train_loss_div,168,1767854112.3998258,0.0
train_loss_div,169,1767854148.7669687,0.0
train_loss_div,170,1767854185.1075826,0.0
train_loss_div,171,1767854221.533743,0.0
train_loss_div,172,1767854257.9968967,0.0
train_loss_div,173,1767854294.3752291,0.0
train_loss_div,174,1767854330.6785812,0.0
train_loss_div,175,1767854367.0779614,0.0
train_loss_div,176,1767854403.6589148,0.0
train_loss_div,177,1767854440.152863,0.0
train_loss_div,178,1767854476.7973995,0.0
train_loss_div,179,1767854513.2997065,0.0
train_loss_div,180,1767854549.8528378,0.0
train_loss_div,181,1767854586.371233,0.0
train_loss_div,182,1767854622.8543148,0.0
train_loss_div,183,1767854659.2354872,0.0
train_loss_div,184,1767854695.6320248,0.0
train_loss_div,185,1767854731.9764204,0.0
train_loss_div,186,1767854768.331149,0.0
train_loss_div,187,1767854804.6496537,0.0
train_loss_div,188,1767854840.9272983,0.0
train_loss_div,189,1767854877.370141,0.0
train_loss_div,190,1767854913.9598434,0.0
train_loss_div,191,1767854950.5319219,0.0
train_loss_div,192,1767854987.0580235,0.0
train_loss_div,193,1767855023.7114549,0.0
train_loss_div,194,1767855060.2129865,0.0
train_loss_div,195,1767855096.611268,0.0
train_loss_div,196,1767855132.9895225,0.0
train_loss_div,197,1767855169.3375504,0.0
train_loss_div,198,1767855205.5479543,0.0
train_loss_div,199,1767855241.7796474,0.0
train_loss_div,200,1767855280.053949,0.0
train_loss_div,201,1767855321.5762892,0.0
train_loss_div,202,1767855357.9365985,0.0
train_loss_div,203,1767855394.2002149,0.0
train_loss_div,204,1767855430.4181159,0.0
train_loss_div,205,1767855466.665973,0.0
train_loss_div,206,1767855502.996523,0.0
train_loss_div,207,1767855539.0998414,0.0
train_loss_div,208,1767855575.4309857,0.0
train_loss_div,209,1767855611.775225,0.0
train_loss_div,210,1767855648.0866103,0.0
train_loss_div,211,1767855684.4050999,0.0
train_loss_div,212,1767855720.7778285,0.0
train_loss_div,213,1767855757.04527,0.0
train_loss_div,214,1767855793.3810363,0.0
train_loss_div,215,1767855829.750453,0.0
train_loss_div,216,1767855866.0731118,0.0
train_loss_div,217,1767855902.4154763,0.0
train_loss_div,218,1767855938.685697,0.0
train_loss_div,219,1767855975.040316,0.0
train_loss_div,220,1767856011.416518,0.0
train_loss_div,221,1767856047.8213563,0.0
train_loss_div,222,1767856084.0318213,0.0
train_loss_div,223,1767856120.3224277,0.0
train_loss_div,224,1767856156.515583,0.0
train_loss_div,225,1767856192.8459644,0.0
train_loss_div,226,1767856229.1337667,0.0
train_loss_div,227,1767856265.4283888,0.0
train_loss_div,228,1767856301.6984997,0.0
train_loss_div,229,1767856337.8779674,0.0
train_loss_div,230,1767856374.2537978,0.0
train_loss_div,231,1767856410.5635066,0.0
train_loss_div,232,1767856446.796979,0.0
train_loss_div,233,1767856483.2318726,0.0
train_loss_div,234,1767856519.665031,0.0
train_loss_div,235,1767856555.9896438,0.0
train_loss_div,236,1767856592.3153389,0.0
train_loss_div,237,1767856628.6745188,0.0
train_loss_div,238,1767856665.2581263,0.0
train_loss_div,239,1767856701.5955782,0.0
train_loss_div,240,1767856737.8596272,0.0
train_loss_kd,1,1767805698.769312,17.60820960998535
train_loss_kd,1,1767848035.0406961,17.599756240844727
train_loss_kd,2,1767805734.90075,15.855278015136719
train_loss_kd,2,1767848071.3156374,15.78236198425293
train_loss_kd,3,1767805770.9208453,14.004822731018066
train_loss_kd,3,1767848107.7324328,13.997405052185059
train_loss_kd,4,1767805806.7336807,12.14903450012207
train_loss_kd,4,1767848144.144293,12.183629035949707
train_loss_kd,5,1767805842.5830135,10.920197486877441
train_loss_kd,5,1767848180.5614018,10.943655014038086
train_loss_kd,6,1767805878.6665797,10.195280075073242
train_loss_kd,6,1767848217.0045016,10.195143699645996
train_loss_kd,7,1767805914.6712267,9.557293891906738
train_loss_kd,7,1767848253.4376814,9.59121322631836
train_loss_kd,8,1767805950.8055637,8.947367668151855
train_loss_kd,8,1767848289.8853736,9.009298324584961
train_loss_kd,9,1767805986.8859377,8.58757209777832
train_loss_kd,9,1767848326.2961943,8.632793426513672
train_loss_kd,10,1767806022.8689513,8.30062198638916
train_loss_kd,10,1767848362.681484,8.347539901733398
train_loss_kd,11,1767806058.9916523,8.047208786010742
train_loss_kd,11,1767848399.066953,8.105033874511719
train_loss_kd,12,1767806095.0863357,7.836652755737305
train_loss_kd,12,1767848435.5095954,7.89851713180542
train_loss_kd,13,1767806131.2456295,7.691005706787109
train_loss_kd,13,1767848471.9340272,7.737722396850586
train_loss_kd,14,1767806167.3261762,7.534842491149902
train_loss_kd,14,1767848508.3061948,7.585370063781738
train_loss_kd,15,1767806203.3138688,7.447401523590088
train_loss_kd,15,1767848544.653148,7.453825950622559
train_loss_kd,16,1767806239.3764586,7.333213806152344
train_loss_kd,16,1767848581.1530397,7.35618257522583
train_loss_kd,17,1767806275.4321377,7.244595050811768
train_loss_kd,17,1767848617.62214,7.270835876464844
train_loss_kd,18,1767806311.5241373,7.1577067375183105
train_loss_kd,18,1767848654.0703669,7.181461334228516
train_loss_kd,19,1767806347.5229678,7.116420745849609
train_loss_kd,19,1767848690.552713,7.118287086486816
train_loss_kd,20,1767806383.555928,7.059175491333008
train_loss_kd,20,1767848727.0702708,7.067657470703125
train_loss_kd,21,1767806419.5758162,7.008423328399658
train_loss_kd,21,1767848763.4667568,7.006802558898926
train_loss_kd,22,1767806455.7053032,6.972044467926025
train_loss_kd,22,1767848799.8622155,6.975978374481201
train_loss_kd,23,1767806491.890014,6.923737049102783
train_loss_kd,23,1767848836.3214643,6.928944110870361
train_loss_kd,24,1767806527.8754182,6.8999128341674805
train_loss_kd,24,1767848872.766734,6.884998321533203
train_loss_kd,25,1767806563.9922802,6.852529048919678
train_loss_kd,25,1767848909.1998575,6.858881950378418
train_loss_kd,26,1767806600.1454854,6.823800086975098
train_loss_kd,26,1767848945.8052368,6.833144664764404
train_loss_kd,27,1767806636.0847213,6.7831339836120605
train_loss_kd,27,1767848982.2151299,6.79691743850708
train_loss_kd,28,1767806672.1904461,6.761479377746582
train_loss_kd,28,1767849018.6623476,6.761915683746338
train_loss_kd,29,1767806708.2329674,6.738929271697998
train_loss_kd,29,1767849055.0945144,6.736631870269775
train_loss_kd,30,1767806744.371776,6.70855712890625
train_loss_kd,30,1767849091.4810286,6.71981143951416
train_loss_kd,31,1767806780.3416133,6.700770854949951
train_loss_kd,31,1767849127.9076042,6.692014217376709
train_loss_kd,32,1767806816.327439,6.679527282714844
train_loss_kd,32,1767849164.3613122,6.672881126403809
train_loss_kd,33,1767806852.2712219,6.677435398101807
train_loss_kd,33,1767849200.6812086,6.668545722961426
train_loss_kd,34,1767806888.0732362,6.651493549346924
train_loss_kd,34,1767849237.060823,6.653670787811279
train_loss_kd,35,1767806924.016735,6.650359630584717
train_loss_kd,35,1767849273.6654348,6.638640403747559
train_loss_kd,36,1767806959.8972714,6.61865234375
train_loss_kd,36,1767849310.0799785,6.624117374420166
train_loss_kd,37,1767806995.7976635,6.616084575653076
train_loss_kd,37,1767849346.5335386,6.5993733406066895
train_loss_kd,38,1767807032.0339756,6.598198413848877
train_loss_kd,38,1767849382.9696689,6.579459190368652
train_loss_kd,39,1767807068.1329646,6.5733137130737305
train_loss_kd,39,1767849419.35786,6.583024501800537
train_loss_kd,40,1767807104.1507034,6.561063289642334
train_loss_kd,40,1767849455.660883,6.573410511016846
train_loss_kd,41,1767807140.2387867,6.5550127029418945
train_loss_kd,41,1767849492.0215387,6.567151069641113
train_loss_kd,42,1767807176.2404275,6.543221950531006
train_loss_kd,42,1767849528.5883172,6.548097610473633
train_loss_kd,43,1767807212.1380212,6.536805629730225
train_loss_kd,43,1767849565.0245044,6.543876647949219
train_loss_kd,44,1767807248.0127249,6.5313897132873535
train_loss_kd,44,1767849601.399735,6.530281066894531
train_loss_kd,45,1767807283.9550343,6.530777454376221
train_loss_kd,45,1767849637.9227462,6.519253730773926
train_loss_kd,46,1767807319.8385675,6.525793075561523
train_loss_kd,46,1767849674.3627763,6.514386177062988
train_loss_kd,47,1767807355.7874627,6.51448392868042
train_loss_kd,47,1767849710.7353532,6.499598979949951
train_loss_kd,48,1767807391.9102764,6.494616985321045
train_loss_kd,48,1767849747.1749096,6.490407466888428
train_loss_kd,49,1767807427.9655833,6.482945442199707
train_loss_kd,49,1767849783.5424552,6.488780975341797
train_loss_kd,50,1767807464.3114576,6.490633487701416
train_loss_kd,50,1767849820.117544,6.473300457000732
train_loss_kd,51,1767807500.5923553,6.487183094024658
train_loss_kd,51,1767849856.5845468,6.471683025360107
train_loss_kd,52,1767807536.921827,6.458306312561035
train_loss_kd,52,1767849893.109098,6.458713531494141
train_loss_kd,53,1767807573.243892,6.450832366943359
train_loss_kd,53,1767849929.5207207,6.452094554901123
train_loss_kd,54,1767807609.4720414,6.453128814697266
train_loss_kd,54,1767849966.058683,6.452172756195068
train_loss_kd,55,1767807645.7904088,6.444779396057129
train_loss_kd,55,1767850002.5212133,6.439870834350586
train_loss_kd,56,1767807682.211823,6.426929950714111
train_loss_kd,56,1767850038.9943128,6.442060947418213
train_loss_kd,57,1767807718.4916608,6.424699783325195
train_loss_kd,57,1767850075.3519661,6.420722007751465
train_loss_kd,58,1767807754.7831063,6.428635597229004
train_loss_kd,58,1767850111.8503861,6.423140525817871
train_loss_kd,59,1767807790.8795197,6.433126449584961
train_loss_kd,59,1767850148.162764,6.431155204772949
train_loss_kd,60,1767807826.7005975,6.417019844055176
train_loss_kd,60,1767850184.484564,6.414191722869873
train_loss_kd,61,1767807862.553026,6.40519905090332
train_loss_kd,61,1767850221.4614944,6.416842937469482
train_loss_kd,62,1767807898.4219997,6.415153980255127
train_loss_kd,62,1767850257.754392,6.413747787475586
train_loss_kd,63,1767807934.3425934,6.4019246101379395
train_loss_kd,63,1767850294.0670962,6.388265609741211
train_loss_kd,64,1767807970.344571,6.401978969573975
train_loss_kd,64,1767850330.4069939,6.401122570037842
train_loss_kd,65,1767808006.329166,6.395830154418945
train_loss_kd,65,1767850366.745887,6.389085292816162
train_loss_kd,66,1767808042.4068017,6.389805793762207
train_loss_kd,66,1767850403.0694256,6.381320476531982
train_loss_kd,67,1767808078.8210046,6.383748531341553
train_loss_kd,67,1767850439.4109275,6.384220123291016
train_loss_kd,68,1767808115.1633258,6.367929458618164
train_loss_kd,68,1767850475.7677393,6.376631736755371
train_loss_kd,69,1767808151.606681,6.376614570617676
train_loss_kd,69,1767850512.1906865,6.369431018829346
train_loss_kd,70,1767808187.9267366,6.3812360763549805
train_loss_kd,70,1767850548.480505,6.362630844116211
train_loss_kd,71,1767808224.2766004,6.359158992767334
train_loss_kd,71,1767850584.8848403,6.360299110412598
train_loss_kd,72,1767808260.6012146,6.360602378845215
train_loss_kd,72,1767850621.2401192,6.362738609313965
train_loss_kd,73,1767808296.9015532,6.349295139312744
train_loss_kd,73,1767850657.5886438,6.3553571701049805
train_loss_kd,74,1767808333.1667593,6.347067356109619
train_loss_kd,74,1767850693.9216192,6.356722354888916
train_loss_kd,75,1767808369.5716736,6.355942249298096
train_loss_kd,75,1767850730.130106,6.349273204803467
train_loss_kd,76,1767808406.0959017,6.337906360626221
train_loss_kd,76,1767850766.8373318,6.345954895019531
train_loss_kd,77,1767808442.7015603,6.346249103546143
train_loss_kd,77,1767850803.4466243,6.357102394104004
train_loss_kd,78,1767808479.242794,6.348092079162598
train_loss_kd,78,1767850840.1726112,6.348625659942627
train_loss_kd,79,1767808516.1735528,6.343829154968262
train_loss_kd,79,1767850877.2233977,6.340922832489014
train_loss_kd,80,1767808552.4469807,6.33372163772583
train_loss_kd,80,1767850913.5734882,6.325910568237305
train_loss_kd,81,1767808588.4244254,6.3483967781066895
train_loss_kd,81,1767850949.9726741,6.344237327575684
train_loss_kd,82,1767808624.361372,6.330533981323242
train_loss_kd,82,1767850986.329339,6.323227405548096
train_loss_kd,83,1767808660.291122,6.329458713531494
train_loss_kd,83,1767851022.6213346,6.323827266693115
train_loss_kd,84,1767808696.223003,6.321383476257324
train_loss_kd,84,1767851058.9435923,6.321730613708496
train_loss_kd,85,1767808732.1573339,6.304754257202148
train_loss_kd,85,1767851095.2377963,6.318922519683838
train_loss_kd,86,1767808768.117456,6.319262981414795
train_loss_kd,86,1767851131.6121948,6.315191268920898
train_loss_kd,87,1767808804.096413,6.299962520599365
train_loss_kd,87,1767851168.0370347,6.311230659484863
train_loss_kd,88,1767808839.9667907,6.308629989624023
train_loss_kd,88,1767851204.3398364,6.306424140930176
train_loss_kd,89,1767808875.9394913,6.307616233825684
train_loss_kd,89,1767851240.688892,6.3083014488220215
train_loss_kd,90,1767808911.8780117,6.29941987991333
train_loss_kd,90,1767851277.0844603,6.309492588043213
train_loss_kd,91,1767808948.158729,6.297799587249756
train_loss_kd,91,1767851313.3891494,6.302462100982666
train_loss_kd,92,1767808984.0448053,6.29728889465332
train_loss_kd,92,1767851349.7626147,6.2910380363464355
train_loss_kd,93,1767809020.0099688,6.286384582519531
train_loss_kd,93,1767851386.1056771,6.2907304763793945
train_loss_kd,94,1767809055.8654468,6.271450519561768
train_loss_kd,94,1767851422.6697397,6.2932448387146
train_loss_kd,95,1767809091.6561675,6.280228137969971
train_loss_kd,95,1767851458.960713,6.297448635101318
train_loss_kd,96,1767809127.5747857,6.286417007446289
train_loss_kd,96,1767851495.3319545,6.296819686889648
train_loss_kd,97,1767809163.4817605,6.285212516784668
train_loss_kd,97,1767851531.7863789,6.287392616271973
train_loss_kd,98,1767809199.6825194,6.278300762176514
train_loss_kd,98,1767851568.2804027,6.263233661651611
train_loss_kd,99,1767809235.7092261,6.270978927612305
train_loss_kd,99,1767851604.6637712,6.287391662597656
train_loss_kd,100,1767809271.5941865,6.27738094329834
train_loss_kd,100,1767851641.0729737,6.287487030029297
train_loss_kd,101,1767809307.8667362,6.269011497497559
train_loss_kd,101,1767851677.3065984,6.267292499542236
train_loss_kd,102,1767809344.0163844,6.281573295593262
train_loss_kd,102,1767851713.580875,6.267307758331299
train_loss_kd,103,1767809380.0645165,6.261112689971924
train_loss_kd,103,1767851749.9314854,6.26603364944458
train_loss_kd,104,1767851786.2106092,6.26497220993042
train_loss_kd,105,1767851822.4935243,6.26224946975708
train_loss_kd,106,1767851858.9164662,6.266361236572266
train_loss_kd,107,1767851895.2907133,6.278915882110596
train_loss_kd,108,1767851931.6402178,6.2734785079956055
train_loss_kd,109,1767851968.0448313,6.256370544433594
train_loss_kd,110,1767852004.3054664,6.251654624938965
train_loss_kd,111,1767852040.763873,6.249516487121582
train_loss_kd,112,1767852077.2059546,6.252429962158203
train_loss_kd,113,1767852113.5957994,6.24709939956665
train_loss_kd,114,1767852149.9977405,6.241989612579346
train_loss_kd,115,1767852186.3325522,6.238221168518066
train_loss_kd,116,1767852222.618195,6.231491565704346
train_loss_kd,117,1767852258.9288225,6.245757102966309
train_loss_kd,118,1767852295.2404773,6.23652458190918
train_loss_kd,119,1767852331.656857,6.231630325317383
train_loss_kd,120,1767852368.116744,6.242607593536377
train_loss_kd,121,1767852404.362256,6.224002361297607
train_loss_kd,122,1767852440.644239,6.213968276977539
train_loss_kd,123,1767852476.9694676,6.221540927886963
train_loss_kd,124,1767852513.2765038,6.233954906463623
train_loss_kd,125,1767852549.5573118,6.235846042633057
train_loss_kd,126,1767852585.875883,6.228978633880615
train_loss_kd,127,1767852622.3252366,6.226013660430908
train_loss_kd,128,1767852658.6103044,6.214425563812256
train_loss_kd,129,1767852694.9368694,6.227375507354736
train_loss_kd,130,1767852731.2857318,6.21445894241333
train_loss_kd,131,1767852767.6659646,6.218086242675781
train_loss_kd,132,1767852803.987712,6.212248802185059
train_loss_kd,133,1767852840.3334525,6.214420318603516
train_loss_kd,134,1767852876.6467216,6.208559036254883
train_loss_kd,135,1767852913.0183437,6.201227188110352
train_loss_kd,136,1767852949.423186,6.195894718170166
train_loss_kd,137,1767852985.7111251,6.188191890716553
train_loss_kd,138,1767853022.0783913,6.19947624206543
train_loss_kd,139,1767853058.4620974,6.188841819763184
train_loss_kd,140,1767853094.8251762,6.213714599609375
train_loss_kd,141,1767853131.146864,6.186671733856201
train_loss_kd,142,1767853167.4946368,6.188442230224609
train_loss_kd,143,1767853203.8805542,6.183198928833008
train_loss_kd,144,1767853240.195591,6.2023468017578125
train_loss_kd,145,1767853276.4326072,6.207425594329834
train_loss_kd,146,1767853312.7045858,6.191135883331299
train_loss_kd,147,1767853349.1523266,6.1852030754089355
train_loss_kd,148,1767853385.415824,6.195078372955322
train_loss_kd,149,1767853421.6900294,6.17880392074585
train_loss_kd,150,1767853457.9829507,6.1879987716674805
train_loss_kd,151,1767853494.3106298,5.505103588104248
train_loss_kd,152,1767853530.7574246,5.110836029052734
train_loss_kd,153,1767853567.096506,4.901150703430176
train_loss_kd,154,1767853603.3857324,4.7855963706970215
train_loss_kd,155,1767853639.7501268,4.697004795074463
train_loss_kd,156,1767853676.0829551,4.626832008361816
train_loss_kd,157,1767853712.5022323,4.566800594329834
train_loss_kd,158,1767853748.8253171,4.522953510284424
train_loss_kd,159,1767853785.2669427,4.485995769500732
train_loss_kd,160,1767853821.6862037,4.455301284790039
train_loss_kd,161,1767853858.0320232,4.425471782684326
train_loss_kd,162,1767853894.2980108,4.38864803314209
train_loss_kd,163,1767853930.562351,4.379382133483887
train_loss_kd,164,1767853966.8118646,4.3601393699646
train_loss_kd,165,1767854003.1108112,4.345607757568359
train_loss_kd,166,1767854039.4936795,4.335692882537842
train_loss_kd,167,1767854076.015035,4.314675807952881
train_loss_kd,168,1767854112.3998358,4.305625915527344
train_loss_kd,169,1767854148.7669785,4.299515724182129
train_loss_kd,170,1767854185.107593,4.290684223175049
train_loss_kd,171,1767854221.533753,4.282505989074707
train_loss_kd,172,1767854257.9969068,4.2805867195129395
train_loss_kd,173,1767854294.375239,4.286990642547607
train_loss_kd,174,1767854330.6785908,4.282074451446533
train_loss_kd,175,1767854367.077971,4.277860641479492
train_loss_kd,176,1767854403.6589255,4.2785964012146
train_loss_kd,177,1767854440.152873,4.272471904754639
train_loss_kd,178,1767854476.7974124,4.283700942993164
train_loss_kd,179,1767854513.2997162,4.284210205078125
train_loss_kd,180,1767854549.8528476,4.275937557220459
train_loss_kd,181,1767854586.3712456,4.0646772384643555
train_loss_kd,182,1767854622.8543248,3.9405741691589355
train_loss_kd,183,1767854659.2354972,3.8822453022003174
train_loss_kd,184,1767854695.632035,3.8521389961242676
train_loss_kd,185,1767854731.97643,3.8245744705200195
train_loss_kd,186,1767854768.331159,3.810295581817627
train_loss_kd,187,1767854804.649664,3.7993595600128174
train_loss_kd,188,1767854840.9273083,3.783051013946533
train_loss_kd,189,1767854877.3701544,3.7670605182647705
train_loss_kd,190,1767854913.9598532,3.7664778232574463
train_loss_kd,191,1767854950.5319319,3.749699831008911
train_loss_kd,192,1767854987.0580344,3.7374885082244873
train_loss_kd,193,1767855023.7114697,3.732869863510132
train_loss_kd,194,1767855060.2129962,3.7275049686431885
train_loss_kd,195,1767855096.611278,3.7252635955810547
train_loss_kd,196,1767855132.989533,3.713080406188965
train_loss_kd,197,1767855169.3375602,3.71305775642395
train_loss_kd,198,1767855205.547964,3.7081241607666016
train_loss_kd,199,1767855241.779657,3.6965439319610596
train_loss_kd,200,1767855280.053959,3.689211130142212
train_loss_kd,201,1767855321.576302,3.685349702835083
train_loss_kd,202,1767855357.936608,3.6824841499328613
train_loss_kd,203,1767855394.2002249,3.6796371936798096
train_loss_kd,204,1767855430.4181285,3.675424575805664
train_loss_kd,205,1767855466.6659837,3.663604736328125
train_loss_kd,206,1767855502.996533,3.6571052074432373
train_loss_kd,207,1767855539.099851,3.6558732986450195
train_loss_kd,208,1767855575.4309955,3.6547799110412598
train_loss_kd,209,1767855611.7752345,3.6567676067352295
train_loss_kd,210,1767855648.0866203,3.6451146602630615
train_loss_kd,211,1767855684.4051118,3.6238980293273926
train_loss_kd,212,1767855720.7778382,3.612130641937256
train_loss_kd,213,1767855757.0452797,3.6020777225494385
train_loss_kd,214,1767855793.381046,3.5986433029174805
train_loss_kd,215,1767855829.7504642,3.598543882369995
train_loss_kd,216,1767855866.0731215,3.5992846488952637
train_loss_kd,217,1767855902.4154856,3.5904083251953125
train_loss_kd,218,1767855938.6857073,3.5941431522369385
train_loss_kd,219,1767855975.040327,3.5939674377441406
train_loss_kd,220,1767856011.4165275,3.591480016708374
train_loss_kd,221,1767856047.8213663,3.5896196365356445
train_loss_kd,222,1767856084.0318317,3.587719678878784
train_loss_kd,223,1767856120.3224373,3.588444948196411
train_loss_kd,224,1767856156.5155942,3.587484359741211
train_loss_kd,225,1767856192.845974,3.5846426486968994
train_loss_kd,226,1767856229.1337764,3.584825038909912
train_loss_kd,227,1767856265.4283986,3.5829758644104004
train_loss_kd,228,1767856301.6985102,3.57673716545105
train_loss_kd,229,1767856337.8779774,3.5776526927948
train_loss_kd,230,1767856374.253808,3.5765676498413086
train_loss_kd,231,1767856410.5635161,3.5846190452575684
train_loss_kd,232,1767856446.7969892,3.5820634365081787
train_loss_kd,233,1767856483.2318826,3.5826306343078613
train_loss_kd,234,1767856519.6650407,3.581514358520508
train_loss_kd,235,1767856555.9896536,3.579007625579834
train_loss_kd,236,1767856592.3153486,3.579293966293335
train_loss_kd,237,1767856628.6745288,3.5809154510498047
train_loss_kd,238,1767856665.258136,3.5757718086242676
train_loss_kd,239,1767856701.5955884,3.5738346576690674
train_loss_kd,240,1767856737.8596373,3.5734140872955322
